First Name,Last Name,Full Name,Title,Company,Company Domain,Company Website,City,State,LinkedIn URL,Business Email,Email Status,Direct/Mobile Phone,Office Phone,Person Source URL,Person Evidence,Company Source URL 1,Company Evidence 1,Company Source URL 2,Company Evidence 2,Investor Lending Evidence,Outside Lender/Broker Evidence,Products Found,1-4 Unit Evidence,Business Model,Current Employment Verified,Geography Qualified,Competitor Check,Existing CV3 Duplicate Check,DNC Status,Research Date,Qualification Status,Review Notes,Exclusion Reason
Scott,Kepler,Scott Kepler,Founder & President,"Mortgage Approval Group, LLC",mortgageapprovalgroup.com,https://mortgageapprovalgroup.com/,Tampa,FL,,,NONE,,(813) 255-2557,https://mortgageapprovalgroup.com/loan-officers/scott-kepler,"Scott Kepler is the Founder and President of Mortgage Approval Group, LLC and has worked in mortgage lending for more than 25 years. Scott continues to work directly with clients and referral partners.",https://mortgageapprovalgroup.com/,"Mortgage Approval Group is an independent Florida mortgage broker helping homebuyers, homeowners and real estate investors find the right financing from a broad network of wholesale lenders.",https://mortgageapprovalgroup.com/loan-officers/scott-kepler,"As an independent mortgage brokerage, Mortgage Approval Group works with a broad network of wholesale lenders, giving its loan officers the ability to evaluate multiple financing solutions rather than being limited to the products of a single lender.",Homepage program list includes DSCR Investor Loans. Scott's program list includes DSCR Loans.,Independent mortgage brokerage with a broad network of wholesale lenders; Scott can compare loan programs and lenders.,DSCR; bank statement; renovation; jumbo; conventional; FHA; VA; HELOC,FAQ on the company site: Can I get a DSCR investment property loan for a rental in Tampa Bay?,BROKER,YES,YES,PASS,PRIOR_WORKBOOK_NOT_SUPPLIED,NOT_YET_SCREENED,2026-09-29,QUALIFIED,"Office: 2918 Busch Lake Blvd, Suite A, Tampa, FL 33614. Personal NMLS 833792. Company NMLS 1742769. Also originates owner-occupied loans; DSCR investor loans are an advertised product and he is a producing founder.",
Jennifer,Kirby,Jennifer Kirby,Loan Officer,Loan Factory Inc,dscrdirect.net,https://dscrdirect.net/,San Jose,CA,,jennifer@dscrdirect.net,PUBLIC,(202) 709-9035,,https://dscrdirect.net/about,"Loan Officer, DSCR Direct, NMLS# 2672337. DSCR Direct is operated by Jennifer Kirby, a licensed mortgage broker specializing exclusively in investor loans for real estate investors.",https://dscrdirect.net/about,"We shop your scenario across hundreds of wholesale lenders and match you to the best combination of rate, terms, and speed.",https://dscrdirect.net/about,"DSCR Direct operates through Loan Factory Inc (NMLS# 320841), one of the largest wholesale mortgage brokerage platforms in the country.","Exclusively DSCR loans for real estate investors, plus fix and flip and ground-up construction.",Shops the scenario across hundreds of wholesale lenders through Loan Factory Inc.,DSCR; fix and flip; ground-up construction; foreign national; ITIN; condotel; blanket,This platform facilitates business-purpose loans secured by 1-4 unit investment properties.,BROKER,YES,YES,PASS,PRIOR_WORKBOOK_NOT_SUPPLIED,NOT_YET_SCREENED,2026-09-29,QUALIFIED,"Published brokerage address on the about page is Loan Factory Inc, 2195 Tully Rd, San Jose, CA 95122. Phone area code is 202. Published street address is in California, not NY, ND, or SD. Personal NMLS 2672337. Company NMLS 320841.",
Tim,Popp,Tim Popp,Branch Manager,"West Capital Lending, Inc.",westcapitallending.com,https://westcapitallending.com/,Troy,MI,,,NONE,(949) 379-1191,,https://timpopploans.com/about-tim-popp/,"Licensed Mortgage Loan Originator, West Capital Lending. Branch Manager at West Capital Lending, NMLS #2039627, running my own shop, with access to 120+ wholesale lender partners. Page updated June 4, 2026.",https://timpopploans.com/about-tim-popp/,I shop your deal across 120+ lenders. That's the entire point of working with a broker.,https://timpopploans.com/about-tim-popp/,"Lender Network: 120+ Wholesale Partners. Branch office listed at 755 West Big Beaver Road, Suite 1725, Troy, MI 48084.","DSCR Loans: Qualify on rental income, not your W-2. Close in your LLC. The investor's go-to.","Shops the file across 120+ wholesale lender partners, including Rocket Pro TPO.",DSCR; bank statement; VA investor; HELOC; jumbo; 40-year interest-only,"DSCR loans described as qualifying on rental income and closing in an LLC, presented as the investor product. The page does not print the exact phrase 1-4 unit.",BROKER,YES,YES,PASS,PRIOR_WORKBOOK_NOT_SUPPLIED,NOT_YET_SCREENED,2026-09-29,QUALIFIED,"Branch NMLS 2609986. Company NMLS 1566096. CA DRE 02426959. License list includes ND and SD, but the published branch office is Troy, Michigan, and headquarters are Irvine, California. He also offers owner-occupied products.",
Victor,Santos,Victor Santos,Founder and Senior Loan Officer,OnPoint Mortgage Pro,onpointmortgagepro.com,https://onpointmortgagepro.com/,Irvine,CA,,,NONE,,(877) 870-0007,https://onpointmortgagepro.com/,"Victor Santos, Senior Loan Officer, personal NMLS #888844. He shops your file across 20+ wholesale lenders. Victor entered mortgage in 2002 and has been writing loans as a licensed LO since 2005.",https://onpointmortgagepro.com/about/,We're a licensed wholesale mortgage broker. We don't fund the loan ourselves — that's the point.,https://onpointmortgagepro.com/,"Headquartered in Irvine, California. As a wholesale broker we route your file to the lender that prices best. 20+ lenders compete for your file.","Investors & Self-Employed: DSCR loans on rentals, Bank Statement for self-employed, Foreign National, ITIN.",Licensed wholesale mortgage broker that does not fund the loan and compares 20+ wholesale lenders.,DSCR; bank statement; non-QM; jumbo; conventional; FHA; VA; HELOC,DSCR loans on rentals. The pages reviewed do not print the exact phrase 1-4 unit.,BROKER,YES,YES,PASS,PRIOR_WORKBOOK_NOT_SUPPLIED,NOT_YET_SCREENED,2026-09-29,QUALIFIED,Company NMLS on the specialist card is 2134550; personal NMLS on that card is 888844. An earlier about-page header places 2134550 next to his bio. The specialist block separates personal and company NMLS numbers. CA DFPI company license 60DBO-140540. He personally handles a working file load.,
Stephen,Mannenbach,Stephen Robert Mannenbach,Managing Member & CEO,Loan Daddy LLC,dscrloan.loan,https://dscrloan.loan/,Scottsdale,AZ,,steve@loandaddy.ai,PUBLIC,,(480) 485-1229,https://dscrloan.loan/about,"Stephen Robert Mannenbach, J.D., M.B.A., serves as Managing Member & CEO of Loan Daddy LLC. He is an Arizona licensed real estate salesperson.",https://dscrloan.loan/about,We are a mortgage broker — not a lender — specializing in business-purpose DSCR loans on non-owner-occupied investment property. Loans are funded by authorized wholesale lender partners.,https://dscrloan.loan/,"Loan Daddy LLC arranges loans through authorized wholesale lender partners and does not make credit decisions. Broker, not a lender — loans funded by wholesale partners.","Business-purpose DSCR loans on non-owner-occupied investment property. About page also lists hard money, bridge, and portfolio lending.",Arranges and does not fund loans; files go to authorized wholesale lender partners.,DSCR; hard money; bridge; portfolio,Homepage illustrative buy-and-hold scenario is labeled 5 Single-Family Rentals and is presented as a brokered DSCR file. Scenario is marked illustrative.,BROKER,YES,YES,PASS,PRIOR_WORKBOOK_NOT_SUPPLIED,NOT_YET_SCREENED,2026-09-29,QUALIFIED,"Published address: 4111 N Drinkwater Blvd, Apt F202, Scottsdale, AZ 85251. Company NMLS 2827624. AZ CMB-2016143. CA CFL application pending. Role is ownership of a small brokerage formed to place investor loans, not a separate loan-officer title.",
Micah,Foster,Micah Foster,Founder & CEO,Capital Kings LLC,capitalkings.co,https://capitalkings.co/,Houston,TX,https://www.linkedin.com/in/micah-foster-95b24a192,micah@capitalkings.co,PUBLIC,(281) 636-5682,,https://capitalkings.co/,"Micah Foster, Founder & CEO, Capital Kings LLC. My job is to shop it, explain every line in plain English and help get it closed.",https://capitalkings.co/,"We're a broker. Instead of pushing one lender's loan, we send your deal to the lenders in our 400+ lender network that fit it.",https://www.linkedin.com/in/micah-foster-95b24a192,"Public LinkedIn profile: Founder & Mortgage Broker at Capital Kings LLC, current, Houston, Texas. Texas-based hard money and non-QM brokerage with 400+ lenders.","Site programs include DSCR Rental, Fix & Flip, and New Construction / New Build.",Broker that places the deal with a 400+ lender network and shows lender options side by side.,DSCR rental; fix and flip; new construction; bridge,DSCR Rental and fix-and-flip programs for real estate investors. Homepage text reviewed does not print the exact phrase 1-4 unit.,BROKER,YES,YES,PASS,PRIOR_WORKBOOK_NOT_SUPPLIED,NOT_YET_SCREENED,2026-09-29,QUALIFIED,"Street address was not on the homepage. City is taken from the public LinkedIn current-role location (Houston, Texas) and the 281 phone number published on the site. Email is published on the public LinkedIn profile.",
Justin,Lazzaro,Justin Lazzaro,Mortgage Broker,"Reasy Financial, LLC",lazzarolending.com,https://lazzarolending.com/,Peoria,AZ,,,NONE,(412) 638-4982,,https://lazzarolending.com/,"I'm Justin Lazzaro. I help buyers and homeowners across Arizona, Pennsylvania, Florida, and Texas compare loan programs. NMLS #1229453.",https://lazzarolending.com/loan-options/dscr-home-loan,"I am licensed in Arizona, Pennsylvania, Florida, and Texas, and I compare DSCR programs across multiple wholesale lenders.",https://lazzarolending.com/,"As a mortgage broker, I'm not limited to one bank's programs. I will compare it against the wholesale lenders I work with.",DSCR: a non-QM option for real estate investors. Qualifying is based on the property's rental income rather than your personal income.,Compares DSCR programs across multiple wholesale lenders and states he is not limited to one bank.,DSCR; bank statement; asset depletion; renovation; conventional; FHA; VA; jumbo,DSCR page describes rental-income qualification for investment property. The quote form on the homepage includes 2-4 Unit as a property type. Exact phrase 1-4 unit was not on the DSCR page.,HYBRID_BROKER,YES,YES,PASS,PRIOR_WORKBOOK_NOT_SUPPLIED,NOT_YET_SCREENED,2026-09-29,QUALIFIED,"Address: 14100 N 83rd Ave, Suite B-230, Peoria, AZ 85381. Company NMLS 2446155. Entity holds mortgage banker/lender license labels in AZ, FL, PA, and TX and the site says loans may be arranged through third party providers. Email on the page was obfuscated and was not recorded.",
Steve,Head,Steve Head,Mortgage Broker,Texas Premier Mortgage,txpremiermortgage.com,https://www.txpremiermortgage.com/,The Woodlands,TX,,,NONE,,(281) 627-4222,https://www.txpremiermortgage.com/steve-head-with-texas-premier-mortgage-top-dscr-broker/,Steve Head at Texas Premier Mortgage has guided hundreds of investors through DSCR mortgage loans. The company homepage identifies Steve Head as a top loan originator in Texas.,https://www.txpremiermortgage.com/,"As a mortgage broker, we have access to the best and newest programs on the market. We offer Conventional, FHA, VA, Jumbo, USDA, Bank Statement, DSCR, LLC, No Income, No Employment Loans.",https://www.txpremiermortgage.com/,UWM Diamond Status for Mortgage Brokers. UWM Originator Ranking: Steve Head is considered the Top 1% of Loan Officers in Texas.,DSCR loans that qualify investors using rental income instead of personal income. A published client note says a DSCR loan closed on a house in Tomball.,"The firm describes itself as a mortgage broker and publishes UWM Diamond Status for Mortgage Brokers, a wholesale-lender relationship.",DSCR; bank statement; LLC; conventional; FHA; VA; jumbo; foreign national,"DSCR article and a client note describe a DSCR loan on a house in Tomball, Texas. Homepage covers primary, second, and investment properties.",BROKER,YES,YES,PASS,PRIOR_WORKBOOK_NOT_SUPPLIED,NOT_YET_SCREENED,2026-09-29,QUALIFIED,"Office: 2001 Timberloch Pl. Ste 500, The Woodlands, TX 77380. NMLS #898360 is printed in the site footer and is not separately labeled personal versus company on that block. Named wholesale partner on the page is UWM.",
Brett,Dempsey,Brett Dempsey,Branch Manager,Crestmark Lending,crestmarklending.com,https://crestmarklending.com/,Southlake,TX,,,NONE,,(866) 655-8060,https://crestmarklending.com/dscr-loans/florida/,"Listed on the Florida DSCR lending team as Brett Dempsey, Branch Manager, NMLS #2014728. A Google review on the same page describes Brett Dempsey's DSCR loan work.",https://crestmarklending.com/dscr-loans/florida/,Crestmark Lending is an independent mortgage broker specializing in DSCR loans for real estate investors and is not affiliated with any bank. Crestmark Lending partners with 20+ DSCR lenders.,https://crestmarklending.com/dscr-loans/texas/,"As a mortgage broker, we help Texas real estate investors compare DSCR loan options from multiple lenders. We work with 20+ DSCR lenders.","DSCR-focused brokerage for rental purchases, refinances, cash-out, and portfolio growth.",Independent mortgage broker comparing 20+ wholesale DSCR lenders.,DSCR,"Texas DSCR page: investors purchasing single-family rentals. Florida page property selector includes Single-Family, Duplex, and Triplex.",BROKER,YES,YES,PASS,PRIOR_WORKBOOK_NOT_SUPPLIED,NOT_YET_SCREENED,2026-09-29,QUALIFIED,"Office printed on the Florida DSCR page: 1560 E Southlake Blvd., Suite 100, Southlake, TX 76092. Company NMLS 2789535. Same team block appears on the Texas DSCR page.",
Glen,Dicken,Glen Dicken,Senior Loan Officer,Crestmark Lending,crestmarklending.com,https://crestmarklending.com/,Southlake,TX,,,NONE,,(866) 655-8060,https://crestmarklending.com/dscr-loans/florida/,"Listed on the Florida DSCR lending team as Glen Dicken, Sr. Loan Officer, NMLS #313548. A review on the page refers to Glenn and his team on a Florida DSCR loan.",https://crestmarklending.com/dscr-loans/florida/,Crestmark Lending is an independent mortgage broker specializing in DSCR loans for real estate investors. Lower rates by comparing 20+ lenders across multiple wholesale DSCR programs.,https://lonestarfinancing.com/dscr-loans-texas/,"At Lone Star Financing, as a mortgage broker we shop your loan to 20+ investors. Lone Star Financing is described as a DBA of Crestmark Lending LLC, Company NMLS 2789535, Southlake, TX.",DSCR team member at a brokerage that shops rental-property DSCR loans.,Broker shop comparing 20+ wholesale DSCR lenders.,DSCR,"Lone Star Financing Texas DSCR page: financing a single-family rental, short-term rental, condo, or multi-unit property.",BROKER,YES,YES,PASS,PRIOR_WORKBOOK_NOT_SUPPLIED,NOT_YET_SCREENED,2026-09-29,QUALIFIED,"Spelling on the team block is Glen Dicken. A review uses Glenn. Office: 1560 E Southlake Blvd., Suite 100, Southlake, TX 76092.",
Jen,Papaelias,Jen Papaelias,Loan Officer,Crestmark Lending,crestmarklending.com,https://crestmarklending.com/,Southlake,TX,,,NONE,,(866) 655-8060,https://crestmarklending.com/dscr-loans/florida/,"Listed on the dedicated Florida DSCR lending team as Jen Papaelias, Loan Officer, NMLS #2692859.",https://crestmarklending.com/dscr-loans/florida/,"Independent mortgage broker specializing in DSCR loans for real estate investors, comparing 20+ lenders across multiple wholesale DSCR programs.",https://crestmarklending.com/dscr-loans/texas/,We compare rates across 20+ wholesale lenders and DSCR loan programs.,"Named on the company's DSCR specialist team, not a general consumer roster.",Employer is an independent broker shopping 20+ wholesale DSCR lenders.,DSCR,"Texas page discusses single-family rentals. Florida property selector includes single-family, duplex, and triplex.",BROKER,YES,YES,PASS,PRIOR_WORKBOOK_NOT_SUPPLIED,NOT_YET_SCREENED,2026-09-29,QUALIFIED,"First name is printed as Jen and was not expanded. Same Southlake, TX office as the company. Individual production beyond the DSCR team listing and NMLS was not separately biographed.",
Mark,Dusza,Mark Dusza,Senior Loan Officer,Crestmark Lending,crestmarklending.com,https://crestmarklending.com/,Southlake,TX,,,NONE,,(866) 655-8060,https://crestmarklending.com/dscr-loans/florida/,"Listed on the dedicated Florida DSCR lending team as Mark Dusza, Sr. Loan Officer, NMLS #860825.",https://crestmarklending.com/dscr-loans/florida/,Independent mortgage broker specializing in DSCR loans for real estate investors and comparing 20+ wholesale DSCR lenders.,https://crestmarklending.com/dscr-loans/texas/,Mortgage broker helping Texas investors compare DSCR options from multiple lenders.,Named on the company's DSCR specialist team.,Employer shops 20+ wholesale DSCR lenders and states it is not a bank.,DSCR,"Single-family rentals on the Texas DSCR page; single-family, duplex, and triplex on the Florida page selector.",BROKER,YES,YES,PASS,PRIOR_WORKBOOK_NOT_SUPPLIED,NOT_YET_SCREENED,2026-09-29,QUALIFIED,"Southlake, TX office. Company NMLS 2789535.",
Ryan,Wood,Ryan Wood,Loan Officer,Crestmark Lending,crestmarklending.com,https://crestmarklending.com/,Southlake,TX,,,NONE,,(866) 655-8060,https://crestmarklending.com/dscr-loans/florida/,"Listed on the dedicated Florida DSCR lending team as Ryan Wood, Loan Officer, NMLS #1757471.",https://crestmarklending.com/dscr-loans/florida/,"Independent mortgage broker specializing in DSCR loans, comparing 20+ lenders across wholesale DSCR programs.",https://crestmarklending.com/dscr-loans/texas/,"We work with 20+ DSCR lenders to offer competitive rates and flexible guidelines for rental purchases, refinances, cash-out, and portfolio growth.",Named on the DSCR specialist team for Florida and Texas pages.,Employer is an independent broker using 20+ wholesale DSCR lenders.,DSCR,Single-family rentals discussed on the Texas DSCR page.,BROKER,YES,YES,PASS,PRIOR_WORKBOOK_NOT_SUPPLIED,NOT_YET_SCREENED,2026-09-29,QUALIFIED,"Fifth named originator on the same DSCR team. Included because the page labels the group as DSCR specialists rather than a general consumer roster. Southlake, TX.",
Alex,Doce,Alex Doce,Principal,The Doce Mortgage Group,thedocegroup.com,https://thedocegroup.com/,Fort Lauderdale,FL,,,NONE,,(305) 661-3434,https://thedocegroup.com/dscr-loans/florida/,"Alex Doce has been originating Florida mortgages since 1987. Led by Alex Doce. Footer lists Alex Doce, NMLS #13817. Call line says speak directly with Alex Doce.",https://thedocegroup.com/dscr-loans/florida/,Our team works with a wide network of lenders to deliver competitive DSCR rates. The Doce Mortgage Group partners with some of the top DSCR funding sources in Florida and nationwide.,https://thedocegroup.com/dscr-loans/florida/,Recognized by WalletHub as one of the Best Mortgage Brokers in Fort Lauderdale. Headquartered in Fort Lauderdale.,"Florida DSCR loans that qualify on rental income rather than W-2s or tax returns, including long-term rentals, condos, and short-term rentals.",Described as mortgage brokers who use a wide network of lenders and DSCR funding sources rather than a single bank product.,DSCR; conventional; FHA; VA; USDA; jumbo; non-QM; foreign national,"Page discusses a Tampa duplex, Miami condos, and Orlando short-term rentals as DSCR properties.",BROKER,YES,YES,PASS,PRIOR_WORKBOOK_NOT_SUPPLIED,NOT_YET_SCREENED,2026-09-29,QUALIFIED,"Address: 2708 NE 37th Drive, Fort Lauderdale, FL 33308. Personal NMLS 13817. Company NMLS 2638131. Site also prints (800) 355-ALEX as a direct line; the vanity number was not converted.",
Chris,Luis,Christopher Luis,Broker/Owner,Mortgage-World.com,mortgage-world.com,https://www.mortgage-world.com/,Ridgefield,NJ,,,NONE,,888.958.5382,https://www.mortgage-world.com/,"Chris Luis, Broker/Owner, NMLS #1630225, has been a licensed loan officer since 2002. In 2017 he opened Mortgage-World.com as a family-owned brokerage. Office is in Ridgefield, NJ.",https://www.mortgage-world.com/,A mortgage broker shops the market on your behalf rather than selling one bank's product line.,https://www.mortgage-world.com/dscr-loans-in-florida/,Mortgage-World.com (NMLS #1630225) is a licensed Florida mortgage broker offering debt service coverage ratio loans through our lender network statewide.,"Florida DSCR page offers Standard DSCR, Reduced-Ratio DSCR, No Ratio DSCR, and DSCR Plus Assets for investment property.",Broker shops the market and offers DSCR loans through a lender network.,DSCR; conventional; investment property,Florida DSCR page: Yes. Mortgage-World.com offers DSCR loans on 1-4 unit investment properties across Florida.,BROKER,YES,YES,PASS,PRIOR_WORKBOOK_NOT_SUPPLIED,NOT_YET_SCREENED,2026-09-29,QUALIFIED,"Office: 535 Bergen Blvd, Suite 2, Ridgefield, NJ 07657. Licensed in New Jersey, Connecticut, and Florida. Florida license MLB 1987. Legal first name Christopher is printed on the team heading; Chris is the name used in the owner bio. Other loan officers at the firm are in review because their own pages do not show investor production.",
Brandon,Miller,Brandon Miller,"Founder & CEO, Mortgage Loan Originator",Lendmire LLC,lendmire.com,https://www.lendmire.com/,Boone,NC,,,NONE,,(828) 256-2183,https://www.lendmire.com/dscr-loans-baltimore/,"Reviewed by Brandon Miller, Founder & CEO, Mortgage Loan Originator, Lendmire LLC. NMLS# 1129696. Last reviewed September 26, 2026.",https://www.lendmire.com/dscr-loans-baltimore/,"Lendmire is a DSCR-focused mortgage brokerage, NMLS# 2371349. Lendmire operates as a licensed mortgage broker, not a direct lender or depository.",https://www.lendmire.com/dscr-loans-baltimore/,"Standard programs across primary wholesale partners. Office: 584 State Farm Rd., Suite 203, Boone, NC 28607.","DSCR investor loan programs for Baltimore row houses and small multifamily, qualified on rental income.","Licensed mortgage broker, not a direct lender, using primary wholesale partners.",DSCR; bank statement,Page contrasts Baltimore row houses with scattered single-family properties and discusses row-house and small multifamily investor loans. Row houses are 1-unit residential rentals.,BROKER,YES,YES,PASS,PRIOR_WORKBOOK_NOT_SUPPLIED,NOT_YET_SCREENED,2026-09-29,QUALIFIED,"The article is about Baltimore, Maryland properties. The company office and the reviewer's published address are Boone, North Carolina. Email on the page was obfuscated and was not recorded. He also holds a North Carolina real estate broker license.",
John,Madden,John Madden,Owner,Capital Funding Mortgage,capitalfundingmortgage.com,https://www.capitalfundingmortgage.com/,Newtown,PA,,johnfmadden@capitalfundingmortgage.com,PUBLIC,(215) 601-6724,,https://www.capitalfundingmortgage.com/dscr-loans-in-pennsylvania,"John Madden, owner of Capital Funding Mortgage, has been helping borrowers with mortgage financing for more than 25 years. John Madden NMLS 960748.",https://www.capitalfundingmortgage.com/dscr-loans-in-pennsylvania,"As a mortgage broker, Capital Funding Mortgage can compare DSCR programs from multiple wholesale lenders.",https://www.capitalfundingmortgage.com/dscr-loans-in-pennsylvania,"Capital Funding Mortgage Associates is an independent mortgage broker located in Newtown, Bucks County, PA, serving borrowers throughout Pennsylvania and New Jersey since 1999.","DSCR loan options for real estate investors in Pennsylvania and New Jersey, comparing programs when an investor does not fit one lender's guidelines.",Independent mortgage broker that compares DSCR programs from multiple wholesale lenders.,DSCR,"Page covers DSCR financing for investment properties in Bucks County, Newtown, the Philadelphia area, Pittsburgh, and New Jersey. It does not print the exact phrase 1-4 unit.",BROKER,YES,YES,PASS,PRIOR_WORKBOOK_NOT_SUPPLIED,NOT_YET_SCREENED,2026-09-29,QUALIFIED,"Newtown, PA 18940. Company NMLS 960139. Also serves New Jersey. New York is not an office location on this page.",
David,Kevelighan,David Kevelighan,Senior Mortgage Advisor,"Barrett Financial Group, L.L.C.",barrettfinancial.com,https://barrettfinancial.com/,Chandler,AZ,,davek@barrettfinancial.com,PUBLIC,303-520-0004,,https://davekevelighan.com/non-qm/,"Dave Kevelighan, Sr. Mortgage Advisor & Commercial Finance Consultant. Contact Dave Kevelighan regarding Non-QM loans today. NMLS #1662174.",https://davekevelighan.com/non-qm/,"Barrett Financial Group is an Equal Opportunity Mortgage Broker/Lender. As a broker, Barrett Financial Group is NOT individually approved by the FHA or HUD, but Barrett Financial Group is allowed to originate FHA loans based on their relationships with FHA approved lenders.",https://davekevelighan.com/non-qm/,"Over the past few years, many wholesale lenders have increased their offerings that include Non-QM loans. Published company address: 2701 East Insight Way, Suite 150, Chandler, AZ 85286.",Investment properties can qualify based on Debt Service Coverage Ratio (DSCR) of cash-flowing rental income.,"Firm identifies itself as a mortgage broker/lender that originates through relationships with approved lenders, and the non-QM page discusses wholesale-lender product menus.",DSCR; non-QM; bank statement; renovation; conventional; FHA; VA; jumbo,"DSCR is described for investment properties with cash-flowing rental income. The page does not print the exact phrase 1-4 unit. Loan amounts are advertised up to $10,000,000, so some production may be larger than 1-4 units.",HYBRID_BROKER,YES,YES,PASS,PRIOR_WORKBOOK_NOT_SUPPLIED,NOT_YET_SCREENED,2026-09-29,QUALIFIED,"Licensed for Arizona and Colorado. Services on the page are limited to people in Colorado or Arizona. Phone area code is 303. Street address on the page is Chandler, Arizona. He also markets reverse mortgages and commercial lending; DSCR is an explicit non-QM product on this page, so the record is not reverse-only. Company NMLS 181106.",
Adam,Styer,Adam Styer,Mortgage Broker,Kyber Mortgage Corporation dba HyperSmart Home Loans,styermortgage.com,https://styermortgage.com/,Austin,TX,,adam@thestyerteam.com,PUBLIC,(512) 956-6010,,https://styermortgage.com/dscr-loans-texas.html,Adam Styer (NMLS #513013) closes Texas DSCR loans for in-state and out-of-state buyers. I broker through 40+ wholesale lenders.,https://styermortgage.com/dscr-loans-texas.html,"As a broker with access to 40+ wholesale DSCR investors, I shop your scenario across multiple lenders.",https://styermortgage.com/,"Kyber Mortgage Corporation dba HyperSmart Home Loans is a Licensed Mortgage Broker in Texas. Principal address 9050 N. Capital of Texas Hwy, Ste 390, Austin, Texas 78759. Company NMLS 2653540.","Texas DSCR loans for single-family and short-term rentals, qualified on rental income rather than personal income.",Licensed Texas mortgage broker who shops 40+ wholesale DSCR lenders.,DSCR; bank statement; non-QM; jumbo; construction,Standard DSCR programs require 20 to 25 percent down for single-family and 2-4 unit properties.,BROKER,YES,YES,PASS,PRIOR_WORKBOOK_NOT_SUPPLIED,NOT_YET_SCREENED,2026-09-29,QUALIFIED,Personal NMLS 513013. Company NMLS 2653540. Email published on https://styermortgage.com/.,
Lauren,Hatmaker,Lauren Hatmaker,Owner/Mortgage Specialist,Bend Mortgage Brokers,bendmortgagebrokers.com,https://www.bendmortgagebrokers.com/,Bend,OR,,Lauren@BendMortgageBrokers.com,PUBLIC,(541) 510-8428,(541) 972-8616,https://www.bendmortgagebrokers.com/,"Lauren Hatmaker, Owner/Mortgage Specialist, NMLS 409651. Bio says she presents options for DSCR and rental property loans for investors. Matt, Lauren, and Chandler are licensed loan originators who work the file personally.",https://www.bendmortgagebrokers.com/,"Bend Mortgage Brokers is an independent mortgage broker serving Oregon, Washington, and Colorado — shopping dozens of mortgage lenders and banks.",https://www.bendmortgagebrokers.com/loan-program/dscr-loans/,We work with multiple lenders so we can match your property and numbers to the right fit rather than forcing everything through one program.,Lauren's bio covers DSCR and rental property loans. The DSCR program page covers short-term and long-term rentals.,Independent mortgage broker shopping dozens of lenders and placing the loan where it fits.,DSCR; fix and flip; construction; renovation; VA; conventional,"DSCR program page: short-term rentals and long-term rentals — 1-4 unit properties and condos, in Oregon, Washington, and Colorado.",BROKER,YES,YES,PASS,PRIOR_WORKBOOK_NOT_SUPPLIED,NOT_YET_SCREENED,2026-09-29,QUALIFIED,"Office: 150 NE Hawthorne Ave. STE 204, Bend, OR 97701. Company NMLS 2552455. Oregon ML-5420. Washington MB-1433297.",
Matt,Boytz,Matt Boytz,Branch Manager,Bend Mortgage Brokers,bendmortgagebrokers.com,https://www.bendmortgagebrokers.com/,Bend,OR,,Matt@BendMortgageBrokers.com,PUBLIC,(541) 359-7212,(541) 972-8616,https://www.bendmortgagebrokers.com/,"Matt Boytz, Branch Manager, NMLS 1294957. Bio cites experience with fix and flips and construction, renovation, FHA 203k, and HomeStyle renovation loans. Listed as a licensed loan originator who works the file personally.",https://www.bendmortgagebrokers.com/,"Independent mortgage broker shopping dozens of mortgage lenders. A mortgage broker works on the wholesale side and can compare rates across dozens of lenders, then place the loan where it fits best.",https://www.bendmortgagebrokers.com/loan-program/dscr-loans/,"DSCR loans for short-term and long-term rentals, matched across multiple lenders.","Personal bio: fix and flips, construction loans, and renovation loans. Company DSCR program is part of the same shop.",Wholesale broker that places loans with dozens of lenders.,Fix and flip; construction; renovation; DSCR,Company DSCR page states 1-4 unit properties and condos.,BROKER,YES,YES,PASS,PRIOR_WORKBOOK_NOT_SUPPLIED,NOT_YET_SCREENED,2026-09-29,QUALIFIED,"Bend, OR office. His personal bio emphasizes renovation and fix-and-flip more than DSCR; DSCR is a firm program.",
Andrew,Haff,Andrew Haff,Owner/CEO,Barren Hill Mortgage,barrenhillmortgage.com,https://barrenhillmortgage.com,Blue Bell,PA,,,NONE,,(215) 266-7167,https://barrenhillmortgage.com/about,"We find the one that fits your scenario. If your deal needs flexibility, strategy, or a second look — that’s where we come in. Meet Your Loan Officer Andrew Haff Owner/ CEO | NMLS# 1979618 Andrew Haff is a mortgage loan officer serving the Philadelphia area, including the Main Line and Montgomery County, known for",https://barrenhillmortgage.com/about,"idea — borrowers deserve options. As an independent mortgage broker, we’re not tied to one bank or one set of rates. We shop your loan across dozens of wholesale lenders to find the best combination of pricing, structure, and approval strategy. That means: Lower rates More flexibility Solutions that most retail lenders",https://barrenhillmortgage.com/about,Home About Our Team Learning Center Loan Programs Purchase Loans Refinance Options Non-QM Loans All Programs Commercial Loans Calculators Mortgage Calculator DSCR Calculator BRRRR Strategy Calculator The Cost of Waiting to Buy Debt-to-Income Calculator Extra Payments Calculator Mortgage Amount Calculator Fix & Flip,Home About Our Team Learning Center Loan Programs Purchase Loans Refinance Options Non-QM Loans All Programs Commercial Loans Calculators Mortgage Calculator DSCR Calculator BRRRR Strategy Calculator The Cost of Waiting to Buy Debt-to-Income Calculator Extra Payments Calculator Mortgage Amount Calculator Fix & Flip,"idea — borrowers deserve options. As an independent mortgage broker, we’re not tied to one bank or one set of rates. We shop your loan across dozens of wholesale lenders to find the best combination of pricing, structure, and approval strategy. That means: Lower rates More flexibility Solutions that most retail lenders",DSCR; Fix and flip; Non-QM; Bank statement,Fetched pages do not print a numeric 1-4 unit limit.,BROKER,YES,YES,PASS,PRIOR_WORKBOOK_NOT_SUPPLIED,NOT_YET_SCREENED,2026-09-30,QUALIFIED,Owner/founder of a page-verified broker shop. Investor and outside-lender language are company-level on the fetched pages.,
Steven,Parangi,Steven Parangi,Founder and Mortgage Loan Originator,"Alpine Mortgage Services, LLC",alpinebanker.com,https://www.alpinebanker.com,Montvale,NJ,,,NONE,,(201) 488-8809,https://www.alpinebanker.com/nj-mortgage,"number you can look up for free on NMLS Consumer Access at nmlsconsumeraccess.org. Alpine Mortgage Services, LLC operates under NMLS #56905 and founder Steven Parangi is a licensed mortgage loan originator (NMLS #76024) and attorney with over 20 years of experience in residential lending. How many wholesale lenders do you",https://www.alpinebanker.com/nj-mortgage,"based mortgage broker headquartered in Montvale, NJ, serving borrowers throughout the state since 2002. As an independent wholesale broker we shop multiple wholesale lenders to find the right loan program and best rate for each borrower's specific situation. Whether you're buying your first home in Hoboken, refinancing in",https://www.alpinebanker.com/nj-mortgage,"year of tax returns and closed on time. Different wholesale lenders have different documentation requirements. Finding the right one is the broker advantage. DSCR Short Term Rental A real estate investor wanted to take cash out of his Jersey Shore investment property, a home he rents out as a short term rental during","year of tax returns and closed on time. Different wholesale lenders have different documentation requirements. Finding the right one is the broker advantage. DSCR Short Term Rental A real estate investor wanted to take cash out of his Jersey Shore investment property, a home he rents out as a short term rental during","based mortgage broker headquartered in Montvale, NJ, serving borrowers throughout the state since 2002. As an independent wholesale broker we shop multiple wholesale lenders to find the right loan program and best rate for each borrower's specific situation. Whether you're buying your first home in Hoboken, refinancing in",DSCR; Hard money; Rental; Non-QM; Bank statement,Tennessee Texas Utah Vermont Virginia Washington West Virginia Wisconsin Wyoming Property Type * Select an Option Single Family Multi Family Townhouse Condominium Cooperative Raw Land Other Loan Purpose * Select an Option Purchase Refinance Debt,BROKER,YES,YES,PASS,PRIOR_WORKBOOK_NOT_SUPPLIED,NOT_YET_SCREENED,2026-09-30,QUALIFIED,Owner/founder of a page-verified broker shop. Investor and outside-lender language are company-level on the fetched pages.,
Harry,Hager,Harry Hager,Founder and Principal Mortgage Broker,"Rockhouse Mortgage, LLC",rhmlending.com,https://www.rhmlending.com,Leesburg,VA,,harry@rhmlending.com,PUBLIC,,703-999-0903,https://www.rhmlending.com/about,"About Harry Hager | Rockhouse Mortgage, LLC Home About Us Investor Loans Home Loans Local Areas Tools Blog Contact Apply Now About Harry Hager and Rockhouse Mortgage",https://www.rhmlending.com/about,"Founded by Harry Hager, Rockhouse helps real estate investors, homebuyers, homeowners and self-employed borrowers evaluate mortgage options across multiple wholesale lenders. Harry works directly with clients and referral partners to structure financing around the borrower, property, income documentation and transaction—not",https://www.rhmlending.com/about,works extensively with real estate investors and borrowers whose financing needs may not fit a traditional retail-bank model. Areas of focus include: DSCR loans for long-term and short-term rental properties Fix-and-flip and bridge financing Ground-up construction and renovation financing Bank-statement and,works extensively with real estate investors and borrowers whose financing needs may not fit a traditional retail-bank model. Areas of focus include: DSCR loans for long-term and short-term rental properties Fix-and-flip and bridge financing Ground-up construction and renovation financing Bank-statement and,"Founded by Harry Hager, Rockhouse helps real estate investors, homebuyers, homeowners and self-employed borrowers evaluate mortgage options across multiple wholesale lenders. Harry works directly with clients and referral partners to structure financing around the borrower, property, income documentation and transaction—not",DSCR; Fix and flip; Bridge; Rental; Non-QM,Fetched pages do not print a numeric 1-4 unit limit.,BROKER,YES,YES,PASS,PRIOR_WORKBOOK_NOT_SUPPLIED,NOT_YET_SCREENED,2026-09-30,QUALIFIED,Owner/founder of a page-verified broker shop. Investor and outside-lender language are company-level on the fetched pages.,
Sandro,Pansini Souza,Sandro Pansini Souza,Branch Manager and Founder,"Beyond Financing, Inc.",beyondfinancing.com,https://www.beyondfinancing.com,Saugus,MA,,pansini@beyondfinancing.com,PUBLIC,(857) 615-0836,(857) 410-1391,https://www.beyondfinancing.com/loan-officer/sandro-pansini-souza,"Sandro Pansini Souza | Beyond Financing, Inc. (NMLS #1625542) - Branch Manager (857) 410-1391 Home Home Purchase Home Refinance Mortgage Calculators Resources Loan Programs Loan",https://www.beyondfinancing.com/dscr-investor-loans,"founder and Branch Manager of Beyond Financing, Inc., I work as a mortgage broker and correspondent lender (depending on the state) and compare programs from multiple lenders and investors, so you are not limited to one bank's products. Born in Brazil, I serve clients in English, Portuguese and Spanish. My team and I help with",https://www.beyondfinancing.com/,Purchase Home Refinance Mortgage Calculators Resources Loan Programs Loan Process Mortgage Basics Online Forms FAQ ITIN Mortgage Loans Bank Statement Loans DSCR Investor Loans Foreign National Loans Atendimento em Português Lease-to-Own Program Atención en Español About Contact Blog Career Beyond Intelligence FAQ FAQ,Purchase Home Refinance Mortgage Calculators Resources Loan Programs Loan Process Mortgage Basics Online Forms FAQ ITIN Mortgage Loans Bank Statement Loans DSCR Investor Loans Foreign National Loans Atendimento em Português Lease-to-Own Program Atención en Español About Contact Blog Career Beyond Intelligence FAQ FAQ,"founder and Branch Manager of Beyond Financing, Inc., I work as a mortgage broker and correspondent lender (depending on the state) and compare programs from multiple lenders and investors, so you are not limited to one bank's products. Born in Brazil, I serve clients in English, Portuguese and Spanish. My team and I help with",DSCR; Rental; Non-QM; Bank statement,Fetched pages do not print a numeric 1-4 unit limit.,HYBRID_BROKER,YES,YES,PASS,PRIOR_WORKBOOK_NOT_SUPPLIED,NOT_YET_SCREENED,2026-09-30,QUALIFIED,Owner/founder of a page-verified broker shop. Investor and outside-lender language are company-level on the fetched pages.,
Dominick,Prevete,Dominick Prevete,Founder & CEO,National Loan Provider,dominickprevete.com,https://dominickprevete.com,Sparta,NJ,,dominick@dominickprevete.com,PUBLIC,(908) 220-6404,(908) 220-6404,https://dominickprevete.com/dscr-loan-new-jersey,DSCR Loans New Jersey | National Loan Provider NLP National Loan Provider Founded & Led by Dominick Prevete Price your loan (908) 220-6404 Call Loan Programs DSCR Loans DSCR Cash-Out Refinance Short-Term Rental DSCR No-Ratio DSCR Foreign National DSCR Rental,https://dominickprevete.com/dscr-loan-new-jersey,several on this list — so it lands with the one most likely to fund it. Price your loan → National Loan Provider is an independent broker and maintains wholesale relationships with some listed lenders. Appearing in this table is not an endorsement or a recommendation. NJ Investor FAQ Common questions from New Jersey investors. Do,https://dominickprevete.com/dscr-loan-new-jersey,DSCR Loans New Jersey | National Loan Provider NLP National Loan Provider Founded & Led by Dominick Prevete Price your loan (908) 220-6404 Call Loan Programs DSCR,DSCR Loans New Jersey | National Loan Provider NLP National Loan Provider Founded & Led by Dominick Prevete Price your loan (908) 220-6404 Call Loan Programs DSCR,several on this list — so it lands with the one most likely to fund it. Price your loan → National Loan Provider is an independent broker and maintains wholesale relationships with some listed lenders. Appearing in this table is not an endorsement or a recommendation. NJ Investor FAQ Common questions from New Jersey investors. Do,DSCR; Fix and flip; Bridge; Rental,"originations under the Home Mortgage Disclosure Act. We filtered New Jersey 's 2025 filings to closed-end loans on 1–4 unit investment properties: 19,037 loans totaling $8.07B across 454 lenders. These were the most active. Most active",BROKER,YES,YES,PASS,PRIOR_WORKBOOK_NOT_SUPPLIED,NOT_YET_SCREENED,2026-09-30,QUALIFIED,Owner/founder of a page-verified broker shop.,
Adam,Charney,Adam Charney,Owner,Chesapeake Bay Mortgage Empowered by NEXA,chesapeakebaymortgage.com,https://www.chesapeakebaymortgage.com,Cape Charles,VA,,acharney@nexalending.com,PUBLIC,(757) 996-5020,(757) 996-5020,https://www.chesapeakebaymortgage.com/,"Mortgage Free Tools Blog Pre Qualification Letter Refinance Analysis Mortgage Calculator Expert Guide to Fixed-Rate vs. Adjustable-Rate Mortgages About About Adam Charney Reviews FAQ Contact Us Locations Onancock, VA Chincoteague, VA Eastern Shore Onancock, VA Exmore, VA Chesapeake, VA Norfolk, VA Virginia Beach, VA Newport",https://www.chesapeakebaymortgage.com/,"broker or a direct lender? We are a mortgage broker. That means we are not tied to one bank. Through NEXA Lending, we have access to a wide network of wholesale lenders and help you compare competitive options for your situation. How many lenders can you work with? We work through NEXA Lending’s wholesale lender network,",https://www.chesapeakebaymortgage.com/,"no down payment and low interest rates. Explore USDA loan eligibility and agriculture home loans with rural lenders for first-time buyers. Fix & Flip Loan Fix and flip investors loans are short-term financing options designed for real estate investors. They provide quick capital to purchase, renovate, and sell properties","no down payment and low interest rates. Explore USDA loan eligibility and agriculture home loans with rural lenders for first-time buyers. Fix & Flip Loan Fix and flip investors loans are short-term financing options designed for real estate investors. They provide quick capital to purchase, renovate, and sell properties","broker or a direct lender? We are a mortgage broker. That means we are not tied to one bank. Through NEXA Lending, we have access to a wide network of wholesale lenders and help you compare competitive options for your situation. How many lenders can you work with? We work through NEXA Lending’s wholesale lender network,",Fix and flip,Fetched pages do not print a numeric 1-4 unit limit.,BROKER,YES,YES,PASS,PRIOR_WORKBOOK_NOT_SUPPLIED,NOT_YET_SCREENED,2026-09-30,QUALIFIED,Owner/founder of a page-verified broker shop. Investor and outside-lender language are company-level on the fetched pages.,
Travis,Penny,Travis Penny,Mortgage Broker,"Vision Mortgage, LLC",visionmortgage.me,https://visionmortgage.me,Portland,ME,,,NONE,,(207) 615-7770,https://travis.mortgage/dscr-loans/maine,Maine DSCR Loans for Investors | Travis Penny Skip to main content Travis Penny Maine Home Loans All Maine Home Loans → Maine FHA Loan FHA Down Payment Help Maine VA Loan Maine USDA Loan Self Employed,https://visionmortgage.me/,"First Time Buyers About Contact Get Pre Approved Licensed in Maine, New Hampshire & Florida • DSCR investor loans in 38 states We shop your home loan across dozens of lenders. A bank only sells you the bank. Vision Mortgage is an independent Maine brokerage with roots in the business going back to the 1990s. We match you to the",https://travis.mortgage/dscr-loans/maine,Maine DSCR Loans for Investors | Travis Penny Skip to main content Travis Penny Maine Home Loans All Maine Home Loans → Maine FHA Loan FHA Down Payment Help Maine VA,Maine DSCR Loans for Investors | Travis Penny Skip to main content Travis Penny Maine Home Loans All Maine Home Loans → Maine FHA Loan FHA Down Payment Help Maine VA,"First Time Buyers About Contact Get Pre Approved Licensed in Maine, New Hampshire & Florida • DSCR investor loans in 38 states We shop your home loan across dozens of lenders. A bank only sells you the bank. Vision Mortgage is an independent Maine brokerage with roots in the business going back to the 1990s. We match you to the",DSCR; Private money; Bridge; Rental; Non-QM; Bank statement,Fetched pages do not print a numeric 1-4 unit limit.,BROKER,YES,YES,PASS,PRIOR_WORKBOOK_NOT_SUPPLIED,NOT_YET_SCREENED,2026-09-30,QUALIFIED,Name appears near investor-product language on a fetched page.,
Tim,Fredheim,Tim Fredheim,Founder,"Vision Mortgage, LLC",visionmortgage.me,https://visionmortgage.me,Portland,ME,,tfredheim@visionmortgage.me,PUBLIC,,(207) 842-6854,https://visionmortgage.me/,"close in 21 to 30 days from accepted offer. We push for clean, on time closings and keep you in the loop. Who are the brokers at Vision Mortgage? Founder Tim Fredheim, NMLS 23007, licensed in Maine, New Hampshire, and Florida, and Travis Penny, NMLS 1649161, licensed in Maine and Florida. You work directly with your",https://visionmortgage.me/,"First Time Buyers About Contact Get Pre Approved Licensed in Maine, New Hampshire & Florida • DSCR investor loans in 38 states We shop your home loan across dozens of lenders. A bank only sells you the bank. Vision Mortgage is an independent Maine brokerage with roots in the business going back to the 1990s. We match you to the",https://travis.mortgage/dscr-loans/maine,"Mortgage Broker | Vision Mortgage LLC Home Loan Programs First Time Buyers About Contact Get Pre Approved Licensed in Maine, New Hampshire & Florida • DSCR investor loans in 38 states We shop your home loan across dozens of lenders. A bank only sells you the bank. Vision Mortgage is an independent Maine","Mortgage Broker | Vision Mortgage LLC Home Loan Programs First Time Buyers About Contact Get Pre Approved Licensed in Maine, New Hampshire & Florida • DSCR investor loans in 38 states We shop your home loan across dozens of lenders. A bank only sells you the bank. Vision Mortgage is an independent Maine","First Time Buyers About Contact Get Pre Approved Licensed in Maine, New Hampshire & Florida • DSCR investor loans in 38 states We shop your home loan across dozens of lenders. A bank only sells you the bank. Vision Mortgage is an independent Maine brokerage with roots in the business going back to the 1990s. We match you to the",DSCR; Private money; Bridge; Rental; Non-QM; Bank statement,Fetched pages do not print a numeric 1-4 unit limit.,BROKER,YES,YES,PASS,PRIOR_WORKBOOK_NOT_SUPPLIED,NOT_YET_SCREENED,2026-09-30,QUALIFIED,Owner/founder of a page-verified broker shop. Investor and outside-lender language are company-level on the fetched pages.,
Cesar,Lecaros,Cesar A Lecaros,Founder & CEO,Chester Financial LLC,chester-financial.com,https://chester-financial.com,Plantsville,CT,,,NONE,,(860) 406-3510,https://chester-financial.com/,"property. Our Wholesale Lender Network Meet Our Team Local mortgage experts in Connecticut—clear guidance, fast communication, and real people you can reach. Cesar A Lecaros Founder & CEO NMLS 1970344 Helping Connecticut families and investors navigate complex loans with clear strategy and fast follow-up. Apply with Cesar Susan",https://chester-financial.com/,"for commercial real estate and mixed-use properties with tailored terms. Best for: Business owners and investors buying income-producing property. Our Wholesale Lender Network Meet Our Team Local mortgage experts in Connecticut—clear guidance, fast communication, and real people you can reach. Cesar A Lecaros Founder & CEO",https://chester-financial.com/,"Flexible options for self-employed or non-traditional income—like bank statements, P&L, or asset-based qualifying. Best for: Self-employed or complex income. DSCR Loan Rental financing that can qualify using the property’s cash flow instead of personal income. Best for: Buy-and-hold investors. Hard Money Loan Fast,","Flexible options for self-employed or non-traditional income—like bank statements, P&L, or asset-based qualifying. Best for: Self-employed or complex income. DSCR Loan Rental financing that can qualify using the property’s cash flow instead of personal income. Best for: Buy-and-hold investors. Hard Money Loan Fast,","for commercial real estate and mixed-use properties with tailored terms. Best for: Business owners and investors buying income-producing property. Our Wholesale Lender Network Meet Our Team Local mortgage experts in Connecticut—clear guidance, fast communication, and real people you can reach. Cesar A Lecaros Founder & CEO",DSCR; Fix and flip; Hard money; Non-QM; Bank statement,Fetched pages do not print a numeric 1-4 unit limit.,BROKER,YES,YES,PASS,PRIOR_WORKBOOK_NOT_SUPPLIED,NOT_YET_SCREENED,2026-09-30,QUALIFIED,Owner/founder of a page-verified broker shop. Investor and outside-lender language are company-level on the fetched pages.,
CJ,Lecaros,CJ Lecaros,Mortgage Loan Originator,Chester Financial LLC,chester-financial.com,https://chester-financial.com,Plantsville,CT,,,NONE,,(860) 406-3510,https://chester-financial.com/,"NMLS 2632513 Helping first-time buyers navigate the path to homeownership, with expertise in refinancing and second mortgage strategies. Apply with Susan CJ Lecaros Mortgage Loan Originator NMLS 2544823 Focused on investor loans (DSCR) and refinance strategies to improve cash flow or access equity. Apply with CJ Chris",https://chester-financial.com/,"for commercial real estate and mixed-use properties with tailored terms. Best for: Business owners and investors buying income-producing property. Our Wholesale Lender Network Meet Our Team Local mortgage experts in Connecticut—clear guidance, fast communication, and real people you can reach. Cesar A Lecaros Founder & CEO",https://chester-financial.com/,"Flexible options for self-employed or non-traditional income—like bank statements, P&L, or asset-based qualifying. Best for: Self-employed or complex income. DSCR Loan Rental financing that can qualify using the property’s cash flow instead of personal income. Best for: Buy-and-hold investors. Hard Money Loan Fast,","Flexible options for self-employed or non-traditional income—like bank statements, P&L, or asset-based qualifying. Best for: Self-employed or complex income. DSCR Loan Rental financing that can qualify using the property’s cash flow instead of personal income. Best for: Buy-and-hold investors. Hard Money Loan Fast,","for commercial real estate and mixed-use properties with tailored terms. Best for: Business owners and investors buying income-producing property. Our Wholesale Lender Network Meet Our Team Local mortgage experts in Connecticut—clear guidance, fast communication, and real people you can reach. Cesar A Lecaros Founder & CEO",DSCR; Fix and flip; Hard money; Non-QM; Bank statement,Fetched pages do not print a numeric 1-4 unit limit.,BROKER,YES,YES,PASS,PRIOR_WORKBOOK_NOT_SUPPLIED,NOT_YET_SCREENED,2026-09-30,QUALIFIED,Name appears near investor-product language on a fetched page.,
John,Crits,John Crits,President,"Philadelphia Mortgage Company, Inc.",philadelphiamortgage.com,https://www.philadelphiamortgage.com,Ambler,PA,,,NONE,,(215) 880-3636,https://www.philadelphiamortgage.com/team,Home Purchase Refinance Home Equity Reverse Team Careers Apply Now Open Menu Close Menu Home Purchase Refinance Home Equity Reverse Team Careers Apply Now John Crits President NMLS# 1431324 JT Crits Director of Marketing NMLS# 1443937 Monica Palatano Senior Loan Officer NMLS# 121108 Steven Campagna Senior Loan Officer,https://www.philadelphiamortgage.com/dscr,"Confidence you’re not leaving a better option on the table As a mortgage broker, we don’t rely on a single lender or one-size-fits-all solution. We actively shop a network of DSCR investors to match you with the program that best aligns with your specific deal and long-term strategy. Whether you’re looking for maximum cash",https://www.philadelphiamortgage.com/dscr,"Suite 125, Ambler, PA 19002 | (215) 880-3636 Philadelphia Mortgage Company, Inc. Visit Purchase Refinance Home Equity Team Careers Privacy Privacy Policy --> DSCR | Invest Smarter, Apply Today — Philadelphia Mortgage Company, Inc. 0 Skip to Content Home Purchase Refinance Home Equity Reverse Team Careers Apply Now Open","Suite 125, Ambler, PA 19002 | (215) 880-3636 Philadelphia Mortgage Company, Inc. Visit Purchase Refinance Home Equity Team Careers Privacy Privacy Policy --> DSCR | Invest Smarter, Apply Today — Philadelphia Mortgage Company, Inc. 0 Skip to Content Home Purchase Refinance Home Equity Reverse Team Careers Apply Now Open","Confidence you’re not leaving a better option on the table As a mortgage broker, we don’t rely on a single lender or one-size-fits-all solution. We actively shop a network of DSCR investors to match you with the program that best aligns with your specific deal and long-term strategy. Whether you’re looking for maximum cash",DSCR; Rental,Fetched pages do not print a numeric 1-4 unit limit.,BROKER,YES,YES,PASS,PRIOR_WORKBOOK_NOT_SUPPLIED,NOT_YET_SCREENED,2026-09-30,QUALIFIED,Owner/founder of a page-verified broker shop. Investor and outside-lender language are company-level on the fetched pages.,
Humberto,Marquez,Humberto Marquez,Founder,Kestrel Lending,kestrellending.com,https://kestrellending.com/about,Houston,TX,,,NONE,,(832) 271-0668,https://kestrellending.com/about,"best. One application, multiple offers, term sheet in 24 hours. Get your rate in 24 hours. Why Kestrel Lending Exists Kestrel Lending was founded in 2026 by Humberto Marquez, a Houston real estate operator who runs a property management and real estate services company in the Houston metro. Before Kestrel, Humberto spent years",https://kestrellending.com/about,"work, we package the file and submit it to the two or three lenders whose criteria fit best. They compete. You pick the winner. This model works because wholesale lenders price aggressively for brokers who send them clean, pre-underwritten files. They spend less on marketing and underwriting, and they pass that savings",https://kestrellending.com/about,"Each lender has been vetted for reliability, speed, and fair dealing. The panel covers every major loan type: fix and flip loans , bridge loans , rental DSCR loans, new construction financing, cash-out refinances, and transactional funding. Lender appetite shifts constantly. One month a lender prices aggressively","Each lender has been vetted for reliability, speed, and fair dealing. The panel covers every major loan type: fix and flip loans , bridge loans , rental DSCR loans, new construction financing, cash-out refinances, and transactional funding. Lender appetite shifts constantly. One month a lender prices aggressively","work, we package the file and submit it to the two or three lenders whose criteria fit best. They compete. You pick the winner. This model works because wholesale lenders price aggressively for brokers who send them clean, pre-underwritten files. They spend less on marketing and underwriting, and they pass that savings",DSCR; Fix and flip; Hard money; Bridge; Rental,Fetched pages do not print a numeric 1-4 unit limit.,BROKER,YES,YES,PASS,PRIOR_WORKBOOK_NOT_SUPPLIED,NOT_YET_SCREENED,2026-09-30,QUALIFIED,Owner/founder of a page-verified broker shop. Investor and outside-lender language are company-level on the fetched pages.,
Adam,Bartling,Adam Bartling,Loan Officer,"Texas Lending Pro, Inc.",bartlinglending.com,https://bartlinglending.com/,Rosenberg,TX,,adam@bartlinglending.com,PUBLIC,,(713) 301-0007,https://bartlinglending.com/about-us/,"removed from headings/body (accessibility) ================================================================== --> Home › About Adam Retired U.S. Army Captain Adam Bartling Mortgage Loan Officer · NMLS# 2213358 I’m a retired U.S. Army Captain, husband, father, and dedicated Texas mortgage broker. After years of serving our",https://bartlinglending.com/,"get one company’s products and one company’s pricing. That’s it. A mortgage broker works differently. As an independent broker, I have access to a network of wholesale lenders — and instead of you shopping them one at a time, I bring them to the table and let them compete for your loan. That competition is what puts you in a",https://bartlinglending.com/dscr-loan-texas/,Programs ▤ Conventional Loans ❖ First-Time Homebuyer ⚒ Construction Loans Refinance ↺ Refinance $ Cash-Out Refinance 🏘 Home Equity / HELOC Investor ☷ DSCR / Investor Loans Self Employed Loans ☷ Bank Statement Loans Reverse ★ Reverse Mortgages Resources ▤ Mortgage Calculator ☰ First-Time Buyer’s Guide ⚖ Texas,Programs ▤ Conventional Loans ❖ First-Time Homebuyer ⚒ Construction Loans Refinance ↺ Refinance $ Cash-Out Refinance 🏘 Home Equity / HELOC Investor ☷ DSCR / Investor Loans Self Employed Loans ☷ Bank Statement Loans Reverse ★ Reverse Mortgages Resources ▤ Mortgage Calculator ☰ First-Time Buyer’s Guide ⚖ Texas,"get one company’s products and one company’s pricing. That’s it. A mortgage broker works differently. As an independent broker, I have access to a network of wholesale lenders — and instead of you shopping them one at a time, I bring them to the table and let them compete for your loan. That competition is what puts you in a",DSCR; Hard money; Rental; Bank statement,down payment DSCR ratio of 1.0+ (some programs 0.75+) No limit on number of properties Investment properties only (1–4 units) What You DON’T Need No W-2s or pay stubs No tax returns No employment verification No debt-to-income calculation No,BROKER,YES,YES,PASS,PRIOR_WORKBOOK_NOT_SUPPLIED,NOT_YET_SCREENED,2026-09-30,QUALIFIED,Name appears near investor-product language on a fetched page.,
Justin,Wager,Justin Wager,Mortgage Loan Officer / Broker,NEXA Mortgage LLC,justinwagerthemortgageman.com,https://www.justinwagerthemortgageman.com/,San Antonio,TX,,,NONE,,210-639-5362,https://www.justinwagerthemortgageman.com/faq/,FAQ - Justin Wager -Mortgage Loan Officer / Broker Appointment Purchase Refinance Loan Programs FHA Conventional VA USDA Jumbo Loans 15-year-fixed-rate-mortgage 30 Year Fixed,https://www.justinwagerthemortgageman.com/faq/,"have been denied by a bank? Yes. Justin Wager works with clients who have been denied by banks, credit unions, and other lenders. Because he works with 300+ lending partners, he has access to non-QM, alternative income, and credit-flexible loan programs that traditional banks do not offer. If you have been told no, call Justin",https://www.justinwagerthemortgageman.com/faq/,"and coordinate your loan from coast to coast and everywhere in between. On top of that, I can personally originate Commercial Loans, Business Purpose Loans, DSCR Investment Loans, Personal Loans, and Business Loans in most states outside of Texas, even where I am not personally licensed. The reach is national. The","and coordinate your loan from coast to coast and everywhere in between. On top of that, I can personally originate Commercial Loans, Business Purpose Loans, DSCR Investment Loans, Personal Loans, and Business Loans in most states outside of Texas, even where I am not personally licensed. The reach is national. The","have been denied by a bank? Yes. Justin Wager works with clients who have been denied by banks, credit unions, and other lenders. Because he works with 300+ lending partners, he has access to non-QM, alternative income, and credit-flexible loan programs that traditional banks do not offer. If you have been told no, call Justin",DSCR; Fix and flip; Hard money; Bridge; Rental; Non-QM; Bank statement,"rental income, with no W-2s, tax returns, or personal income verification required. These loans are ideal for single-family rentals, multi-family properties, short-term rentals (Airbnb/VRBO), and investment property portfolios across all of",BROKER,YES,YES,PASS,PRIOR_WORKBOOK_NOT_SUPPLIED,NOT_YET_SCREENED,2026-09-30,QUALIFIED,Name appears near investor-product language on a fetched page.,
Philip,Bennett,Philip Bennett,"President, Principal Broker",Bennett Capital Partners,bcpmortgage.com,https://www.bcpmortgage.com/,Miami,FL,,info@bcpmortgage.com,PUBLIC,,(800) 457-9057,https://www.bcpmortgage.com/founder,"--> Meet Philip Bennett, Founder | Bennett Capital Partners top of page Phone ​800-457-9057 LOAN PROGRAMS JUMBO MORTGAGES BANK STATEMENT MORTGAGES NON-QM MORTGAGES DSCR MORTGAGES",https://www.bcpmortgage.com/dscr-mortgages,"factors. Not all borrowers will qualify for advertised rates or loan programs. Bennett Capital Partners acts as a mortgage broker, working with multiple wholesale lenders to provide loan options - final loan approval and terms are determined by the chosen lender, not Bennett Capital Partners. ​ Equal Housing Opportunity: We",https://www.bcpmortgage.com/aboutus,"Philip Bennett, Founder | Bennett Capital Partners top of page Phone ​800-457-9057 LOAN PROGRAMS JUMBO MORTGAGES BANK STATEMENT MORTGAGES NON-QM MORTGAGES DSCR MORTGAGES PRIVATE LENDING CONDO MORTGAGE LOANS WARRANTABLE CONDO MORTGAGES NON-WARRANTABLE CONDO MORTGAGES BAD CREDIT MORTGAGES HARD MONEY MORTGAGES FOREIGN","Philip Bennett, Founder | Bennett Capital Partners top of page Phone ​800-457-9057 LOAN PROGRAMS JUMBO MORTGAGES BANK STATEMENT MORTGAGES NON-QM MORTGAGES DSCR MORTGAGES PRIVATE LENDING CONDO MORTGAGE LOANS WARRANTABLE CONDO MORTGAGES NON-WARRANTABLE CONDO MORTGAGES BAD CREDIT MORTGAGES HARD MONEY MORTGAGES FOREIGN","factors. Not all borrowers will qualify for advertised rates or loan programs. Bennett Capital Partners acts as a mortgage broker, working with multiple wholesale lenders to provide loan options - final loan approval and terms are determined by the chosen lender, not Bennett Capital Partners. ​ Equal Housing Opportunity: We",DSCR; Hard money; Bridge; Rental; Non-QM; Bank statement,"now at 1-800-457-9057 or apply online to start your journey. DSCR MORT GAGES DSCR Loan Program Highlights ​ ✔ SFRs, 2-4 Units, Condos, Townhomes, Condotels, & Non Warrantable Condos ​ ​ ✔ Non-Owner Occupied only ​ ✔ No income or job",BROKER,YES,YES,PASS,PRIOR_WORKBOOK_NOT_SUPPLIED,NOT_YET_SCREENED,2026-09-30,QUALIFIED,Owner/founder of a page-verified broker shop.,
Nathan,Young,Nathan Young,Founder & President,"North Star Mortgage Network, Inc.",nsmn.com,https://www.nsmn.com/,Jacksonville,FL,,nathan@nsmn.com,PUBLIC,904-880-6741,,https://www.nsmn.com/dscr-loans-jacksonville-first-time-investors/,Real Estate Agents Local Resources Recommended Professionals Residential Mortgage Credit Report Newsletter Realtor Resource Center ABOUT US About NSMN Nathan Young | Founder & President of North Star Mortgage Network Meet Our Team Testimonials Review Us Contact Us APPLY ONLINE 904-880-6741 Apply Online Main Menu Main,https://www.nsmn.com/dscr-loans-jacksonville-first-time-investors/,"and Northeast Florida ✅ hundreds of five-star Google reviews ✅ 2025 NAMB Mortgage Broker of the Year and 2026 NAMB Influencer of the Year ✅ Access to many wholesale lenders ✅ FHA, VA, Conventional, USDA, DSCR, Bank Statement loans and more ✅ Fast closings on complete files ✅ BBB Accredited Business ✅ Locally owned and operated",https://www.nsmn.com/best-mortgage-broker-jacksonville/,Refinance Second Mortgages Home Equity Loans Florida: Access the Cash You Need Home Equity Loans (HELOAN) Jumbo Loans Non-QM Loans Bank Statement Loans DSCR Loans Interest-Only Loans Construction Loans Renovation Loans Asset Depletion Loans Foreign National Loans ITIN Loans Reverse Mortgages Physician Loans,Refinance Second Mortgages Home Equity Loans Florida: Access the Cash You Need Home Equity Loans (HELOAN) Jumbo Loans Non-QM Loans Bank Statement Loans DSCR Loans Interest-Only Loans Construction Loans Renovation Loans Asset Depletion Loans Foreign National Loans ITIN Loans Reverse Mortgages Physician Loans,"and Northeast Florida ✅ hundreds of five-star Google reviews ✅ 2025 NAMB Mortgage Broker of the Year and 2026 NAMB Influencer of the Year ✅ Access to many wholesale lenders ✅ FHA, VA, Conventional, USDA, DSCR, Bank Statement loans and more ✅ Fast closings on complete files ✅ BBB Accredited Business ✅ Locally owned and operated",DSCR; Hard money; Bridge; Rental; Non-QM; Bank statement,"and properties that fall outside the box. No Ratio option with no minimum DSCR (restrictions apply) Single-family, 2–4 units, condos, non-warrantable condos, and condo hotels 5–8 units, and 2–8 unit mixed-use Cash-out up to $1MM, and",BROKER,YES,YES,PASS,PRIOR_WORKBOOK_NOT_SUPPLIED,NOT_YET_SCREENED,2026-09-30,QUALIFIED,Owner/founder of a page-verified broker shop.,
Channing,Moore,Channing Moore,Owner and Loan Originator,Mortgages by Channing,mortgagesbychanning.com,https://mortgagesbychanning.com/,Lake Charles,LA,,channing@mortgagesbychanning.com,PUBLIC,,337-476-2623,https://bayoumortgage.com/about/,"to find the best fit for your situation. Thank you for taking a moment to get to know us. It would be an absolute privilege to help you with your mortgage. Channing Moore, Owner I Want to Buy a Home Meet the Team Meet the Founder Channing Moore Team Lead & Loan Originator · Lake Charles, LA Channing founded Mortgages by",https://bayoumortgage.com/about/,"hear. That's Mortgages by Channing. We're a licensed Louisiana mortgage broker, which means we work for you, not a bank. We compare rates and programs across multiple lenders to find the best fit for your situation. Thank you for taking a moment to get to know us. It would be an absolute privilege to help you with your mortgage.",https://bayoumortgage.com/dscr-loan/louisiana/,Lower Your Rate Rate & Term Refinance FHA Streamline VA IRRRL USDA Streamline Get A Refinance Quote Take Cash Out Cash-Out Refinance VA Cash-Out Refi DSCR Cash-Out Refi Use Your Equity HELOC Home Equity Loan DSCR Loans Start Here DSCR Loan Overview What Is a DSCR Loan? How DSCR Loans Work DSCR Calculator Pros &,Lower Your Rate Rate & Term Refinance FHA Streamline VA IRRRL USDA Streamline Get A Refinance Quote Take Cash Out Cash-Out Refinance VA Cash-Out Refi DSCR Cash-Out Refi Use Your Equity HELOC Home Equity Loan DSCR Loans Start Here DSCR Loan Overview What Is a DSCR Loan? How DSCR Loans Work DSCR Calculator Pros &,"hear. That's Mortgages by Channing. We're a licensed Louisiana mortgage broker, which means we work for you, not a bank. We compare rates and programs across multiple lenders to find the best fit for your situation. Thank you for taking a moment to get to know us. It would be an absolute privilege to help you with your mortgage.",DSCR; Rental; Non-QM,"your Debt Service Coverage Ratio before you talk to a lender. The defaults below reflect a Southwest Louisiana single-family rental with realistic post-storm insurance. If the property is in a mapped flood zone, add flood premium on top of",BROKER,YES,YES,PASS,PRIOR_WORKBOOK_NOT_SUPPLIED,NOT_YET_SCREENED,2026-09-30,QUALIFIED,Owner/founder of a page-verified broker shop. Investor and outside-lender language are company-level on the fetched pages.,
Coby,Pegues,Coby Pegues,President | Loan Originator,UHome Mortgage LLC,uhomemortgage.com,https://www.uhomemortgage.com/,Atlanta,GA,,approveme@uhomemortgage.com,PUBLIC,,404-919-5533,https://www.uhomemortgage.com/about-us,"Local Atlanta expertise with deep VA, FHA, and conventional knowledge. Our team The people you will work with from your first conversation to closing day. Coby Pegues President | Loan Originator Take your first step towards your home loan journey See rates See What I Qualify For Loans That Get U Home 3401 Norman Berry Dr",https://www.uhomemortgage.com/dscr-investor-loan,See What I Qualify For Talk With A Loan Expert Important Information UHome Mortgage LLC is an independent mortgage brokerage. UHome Mortgage LLC is not a lender and does not make credit decisions. All loan scenarios are subject to underwriting approval by the funding lender under the requirements of the selected,https://www.uhomemortgage.com/dscr-investor-loan,Rent vs Buy Client Reviews See why people keep choosing us. Read here → Loan COmparison FHA vs Conventional Buy vs Refinancing Bank Statement vs Traditional DSCR vs Bank Statement Conventional vs DSCR Refinance Refinance a Home → Popular Rate & Term Refi VA Refi (IRRRL) Cash Out Refi Self Employed Refi Conventional,Rent vs Buy Client Reviews See why people keep choosing us. Read here → Loan COmparison FHA vs Conventional Buy vs Refinancing Bank Statement vs Traditional DSCR vs Bank Statement Conventional vs DSCR Refinance Refinance a Home → Popular Rate & Term Refi VA Refi (IRRRL) Cash Out Refi Self Employed Refi Conventional,See What I Qualify For Talk With A Loan Expert Important Information UHome Mortgage LLC is an independent mortgage brokerage. UHome Mortgage LLC is not a lender and does not make credit decisions. All loan scenarios are subject to underwriting approval by the funding lender under the requirements of the selected,DSCR; Fix and flip; Hard money; Bridge; Rental; Non-QM; Bank statement,"separately. What types of properties can I finance with a DSCR loan? DSCR financing can extend beyond a standard single family rental. Depending on the program, eligible property types may include single family homes, townhomes, PUDs, 2 to 4",BROKER,YES,YES,PASS,PRIOR_WORKBOOK_NOT_SUPPLIED,NOT_YET_SCREENED,2026-09-30,QUALIFIED,Owner/founder of a page-verified broker shop. Investor and outside-lender language are company-level on the fetched pages.,
Alex,Shekhtman,Alex Shekhtman,CEO & Founder,LBC Mortgage,lbcmortgage.com,https://lbcmortgage.com/,North Hollywood,CA,,,NONE,,(818) 309-2999,https://lbcmortgage.com/team/alex-shekhtman/,Alex Shekhtman - LBC Mortgage About Us Our team Career Media Press Releases LBC Academy Affiliate Program Employee program Where We Lend California Loans California,https://lbcmortgage.com/mortgage-broker-california/dscr-loans-california/,"to review the property, your goals, and where you stand financially. From there, we identify the right lender from our network of more than a hundred wholesale lenders and structure the file for pre-qualification. The appraisal gets ordered, the file goes to underwriting, and we stay on it at every step to keep things",https://lbcmortgage.com/mortgage-broker-california/dscr-loans-california/,Mortgages For Retirees Mortgages For Immigrants North Carolina Loans Airbnb Mortgage Bank Statement Mortgage Loans Cash Out Refinance Commercial Property DSCR Mortgage Loans FHA Mortgage Loans Investment Property Loans Jumbo Loans In North Carolina Landlord Mortgages Multifamily Loans No Closing Cost Mortgage No,Mortgages For Retirees Mortgages For Immigrants North Carolina Loans Airbnb Mortgage Bank Statement Mortgage Loans Cash Out Refinance Commercial Property DSCR Mortgage Loans FHA Mortgage Loans Investment Property Loans Jumbo Loans In North Carolina Landlord Mortgages Multifamily Loans No Closing Cost Mortgage No,"to review the property, your goals, and where you stand financially. From there, we identify the right lender from our network of more than a hundred wholesale lenders and structure the file for pre-qualification. The appraisal gets ordered, the file goes to underwriting, and we stay on it at every step to keep things",DSCR; Fix and flip; Hard money; Bridge; Rental; Non-QM; Bank statement,"instead. That's one of those things worth knowing before you fall in love with a deal. Property types are flexible. Single-family homes, condos, and residential buildings up to 10 units all qualify. Short-term rentals including Airbnb and VRBO are",BROKER,YES,YES,PASS,PRIOR_WORKBOOK_NOT_SUPPLIED,NOT_YET_SCREENED,2026-09-30,QUALIFIED,Owner/founder of a page-verified broker shop.,
Mike,Basti,Mike Basti,Broker & President,Save Financial,iloanca.com,https://www.iloanca.com/,Newport Beach,CA,,,NONE,,(949) 379-5320,https://www.iloanca.com/,"mortgage broker (NMLS #377740, DRE #01875766) headquartered in Newport Beach with a second office in Marina del Rey. Founded in 2009 by Broker & President Mike Basti, we offer purchase loans, refinances, jumbo, non-QM, DSCR, and home-equity products across all 58 California counties — with wholesale pricing through our",https://www.iloanca.com/,"independent California mortgage brokerage (NMLS #377740), licensed in all 58 counties. As a broker — not a bank — we shop your loan across a wide network of wholesale lenders, bring you their competitive pricing, and manage the process end to end. You get one dedicated point of contact instead of a call center, and a team that",https://www.iloanca.com/,Refinance Rate-and-Term Refi HELOC HELOAN Reverse Mortgage Bridge Loans Construction ADU Financing Commercial Debt Consolidation Investor & Specialty DSCR Investment Property Fix-and-Flip Hard Money Non-QM Bank Statement P&L Statement Asset-Based ITIN No-Ratio 1099 Mortgage Rates Calculator Learning ▾ Education,Refinance Rate-and-Term Refi HELOC HELOAN Reverse Mortgage Bridge Loans Construction ADU Financing Commercial Debt Consolidation Investor & Specialty DSCR Investment Property Fix-and-Flip Hard Money Non-QM Bank Statement P&L Statement Asset-Based ITIN No-Ratio 1099 Mortgage Rates Calculator Learning ▾ Education,"independent California mortgage brokerage (NMLS #377740), licensed in all 58 counties. As a broker — not a bank — we shop your loan across a wide network of wholesale lenders, bring you their competitive pricing, and manage the process end to end. You get one dedicated point of contact instead of a call center, and a team that",DSCR; Fix and flip; Hard money; Bridge; Rental; Non-QM; Bank statement,"→ 12 / Investor Investment Property Conventional, DSCR, and portfolio loans for California rentals. Single-family, 2-4 unit, and short-term rental specialists. From 15% down on conventional Up to 10 financed properties Short-term rental",BROKER,YES,YES,PASS,PRIOR_WORKBOOK_NOT_SUPPLIED,NOT_YET_SCREENED,2026-09-30,QUALIFIED,Owner/founder of a page-verified broker shop.,
Travis,Erickson,Travis Erickson,Branch Manager & Licensed Mortgage Loan Officer,Bonelli Financial Group,bestmortgageloansfast.com,https://www.bestmortgageloansfast.com/,Mesa,AZ,,travis@bonellifg.com,PUBLIC,,(480) 805-8733,https://www.bestmortgageloansfast.com/debt-service-coverage-ratio-dscr-loan,"Mexico. Whether you're buying your first rental or adding your fifteenth property, we structure the loan around the property's income — not yours. Written by Travis Erickson Branch Manager & Licensed Mortgage Loan Officer NMLS#1193479 Bonelli Financial Group Last updated: May 2026 ﻿ What Is a DSCR Loan? A Debt Service Coverage",https://www.bestmortgageloansfast.com/dscr-loans-mesa-gilbert-arizona-2026-deal-analysis,A 0.25% rate reduction on a borderline 0.98 DSCR deal can move it above 1.0 and change the entire program availability. That's why we shop multiple wholesale lenders on every file rather than routing everything to one partner — the rate difference sometimes changes whether the deal closes at all. What's the difference,https://www.bestmortgageloansfast.com/meet-the-team,"DSCR Investor Loans | No Tax Returns, 9 States A black silhouette of a telephone on a white background. QUICK QUOTE APPLY NOW 800-BONELLI GET STARTED Home","DSCR Investor Loans | No Tax Returns, 9 States A black silhouette of a telephone on a white background. QUICK QUOTE APPLY NOW 800-BONELLI GET STARTED Home",A 0.25% rate reduction on a borderline 0.98 DSCR deal can move it above 1.0 and change the entire program availability. That's why we shop multiple wholesale lenders on every file rather than routing everything to one partner — the rate difference sometimes changes whether the deal closes at all. What's the difference,DSCR; Hard money; Bridge; Rental; Non-QM; Bank statement,"score ✓ 620+ (best rates at 700+) DSCR ratio ✓ 1.0 minimum; 1.25+ for best pricing Property types ✓ Single-family, 2–4 units, condos, STR Mortgage insurance ✓ Not required Income verification ✓ Not required — property income only Max",BROKER,YES,YES,PASS,PRIOR_WORKBOOK_NOT_SUPPLIED,NOT_YET_SCREENED,2026-09-30,QUALIFIED,Name appears near investor-product language on a fetched page.,
Sal,Bossio,Sal Bossio,Mortgage Broker,Barrett Financial Group,barrettfinancial.com,https://www.barrettfinancial.com/,Chandler,AZ,,,NONE,(516) 250-1334,,https://www.salbossiomortgage.com/dscr-loans-arizona,"--> DSCR Loans in Arizona | No Tax Returns | Sal Bossio Mortgage top of page Home Contact Services Home purchase Alternative & Non-QM Loans Investor, Commercial & Private Lending Renovation & Construction Loans",https://www.salbossiomortgage.com/dscr-loans-arizona,"to refinance First Time Buyer I'm ready to see my options Why Barrett Financial Group? We specialize in finding the right home loans for you by pricing out multiple lenders to deliver competitive rates. Whether you’re buying your first home, your dream home, or preparing to refinance an existing mortgage, our team will make it",https://www.barrettfinancial.com/,"--> DSCR Loans in Arizona | No Tax Returns | Sal Bossio Mortgage top of page Home Contact Services Home purchase Alternative & Non-QM Loans Investor, Commercial &","--> DSCR Loans in Arizona | No Tax Returns | Sal Bossio Mortgage top of page Home Contact Services Home purchase Alternative & Non-QM Loans Investor, Commercial &","to refinance First Time Buyer I'm ready to see my options Why Barrett Financial Group? We specialize in finding the right home loans for you by pricing out multiple lenders to deliver competitive rates. Whether you’re buying your first home, your dream home, or preparing to refinance an existing mortgage, our team will make it",DSCR; Hard money; Bridge; Rental; Non-QM; Bank statement,"which again is broker territory — I know which lenders like Airbnb deals and which run from them. DSCR also works for 2-4 unit properties, condos (including non-warrantable — ask me about that one), and portfolios. A Real DSCR Deal I Closed An",BROKER,YES,YES,PASS,PRIOR_WORKBOOK_NOT_SUPPLIED,NOT_YET_SCREENED,2026-09-30,QUALIFIED,Name appears near investor-product language on a fetched page.,
Frank,Roccuzzo,Frank Roccuzzo,Mortgage Broker,Barrett Financial Group,barrettfinancial.com,https://www.barrettfinancial.com/,Chandler,AZ,,frankr@barrettfinancial.com,PUBLIC,,(602) 723-2306,https://www.roccuzzomortgagegroup.com/loan-programs/dscr-loans,DSCR Loans | Investment Property Financing | Frank Roccuzzo - Barrett Real Estate | Barrett Financial (602) 723-2306 Buy a Home First Time Home Buyers Arizona Down Payment Assistance Programs Loan Programs Loan,https://www.roccuzzomortgagegroup.com/loan-programs/dscr-loans,"to refinance First Time Buyer I'm ready to see my options Why Barrett Financial Group? We specialize in finding the right home loans for you by pricing out multiple lenders to deliver competitive rates. Whether you’re buying your first home, your dream home, or preparing to refinance an existing mortgage, our team will make it",https://www.barrettfinancial.com/,DSCR Loans | Investment Property Financing | Frank Roccuzzo - Barrett Real Estate | Barrett Financial (602) 723-2306 Buy a Home First Time Home Buyers Arizona,DSCR Loans | Investment Property Financing | Frank Roccuzzo - Barrett Real Estate | Barrett Financial (602) 723-2306 Buy a Home First Time Home Buyers Arizona,"to refinance First Time Buyer I'm ready to see my options Why Barrett Financial Group? We specialize in finding the right home loans for you by pricing out multiple lenders to deliver competitive rates. Whether you’re buying your first home, your dream home, or preparing to refinance an existing mortgage, our team will make it",DSCR; Rental; Bank statement,and short-term rental owners • Self-employed borrowers • Landlords expanding rental portfolios • Investors purchasing single-family rentals • Investors purchasing multi-unit properties • Borrowers with complex tax returns • Investors seeking,BROKER,YES,YES,PASS,PRIOR_WORKBOOK_NOT_SUPPLIED,NOT_YET_SCREENED,2026-09-30,QUALIFIED,Name appears near investor-product language on a fetched page.,
Sheilla,Lavadia,Sheilla Lavadia,Mortgage Broker and Senior Loan Officer,"Loan Factory, Inc.",loansbysheilla.com,https://loansbysheilla.com/,,WA,,sheilla@loansbysheilla.com,PUBLIC,(425) 900-5855,,https://loansbysheilla.com/,"Mortgage Broker | Sheilla Lavadia, NMLS #1399453 Skip to content Programs States served FAQ Contact Mortgage broker Independent Mortgage Broker. Fast Pre-Approvals. Real Results. Sheilla",https://loansbysheilla.com/,"financing for investors who want to build something lasting. Whether you are acquiring your first rental property or your fifteenth, Sheilla works with wholesale lenders who understand investment property financing and can structure loans based on the property's income rather than your personal tax returns. Why Choose",https://loansbysheilla.com/,"Sheilla Lavadia is an independent mortgage broker with 22+ years in mortgage and real estate finance and 3,100+ families helped. FHA, VA, conventional, DSCR, bank statement, non-QM, and wholesale access for first-time buyers, self-employed borrowers, and real estate investors across 9 states. Call (425) 900-5855","Sheilla Lavadia is an independent mortgage broker with 22+ years in mortgage and real estate finance and 3,100+ families helped. FHA, VA, conventional, DSCR, bank statement, non-QM, and wholesale access for first-time buyers, self-employed borrowers, and real estate investors across 9 states. Call (425) 900-5855","financing for investors who want to build something lasting. Whether you are acquiring your first rental property or your fifteenth, Sheilla works with wholesale lenders who understand investment property financing and can structure loans based on the property's income rather than your personal tax returns. Why Choose",DSCR; Hard money; Rental; Non-QM; Bank statement,Fetched pages do not print a numeric 1-4 unit limit.,BROKER,YES,YES,PASS,PRIOR_WORKBOOK_NOT_SUPPLIED,NOT_YET_SCREENED,2026-09-30,QUALIFIED,Name appears near investor-product language on a fetched page.,
Steve,Bennett,Steve Bennett,Owner and Broker,Lake Tahoe Mortgage,ltmortgage.com,https://www.ltmortgage.com/,Incline Village,NV,,,NONE,,775-831-9555,https://www.ltmortgage.com/about,"entire mortgage experience as simple and as streamlined as possible, while keeping you updated along every step of the process. ​ TESTIMONIALS Down Broker Steve Bennett Steve is the owner and broker of Lake Tahoe Mortgage, which he founded in 2016. He has lived in Lake Tahoe for over 35 years with his family after chasing",https://www.ltmortgage.com/non-qm-loan,"to your concerns and goals and make sure every question you have is answered clearly. Then, we shop and match your needs with one of our multiple national wholesale lenders for the best loan program and rates available. Our commitment to you is to make the entire mortgage experience as simple and as streamlined as possible,",https://www.ltmortgage.com/about,"who own more than 10 financed investment properties — the limit for most conventional lenders. Other non-QM lenders offer debt-service coverage ratio (DSCR) loans for real estate investors. If the rent on the new home covers the monthly payment, you don’t need other income to qualify. BORROWERS WITH RECENT BAD","who own more than 10 financed investment properties — the limit for most conventional lenders. Other non-QM lenders offer debt-service coverage ratio (DSCR) loans for real estate investors. If the rent on the new home covers the monthly payment, you don’t need other income to qualify. BORROWERS WITH RECENT BAD","to your concerns and goals and make sure every question you have is answered clearly. Then, we shop and match your needs with one of our multiple national wholesale lenders for the best loan program and rates available. Our commitment to you is to make the entire mortgage experience as simple and as streamlined as possible,",DSCR; Hard money; Non-QM; Bank statement,Fetched pages do not print a numeric 1-4 unit limit.,BROKER,YES,YES,PASS,PRIOR_WORKBOOK_NOT_SUPPLIED,NOT_YET_SCREENED,2026-09-30,QUALIFIED,Owner/founder of a page-verified broker shop. Investor and outside-lender language are company-level on the fetched pages.,
Omar,Michel,Omar Michel,Founder and Principal Broker,"Cascada Mortgage Advisors, Inc.",cascadamortgageadvisors.com,https://cascadamortgageadvisors.com/,San Diego,CA,,omar@cascadamortgageadvisors.com,PUBLIC,,(619) 370-0889,https://cascadamortgageadvisors.com/about,About Omar Michel | Cascada Mortgage San Diego Apply Now Home Services About Real Estate Locations Blog Contact Today's Rates FAQs Resources Mortgage Tools 🇺🇸 English 🇺🇸 Home,https://cascadamortgageadvisors.com/loan-programs/dscr,"Cascada Mortgage Advisors, Inc. (NMLS #2470941, CA DRE #02206556), a licensed mortgage broker headquartered in San Diego's Mission Valley with access to 100+ wholesale lenders. He provides full bilingual English and Spanish mortgage service throughout San Diego County and Southern California. — Cascada Mortgage Advisors, Inc. A",https://cascadamortgageadvisors.com/about,"mortgages for homeowners 62+, bank statement loans for self-employed borrowers and business owners, asset depletion loans for high-net-worth individuals, DSCR loans for real estate investors, and jumbo loans for high-value properties throughout San Diego and Los Angeles counties. Full bilingual English and Spanish","mortgages for homeowners 62+, bank statement loans for self-employed borrowers and business owners, asset depletion loans for high-net-worth individuals, DSCR loans for real estate investors, and jumbo loans for high-value properties throughout San Diego and Los Angeles counties. Full bilingual English and Spanish","Cascada Mortgage Advisors, Inc. (NMLS #2470941, CA DRE #02206556), a licensed mortgage broker headquartered in San Diego's Mission Valley with access to 100+ wholesale lenders. He provides full bilingual English and Spanish mortgage service throughout San Diego County and Southern California. — Cascada Mortgage Advisors, Inc. A",DSCR; Rental; Non-QM; Bank statement,"1.0+ typically qualifies, with no W-2s, tax returns, or employment verification needed. These loans are available for 1-4 unit investment properties with LLC/entity vesting. — Cascada Mortgage Advisors, Inc. What Is a DSCR Loan? A DSCR (Debt",BROKER,YES,YES,PASS,PRIOR_WORKBOOK_NOT_SUPPLIED,NOT_YET_SCREENED,2026-09-30,QUALIFIED,Owner/founder of a page-verified broker shop. Investor and outside-lender language are company-level on the fetched pages.,
Brian,Bender,Brian Bender,President / Loan Officer,Kama'aina Mortgage Group Inc.,kmghawaii.com,https://www.kmghawaii.com/,Honolulu,HI,,brian@kmghawaii.com,PUBLIC,,808-426-7661,https://www.kmghawaii.com/team-member/brian-bender,"Correspondent Channels, And Hawaii Banks. Home About Team Services VA Specialists Self-employed First time homebuyer Mortgage rates Contact Apply Now Brian Bender President NMLS 379538 brian@kmghawaii.com 808-426-7661 Brian and his team were the best mortgage broker I have ever had. I was working with a mortgage broker",https://www.kmghawaii.com/,"Kama'aina Mortgage Group Inc. Licensed In CA, CO, FL, HI, NV, TX, VA & WA. Access To 60+ Lending Options Through Wholesale Partners, Correspondent Channels, And Hawaii Banks. Home About Team Services VA Specialists Self-employed First time homebuyer Mortgage rates Contact Apply Now Brian",https://www.kmghawaii.com/,"owners and offer flexible income documentation options that go beyond traditional tax returns. Whether you use bank statements, CPA-prepared financial, DSCR loans, or other income methods, we’ll help structure a loan that fits your financial profile. How long does it take to close a loan in Hawaii? Most loans","owners and offer flexible income documentation options that go beyond traditional tax returns. Whether you use bank statements, CPA-prepared financial, DSCR loans, or other income methods, we’ll help structure a loan that fits your financial profile. How long does it take to close a loan in Hawaii? Most loans","Kama'aina Mortgage Group Inc. Licensed In CA, CO, FL, HI, NV, TX, VA & WA. Access To 60+ Lending Options Through Wholesale Partners, Correspondent Channels, And Hawaii Banks. Home About Team Services VA Specialists Self-employed First time homebuyer Mortgage rates Contact Apply Now Brian",DSCR; Rental; Bank statement,requirements Loan purpose Select one... Refinance Home purchase Home equity loan/line Property type Select one... Single family home Townhome Condo Multi family dwelling Mobile / Manufactured home Continue Continue How do you use this property?,BROKER,YES,YES,PASS,PRIOR_WORKBOOK_NOT_SUPPLIED,NOT_YET_SCREENED,2026-09-30,QUALIFIED,Owner/founder of a page-verified broker shop. Investor and outside-lender language are company-level on the fetched pages.,
Steven,Hyde,Steven Hyde,Mortgage Broker,Hyde Funding,hydefunding.com,https://www.hydefunding.com/,San Diego,CA,,steven@hydefunding.com,PUBLIC,,(858) 775-1005,https://www.hydefunding.com/about-us/,About Steven Hyde – Hyde Funding Home About Us Services Mortgage Calculators Contact Us --> About Steven Hyde About History Meet the Team Hyde Funding is a boutique San Diego,https://www.hydefunding.com/about-us/,"a national lender’s underwriter has ever told you “we can’t do that,” there’s a strong chance Hyde Funding can. The boutique model means access to dozens of wholesale lenders, each with their own niche programs and overlay flexibility. Who Steven Works With Hyde Funding is built around three communities that mainstream lenders",https://www.hydefunding.com/about-us/,"resource pages are designed specifically for military buyers. Real estate investors. Whether you’re buying your first rental, scaling a portfolio with DSCR loans, or financing a flip with hard money, Steven works directly with investor-friendly lenders who understand cash flow underwriting and rapid timelines.","resource pages are designed specifically for military buyers. Real estate investors. Whether you’re buying your first rental, scaling a portfolio with DSCR loans, or financing a flip with hard money, Steven works directly with investor-friendly lenders who understand cash flow underwriting and rapid timelines.","a national lender’s underwriter has ever told you “we can’t do that,” there’s a strong chance Hyde Funding can. The boutique model means access to dozens of wholesale lenders, each with their own niche programs and overlay flexibility. Who Steven Works With Hyde Funding is built around three communities that mainstream lenders",DSCR; Hard money; Bridge; Rental; Non-QM; Bank statement,Fetched pages do not print a numeric 1-4 unit limit.,BROKER,YES,YES,PASS,PRIOR_WORKBOOK_NOT_SUPPLIED,NOT_YET_SCREENED,2026-09-30,QUALIFIED,Name appears near investor-product language on a fetched page.,
Alison,Rucker,Alison Rucker,Mortgage Lender,"Success Mortgage Partners, Inc.",alisonrucker.com,https://www.alisonrucker.com/,Flagstaff,AZ,,,NONE,,(928) 415-3841,https://www.alisonrucker.com/home-loans/dscr-loans,--> DSCR Loans | Alison Rucker Flagstaff Mortgage Lender top of page +19284153841 Pre-Qualification Apply Now About Contact Get Pre-Approved Free Consultation Home Loans First Time Buyer,https://www.alisonrucker.com/home-loans/dscr-loans,"loans solve the personal-DTI problem. You can scale a portfolio without each new acquisition triggering a personal-income underwrite. Through Alison's 40+ wholesale lender access, programs are available for properties from $150K to $3M+, with both 30-year fixed and interest-only options. Run Your DSCR Numbers Free property",https://www.alisonrucker.com/home-loans/dscr-loans,--> DSCR Loans | Alison Rucker Flagstaff Mortgage Lender top of page +19284153841 Pre-Qualification Apply Now About Contact Get Pre-Approved Free Consultation Home,--> DSCR Loans | Alison Rucker Flagstaff Mortgage Lender top of page +19284153841 Pre-Qualification Apply Now About Contact Get Pre-Approved Free Consultation Home,"loans solve the personal-DTI problem. You can scale a portfolio without each new acquisition triggering a personal-income underwrite. Through Alison's 40+ wholesale lender access, programs are available for properties from $150K to $3M+, with both 30-year fixed and interest-only options. Run Your DSCR Numbers Free property",DSCR; Rental; Non-QM; Bank statement,"check before you offer. DSCR loan program parameters Most Arizona DSCR programs accept loan amounts $150K–$3M+, on 1–4 unit residential, with 20–25% down and 0.75–1.25+ ratio thresholds. Rate spread runs 1–2.5% above conforming. Element",HYBRID_BROKER,YES,YES,PASS,PRIOR_WORKBOOK_NOT_SUPPLIED,NOT_YET_SCREENED,2026-09-30,QUALIFIED,Name appears near investor-product language on a fetched page.,
Jason,Whigham,Jason Whigham,Licensed Mortgage Professional,Nosage LLC,jasonwhigham.com,https://jasonwhigham.com/,Sacramento,CA,,,NONE,,(916) 413-3967,https://jasonwhigham.com/,Sacramento Mortgage Broker | Home Loans for Buyers & Investors | Jason Whigham Home About Services Contact (916) 413-3967 Get Started Licensed Mortgage Professional Real results from real experience I'm Jason Whigham — a licensed,https://jasonwhigham.com/,"no junior processors learning on your file. I personally manage every transaction from start to finish. Wide Lender Network I work with a broad network of wholesale lenders, which lets me compare loan options across multiple sources for your scenario. Investor Experience 14+ years working with real estate investors across DSCR,",https://jasonwhigham.com/,"up Learn More Explore DPA Programs Learn about grants and forgivable loan programs Learn More Refinance Lower your rate or tap equity Learn More Invest (DSCR) Fund a rental, no W-2 needed Learn More Licensed Mortgage Professional 25+ Years of Experience Sacramento, CA What I Help With Mortgage guidance built","up Learn More Explore DPA Programs Learn about grants and forgivable loan programs Learn More Refinance Lower your rate or tap equity Learn More Invest (DSCR) Fund a rental, no W-2 needed Learn More Licensed Mortgage Professional 25+ Years of Experience Sacramento, CA What I Help With Mortgage guidance built","no junior processors learning on your file. I personally manage every transaction from start to finish. Wide Lender Network I work with a broad network of wholesale lenders, which lets me compare loan options across multiple sources for your scenario. Investor Experience 14+ years working with real estate investors across DSCR,",DSCR; Rental; Non-QM,Fetched pages do not print a numeric 1-4 unit limit.,BROKER,YES,YES,PASS,PRIOR_WORKBOOK_NOT_SUPPLIED,NOT_YET_SCREENED,2026-09-30,QUALIFIED,Name appears near investor-product language on a fetched page.,
David,Moody,David Moody,"President, Broker and Owner","1st Class Mortgage Group, LLC",1stclassmtg.com,https://www.1stclassmtg.com/loan-officer/david-moody,Louisville,KY,,david.moody@1stclassmtg.com,PUBLIC,(502) 608-5185,(502) 657-6008,https://www.1stclassmtg.com/loan-officer/david-moody,"David Moody is President, Broker and Owner of 1st Class Mortgage Group, LLC, a Louisville, Kentucky mortgage brokerage.",https://www.1stclassmtg.com/loan-officer/david-moody,"As an independent mortgage broker, 1st Class Mortgage Group works with multiple wholesale lending sources, giving David and his team access to a broad range of mortgage programs and financing solutions.",,,"His experience includes Conventional, FHA, VA and USDA mortgages, Jumbo financing, Reverse Mortgages, Construction loans, DSCR investor loans, ITIN lending and Non-QM mortgage solutions.","As an independent mortgage broker, 1st Class Mortgage Group works with multiple wholesale lending sources, giving David and his team access to a broad range of mortgage programs and financing solutions.",DSCR; Non-QM; Construction; Jumbo,Fetched pages do not print a numeric 1-4 unit limit.,BROKER,YES,YES,PASS,PRIOR_WORKBOOK_NOT_SUPPLIED,NOT_YET_SCREENED,2026-09-30,QUALIFIED,"Office 9920 Corporate Campus Dr, STE 2600, Louisville, KY 40223. Personal NMLS 1789100 and 1580128 are both printed on the profile.",
T.C.,Strait,T.C. Strait,Co-owner and Mortgage Loan Officer,T.C. Strait,tcstrait.com,https://tcstrait.com/about/,Mason,OH,,,NONE,,(513) 562-7926,https://tcstrait.com/about/,"I'm T.C. Strait, an Ohio mortgage loan officer based in Mason. NMLS 164070. I'm now co-owner of a small, local community mortgage broker.",https://tcstrait.com/about/,"I'm an independent broker, which means I shop your loan across 30+ wholesale lenders instead of being stuck with one bank's product lineup.",https://tcstrait.com/ohio-dscr-loans/,"Close in 15-25 days on 1-4 unit properties across Maineville, Loveland, Lebanon, and greater Cincinnati.","Loan types I originate: Conventional, FHA, VA, USDA, Jumbo, DSCR, Non-QM / Bank Statement, Investment Property.","As a part-owner of an Ohio mortgage brokerage, I have access to wholesale DSCR channels that national retail banks simply cannot touch.",DSCR; Non-QM; Bank statement; Investment property,"Close in 15-25 days on 1-4 unit properties across Maineville, Loveland, Lebanon, and greater Cincinnati.",BROKER,YES,YES,PASS,PRIOR_WORKBOOK_NOT_SUPPLIED,NOT_YET_SCREENED,2026-09-30,QUALIFIED,"Office 3615 Socialville-Foster Rd Suite B, Mason, OH 45040. The fetched pages do not print a separate legal entity name.",
Rory,Driscoll,Rory Driscoll,Founder and Loan Officer,Advantage Lending,theadvantagelending.com,https://www.theadvantagelending.com/,Columbus,OH,,rory@theadvantagelending.com,PUBLIC,(380) 221-7820,854-232-3423,https://www.theadvantagelending.com/about-us,"Rory Driscoll Founder & Loan Officer. We are a licensed, local mortgage broker with more than thirty years of mortgage experience.",https://www.theadvantagelending.com/,We can shop multiple wholesale mortgage lenders on your behalf — giving you access to more home loan options than what a bank or online lender can offer.,https://www.theadvantagelending.com/,"Investor & DSCR Cash Flow Loans. Programs built for investors — we focus on property cash flow, not your income.","Investor & DSCR Cash Flow Loans. Programs built for investors — we focus on property cash flow, not your income.",We can shop multiple wholesale mortgage lenders on your behalf — giving you access to more home loan options than what a bank or online lender can offer.,DSCR; Investor,Fetched pages do not print a numeric 1-4 unit limit.,BROKER,YES,YES,PASS,PRIOR_WORKBOOK_NOT_SUPPLIED,NOT_YET_SCREENED,2026-09-30,QUALIFIED,"Columbus, Ohio. Personal NMLS 827775 is printed on the team block. A separate NMLS 2592312 is printed on the founder page and is not labeled as personal. The team card also prints 854-232-3423.",
Gregory,Rank,Gregory Allen Rank,Senior Mortgage Consultant,"Channelwood Mortgage, Inc.",mortgagebrokerindy.com,https://mortgagebrokerindy.com/,Indianapolis,IN,,,NONE,(317) 603-0912,,https://mortgagebrokerindy.com/,"Gregory Allen Rank, NMLS #138276. Channelwood Mortgage, Inc., NMLS #129852. Senior Mortgage Consultant.",https://mortgagebrokerindy.com/,"Experience a smoother path to closing, with your loan shopped across a network of wholesale lenders.",https://mortgagebrokerindy.com/indiana-mortgage-lenders/,Real estate investors in Indiana who want to qualify based on a property's rental income rather than personal income can use DSCR (Debt Service Coverage Ratio) loans.,"Rooted in Central Indiana and licensed statewide, with DSCR investor loans available in most states.","As a broker, not a single bank, I shop a network of wholesale lenders to fit your loan anywhere in Indiana.",DSCR; Hard money; Bank statement; Investment property,Fetched pages do not print a numeric 1-4 unit limit.,BROKER,YES,YES,PASS,PRIOR_WORKBOOK_NOT_SUPPLIED,NOT_YET_SCREENED,2026-09-30,QUALIFIED,"Public site is mortgagebrokerindy.com. The homepage prints the licensed company as Channelwood Mortgage, Inc., NMLS 129852. Markets named include Indianapolis and Carmel.",
Randy,Mathis,Randy Mathis,Executive Branch Manager,Lumin Lending Inc.,mathismortgage.com,https://mathismortgage.com/loan-programs/dscr,Irvine,CA,,randy.mathis@luminlending.com,PUBLIC,,949-990-6030,https://mathismortgage.com/loan-programs/dscr,Randy Mathis Executive Branch Manager. Contact Randy Mathis for terms specific to your property and credit profile.,https://mathismortgage.com/loan-programs/dscr,The ranges below are aggregated across the 100+ wholesale lenders I work with.,,,A DSCR loan is a mortgage for real estate investors that qualifies based on a rental property's income.,The ranges below are aggregated across the 100+ wholesale lenders I work with. Exact tiers vary by lender and program.,DSCR,"Standard DSCR at least 1.0, 1-4 units. What Property Types Qualify? 1-4 Unit Single-Family, Condo and PUD, 2-4 Unit Multi-Family.",BROKER,YES,YES,PASS,PRIOR_WORKBOOK_NOT_SUPPLIED,NOT_YET_SCREENED,2026-09-30,QUALIFIED,"Office 18201 Von Karman Ave, Suite 800, Irvine, CA 92612. Personal NMLS 1516760. Company NMLS 2716106. The page also lists 5-8 unit property as a possible program, so some files may be larger than 1-4 units. The page does not say the company funds the loans.",
