Company,Website,Domain,City,State,Industry,Revenue Amount Or Range,Revenue Evidence Type,Revenue Source URL,Operating Scale Evidence,Owner Name,Owner Title,Ownership Source,Public Company Phone,Public Business Email,Fit Rationale,Observed Signal,Signal Date,Signal Source,Qualification Status,Research Date,Notes
UNITED CONTRACTORS INC. AND SUBSIDIARIES,,,Johnston,IA,Highway and heavy construction,,none,,"Iowa DOT prequalified for: BARRIER RAIL; BRIDGE; BRIDGE PAINTING; BRIDGE WASHING; GUARDRAIL; MINOR GRADING; MISCELLANEOUS; PIPE CULVERTS; RCB CULVERT; RIP RAP; BRIDGE DECK OVERLAY; DECK OVERLAY; SEWER & INTAKES; MINOR GRADING: LESS THAN 500,000 CU.YDS.. Iowa DOT award context: UNITED CONTRACTORS INC. AND SUBSIDIARIES 1,648,842.85.",,,,(515) 276-6162,UCI@UNITEDCONTRACTORS.NET,"Potential fit only. Exit Factor's Des Moines office is built around exit-planning support, a defined process, and a business-valuation calculator (https://exitfactor.com/offices/des-moines/; live page was Cloudflare-blocked on 2026-10-01; the 2026-02-14 archive of that URL exposes those program paths). An independent highway and heavy construction company in Johnston is a plausible conversation about business value, profitability, systems, management depth, or succession. This is not a sourced current need.",,,,EXCLUDED,2026-10-01,"Iowa DOT prequalification list retrieved 2026-10-01. Work classes: BARRIER RAIL; BRIDGE; BRIDGE PAINTING; BRIDGE WASHING; GUARDRAIL; MINOR GRADING; MISCELLANEOUS; PIPE CULVERTS; RCB CULVERT; RIP RAP; BRIDGE DECK OVERLAY; DECK OVERLAY; SEWER & INTAKES; MINOR GRADING: LESS THAN 500,000 CU.YDS.. Prequalification is not annual revenue. Street: 6678 NW 62ND AVENUE (UPS ONLY). Excluded as employee-owned; no individual owner to attach. Published business phone. The source did not label it a mobile line. Published business contact email. Not verified as the owner's personal inbox."
Baker Group,www.basepointba.com,basepointba.com,Ankeny,IA,Mechanical contractor,,none,,"March 2, 2026: plans a 37,500-square-foot expansion at 1600 Corporate Woods Drive, about an $11 million investment, and about 100 jobs paying $48.44 an hour or more. Article says more than 1,300 employees companywide and 500 at the Ankeny campus. Current building is about 60,000 square feet of office and 80,000 square feet of manufacturing.",,,,(515) 262-4000,,"Potential fit only. Exit Factor's Des Moines office is built around exit-planning support, a defined process, and a business-valuation calculator (https://exitfactor.com/offices/des-moines/; live page was Cloudflare-blocked on 2026-10-01; the 2026-02-14 archive of that URL exposes those program paths). An independent mechanical contractor company in Ankeny is a plausible conversation about business value, profitability, systems, management depth, or succession. This is not a sourced current need.",,,,EXCLUDED,2026-10-01,"Mechanical Contractors Association of Iowa contractor member. Excluded as employee-owned; no individual owner to attach. Published business phone. The source did not label it a mobile line. Greater Des Moines Partnership member directory, category id 896. Membership is not annual revenue. Excluded as employee-owned; no individual owner to attach. Published business phone. The source did not label it a mobile line. Greater Des Moines Partnership member directory, category id 1165. Membership is not annual revenue. Excluded as employee-owned; no individual owner to attach. Published business phone. The source did not label it a mobile line. Greater Des Moines Partnership member directory, category id 1234. Membership is not annual revenue. Excluded as employee-owned; no individual owner to attach. Published business phone. The source did not label it a mobile line. Yellow Pages Des Moines-area trade listing. A directory listing is not annual revenue. City is the city on the listing address when shown, otherwise the city in the listing URL. Excluded as employee-owned; no individual owner to attach. Published business phone. The source did not label it a mobile line. Employee-owned company. The September 2025 presidential change does not identify an individual owner to contact. Employee-owned company. No individual owner. CFO Mark Zimmerman is the person quoted, not an owner."
"Johnson Controls, Inc.",www.johnsoncontrols.com,johnsoncontrols.com,Urbandale,IA,Mechanical contractor,,none,,,,,,(515) 252-0100,,"Potential fit only. Exit Factor's Des Moines office is built around exit-planning support, a defined process, and a business-valuation calculator (https://exitfactor.com/offices/des-moines/; live page was Cloudflare-blocked on 2026-10-01; the 2026-02-14 archive of that URL exposes those program paths). An independent mechanical contractor company in Urbandale is a plausible conversation about business value, profitability, systems, management depth, or succession. This is not a sourced current need.",,,,EXCLUDED,2026-10-01,"Mechanical Contractors Association of Iowa contractor member. Excluded as a national chain, national brand, or franchise. Published business phone. The source did not label it a mobile line."
All Concrete Cutting Company,http://www.unitedcontractors.net/,unitedcontractors.net,Johnston,IA,Specialty trade contractor,,none,,,,,,(515) 276-6162,,"Potential fit only. Exit Factor's Des Moines office is built around exit-planning support, a defined process, and a business-valuation calculator (https://exitfactor.com/offices/des-moines/; live page was Cloudflare-blocked on 2026-10-01; the 2026-02-14 archive of that URL exposes those program paths). An independent specialty trade contractor company in Johnston is a plausible conversation about business value, profitability, systems, management depth, or succession. This is not a sourced current need.",,,,EXCLUDED,2026-10-01,AGC of Iowa member categories: Specialty. Published business phone. The source did not label it a mobile line. AGC of Iowa member categories: Structures. Excluded as employee-owned; no individual owner to attach. Published business phone. The source did not label it a mobile line. Employee-owned since 1989. President is not a verified individual owner.
"Arthur J. Gallagher Risk Management Services, Inc.",,,West Des Moines,IA,Construction,,none,,,,,,(515) 309-6200,,"Potential fit only. Exit Factor's Des Moines office is built around exit-planning support, a defined process, and a business-valuation calculator (https://exitfactor.com/offices/des-moines/; live page was Cloudflare-blocked on 2026-10-01; the 2026-02-14 archive of that URL exposes those program paths). An independent construction company in West Des Moines is a plausible conversation about business value, profitability, systems, management depth, or succession. This is not a sourced current need.",,,,EXCLUDED,2026-10-01,"AGC of Iowa member categories: Bonds & Employee Benefits; Insurance; Associate. Excluded because the AGC categories are professional services, not field trades. Published business phone. The source did not label it a mobile line."
Bankers Trust Company,http://www.bankerstrust.com/,bankerstrust.com,Des Moines,IA,Construction,,none,,,,,,(515) 245-5271,,"Potential fit only. Exit Factor's Des Moines office is built around exit-planning support, a defined process, and a business-valuation calculator (https://exitfactor.com/offices/des-moines/; live page was Cloudflare-blocked on 2026-10-01; the 2026-02-14 archive of that URL exposes those program paths). An independent construction company in Des Moines is a plausible conversation about business value, profitability, systems, management depth, or succession. This is not a sourced current need.",,,,EXCLUDED,2026-10-01,"AGC of Iowa member categories: Accounting & Financial/Banks; Associate. Excluded because the AGC categories are professional services, not field trades. Published business phone. The source did not label it a mobile line."
"Bening Financial Organization, Inc.",,,Des Moines,IA,Construction,,none,,,,,,(515) 244-4947,,"Potential fit only. Exit Factor's Des Moines office is built around exit-planning support, a defined process, and a business-valuation calculator (https://exitfactor.com/offices/des-moines/; live page was Cloudflare-blocked on 2026-10-01; the 2026-02-14 archive of that URL exposes those program paths). An independent construction company in Des Moines is a plausible conversation about business value, profitability, systems, management depth, or succession. This is not a sourced current need.",,,,EXCLUDED,2026-10-01,AGC of Iowa member categories: Accounting & Financial/Banks; Associate. Excluded as white-collar or outside the trade list based on the published name or website. Published business phone. The source did not label it a mobile line.
"Cemen Tech, Inc.",http://cementech.com/,cementech.com,Indianola,IA,Construction,,none,,,,,,(515) 961-7407,,"Potential fit only. Exit Factor's Des Moines office is built around exit-planning support, a defined process, and a business-valuation calculator (https://exitfactor.com/offices/des-moines/; live page was Cloudflare-blocked on 2026-10-01; the 2026-02-14 archive of that URL exposes those program paths). An independent construction company in Indianola is a plausible conversation about business value, profitability, systems, management depth, or succession. This is not a sourced current need.",,,,EXCLUDED,2026-10-01,"AGC of Iowa member categories: Construction Equipment/Materials; Associate. Excluded as employee-owned; no individual owner to attach. Published business phone. The source did not label it a mobile line. Greater Des Moines Partnership member directory, category id 679. Membership is not annual revenue. Excluded as employee-owned; no individual owner to attach. Published business phone. The source did not label it a mobile line. 100% employee-owned since 1994. Connor Deering is CEO and president, not a verified individual owner. The five-year sales goal is a stated plan, not a completed project."
CliftonLarsonAllen LLP,http://www.claconnect.com/,claconnect.com,Des Moines,IA,Construction,,none,,,,,,(515) 222-4400,,"Potential fit only. Exit Factor's Des Moines office is built around exit-planning support, a defined process, and a business-valuation calculator (https://exitfactor.com/offices/des-moines/; live page was Cloudflare-blocked on 2026-10-01; the 2026-02-14 archive of that URL exposes those program paths). An independent construction company in Des Moines is a plausible conversation about business value, profitability, systems, management depth, or succession. This is not a sourced current need.",,,,EXCLUDED,2026-10-01,"AGC of Iowa member categories: Accounting & Financial/Banks; Associate. Excluded because the AGC categories are professional services, not field trades. Published business phone. The source did not label it a mobile line."
"Cutler Law Firm, PC",,,West Des Moines,IA,Construction,,none,,,,,,(515) 223-6600,,"Potential fit only. Exit Factor's Des Moines office is built around exit-planning support, a defined process, and a business-valuation calculator (https://exitfactor.com/offices/des-moines/; live page was Cloudflare-blocked on 2026-10-01; the 2026-02-14 archive of that URL exposes those program paths). An independent construction company in West Des Moines is a plausible conversation about business value, profitability, systems, management depth, or succession. This is not a sourced current need.",,,,EXCLUDED,2026-10-01,AGC of Iowa member categories: Legal Services; Associate. Excluded as white-collar or outside the trade list based on the published name or website. Published business phone. The source did not label it a mobile line.
EMC Bond,http://www.emcinsurance.com/,emcinsurance.com,Des Moines,IA,Construction,,none,,,,,,(515) 345-2689,,"Potential fit only. Exit Factor's Des Moines office is built around exit-planning support, a defined process, and a business-valuation calculator (https://exitfactor.com/offices/des-moines/; live page was Cloudflare-blocked on 2026-10-01; the 2026-02-14 archive of that URL exposes those program paths). An independent construction company in Des Moines is a plausible conversation about business value, profitability, systems, management depth, or succession. This is not a sourced current need.",,,,EXCLUDED,2026-10-01,"AGC of Iowa member categories: Bonds & Employee Benefits; Insurance; Associate. Excluded because the AGC categories are professional services, not field trades. Published business phone. The source did not label it a mobile line."
First Interstate Bank,http://firstinterstate.com/,firstinterstate.com,Clive,IA,Construction,,none,,,,,,(515) 440-8463,,"Potential fit only. Exit Factor's Des Moines office is built around exit-planning support, a defined process, and a business-valuation calculator (https://exitfactor.com/offices/des-moines/; live page was Cloudflare-blocked on 2026-10-01; the 2026-02-14 archive of that URL exposes those program paths). An independent construction company in Clive is a plausible conversation about business value, profitability, systems, management depth, or succession. This is not a sourced current need.",,,,EXCLUDED,2026-10-01,AGC of Iowa member categories: Accounting & Financial/Banks; Associate. Excluded as white-collar or outside the trade list based on the published name or website. Published business phone. The source did not label it a mobile line.
Fredrikson,http://www.fredlaw.com/,fredlaw.com,Des Moines,IA,Construction,,none,,,,,,(515) 242-8905,,"Potential fit only. Exit Factor's Des Moines office is built around exit-planning support, a defined process, and a business-valuation calculator (https://exitfactor.com/offices/des-moines/; live page was Cloudflare-blocked on 2026-10-01; the 2026-02-14 archive of that URL exposes those program paths). An independent construction company in Des Moines is a plausible conversation about business value, profitability, systems, management depth, or succession. This is not a sourced current need.",,,,EXCLUDED,2026-10-01,AGC of Iowa member categories: Legal Services; Associate. Excluded as white-collar or outside the trade list based on the published name or website. Published business phone. The source did not label it a mobile line.
Gilliland Group at RBC Wealth Management,http://us.rbcwm.com/gillilandgroup,us.rbcwm.com,Clive,IA,Construction,,none,,,,,,(515) 225-4527,,"Potential fit only. Exit Factor's Des Moines office is built around exit-planning support, a defined process, and a business-valuation calculator (https://exitfactor.com/offices/des-moines/; live page was Cloudflare-blocked on 2026-10-01; the 2026-02-14 archive of that URL exposes those program paths). An independent construction company in Clive is a plausible conversation about business value, profitability, systems, management depth, or succession. This is not a sourced current need.",,,,EXCLUDED,2026-10-01,AGC of Iowa member categories: Accounting & Financial/Banks; Associate. Excluded as white-collar or outside the trade list based on the published name or website. Published business phone. The source did not label it a mobile line.
"Holmes Murphy & Associates, LLC",http://www.holmesmurphy.com/,holmesmurphy.com,Waukee,IA,Construction,,none,,,,,,(515) 223-6800,,"Potential fit only. Exit Factor's Des Moines office is built around exit-planning support, a defined process, and a business-valuation calculator (https://exitfactor.com/offices/des-moines/; live page was Cloudflare-blocked on 2026-10-01; the 2026-02-14 archive of that URL exposes those program paths). An independent construction company in Waukee is a plausible conversation about business value, profitability, systems, management depth, or succession. This is not a sourced current need.",,,,EXCLUDED,2026-10-01,"AGC of Iowa member categories: Bonds & Employee Benefits; Insurance; Associate. Excluded because the AGC categories are professional services, not field trades. Published business phone. The source did not label it a mobile line."
Hub Midwest,http://www.hubinternational.com/,hubinternational.com,West Des Moines,IA,Construction,,none,,,,,,(515) 559-4297,,"Potential fit only. Exit Factor's Des Moines office is built around exit-planning support, a defined process, and a business-valuation calculator (https://exitfactor.com/offices/des-moines/; live page was Cloudflare-blocked on 2026-10-01; the 2026-02-14 archive of that URL exposes those program paths). An independent construction company in West Des Moines is a plausible conversation about business value, profitability, systems, management depth, or succession. This is not a sourced current need.",,,,EXCLUDED,2026-10-01,"AGC of Iowa member categories: Bonds & Employee Benefits; Insurance; Associate. Excluded because the AGC categories are professional services, not field trades. Published business phone. The source did not label it a mobile line."
Lincoln Savings Bank,http://www.mylsb.com/,mylsb.com,Des Moines,IA,Construction,,none,,,,,,(515) 452-0719,,"Potential fit only. Exit Factor's Des Moines office is built around exit-planning support, a defined process, and a business-valuation calculator (https://exitfactor.com/offices/des-moines/; live page was Cloudflare-blocked on 2026-10-01; the 2026-02-14 archive of that URL exposes those program paths). An independent construction company in Des Moines is a plausible conversation about business value, profitability, systems, management depth, or succession. This is not a sourced current need.",,,,EXCLUDED,2026-10-01,AGC of Iowa member categories: Bonds & Employee Benefits; Insurance; Associate. Excluded as white-collar or outside the trade list based on the published name or website. Published business phone. The source did not label it a mobile line.
Martin Marietta,http://www.martinmarietta.com/,martinmarietta.com,Des Moines,IA,Asphalt paving,,none,,,,,,(515) 254-0030,,"Potential fit only. Exit Factor's Des Moines office is built around exit-planning support, a defined process, and a business-valuation calculator (https://exitfactor.com/offices/des-moines/; live page was Cloudflare-blocked on 2026-10-01; the 2026-02-14 archive of that URL exposes those program paths). An independent asphalt paving company in Des Moines is a plausible conversation about business value, profitability, systems, management depth, or succession. This is not a sourced current need.",,,,EXCLUDED,2026-10-01,"AGC of Iowa member categories: Surfacing. Excluded as a national chain, national brand, or franchise. Published business phone. The source did not label it a mobile line. Greater Des Moines Partnership member directory, category id 892. Membership is not annual revenue. Excluded as a national chain, national brand, or franchise. Published business phone. The source did not label it a mobile line."
Merchants Bonding Company,http://www.merchantsbonding.com/,merchantsbonding.com,Des Moines,IA,Construction,,none,,,,,,(515) 243-8171,,"Potential fit only. Exit Factor's Des Moines office is built around exit-planning support, a defined process, and a business-valuation calculator (https://exitfactor.com/offices/des-moines/; live page was Cloudflare-blocked on 2026-10-01; the 2026-02-14 archive of that URL exposes those program paths). An independent construction company in Des Moines is a plausible conversation about business value, profitability, systems, management depth, or succession. This is not a sourced current need.",,,,EXCLUDED,2026-10-01,"AGC of Iowa member categories: Bonds & Employee Benefits; Insurance; Associate. Excluded because the AGC categories are professional services, not field trades. Published business phone. The source did not label it a mobile line."
MHCS P.C.,http://mhcscpa.com/,mhcscpa.com,West Des Moines,IA,Construction,,none,,,,,,(515) 288-3279,,"Potential fit only. Exit Factor's Des Moines office is built around exit-planning support, a defined process, and a business-valuation calculator (https://exitfactor.com/offices/des-moines/; live page was Cloudflare-blocked on 2026-10-01; the 2026-02-14 archive of that URL exposes those program paths). An independent construction company in West Des Moines is a plausible conversation about business value, profitability, systems, management depth, or succession. This is not a sourced current need.",,,,EXCLUDED,2026-10-01,"AGC of Iowa member categories: Accounting & Financial/Banks; Associate. Excluded because the AGC categories are professional services, not field trades. Published business phone. The source did not label it a mobile line."
Nationwide,http://nationwide.com/surety,nationwide.com,Des Moines,IA,Construction,,none,,,,,,(866) 387-0457,,"Potential fit only. Exit Factor's Des Moines office is built around exit-planning support, a defined process, and a business-valuation calculator (https://exitfactor.com/offices/des-moines/; live page was Cloudflare-blocked on 2026-10-01; the 2026-02-14 archive of that URL exposes those program paths). An independent construction company in Des Moines is a plausible conversation about business value, profitability, systems, management depth, or succession. This is not a sourced current need.",,,,EXCLUDED,2026-10-01,"AGC of Iowa member categories: Bonds & Employee Benefits; Insurance; Associate. Excluded because the AGC categories are professional services, not field trades. Published business phone. The source did not label it a mobile line."
North Risk Partners,http://www.northriskpartners.com/,northriskpartners.com,West Des Moines,IA,Construction,,none,,,,,,(515) 327-8459,,"Potential fit only. Exit Factor's Des Moines office is built around exit-planning support, a defined process, and a business-valuation calculator (https://exitfactor.com/offices/des-moines/; live page was Cloudflare-blocked on 2026-10-01; the 2026-02-14 archive of that URL exposes those program paths). An independent construction company in West Des Moines is a plausible conversation about business value, profitability, systems, management depth, or succession. This is not a sourced current need.",,,,EXCLUDED,2026-10-01,"AGC of Iowa member categories: Bonds & Employee Benefits; Insurance; Associate. Excluded because the AGC categories are professional services, not field trades. Published business phone. The source did not label it a mobile line."
Nucor Harris Rebar,,,Newton,IA,Construction,,none,,,,,,(641) 792-7142,,"Potential fit only. Exit Factor's Des Moines office is built around exit-planning support, a defined process, and a business-valuation calculator (https://exitfactor.com/offices/des-moines/; live page was Cloudflare-blocked on 2026-10-01; the 2026-02-14 archive of that URL exposes those program paths). An independent construction company in Newton is a plausible conversation about business value, profitability, systems, management depth, or succession. This is not a sourced current need.",,,,EXCLUDED,2026-10-01,"AGC of Iowa member categories: Construction Equipment/Materials; Associate. Excluded as a national chain, national brand, or franchise. Published business phone. The source did not label it a mobile line."
Old Republic BITCO,http://orbitco.com/,orbitco.com,West Des Moines,IA,Construction,,none,,,,,,(515) 223-1122,,"Potential fit only. Exit Factor's Des Moines office is built around exit-planning support, a defined process, and a business-valuation calculator (https://exitfactor.com/offices/des-moines/; live page was Cloudflare-blocked on 2026-10-01; the 2026-02-14 archive of that URL exposes those program paths). An independent construction company in West Des Moines is a plausible conversation about business value, profitability, systems, management depth, or succession. This is not a sourced current need.",,,,EXCLUDED,2026-10-01,"AGC of Iowa member categories: Bonds & Employee Benefits; Insurance; Associate. Excluded because the AGC categories are professional services, not field trades. Published business phone. The source did not label it a mobile line."
R.W. Engineering & Surveying,https://rwmidwest.com/,rwmidwest.com,Des Moines,IA,Construction,,none,,,,,,(402) 573-2205,,"Potential fit only. Exit Factor's Des Moines office is built around exit-planning support, a defined process, and a business-valuation calculator (https://exitfactor.com/offices/des-moines/; live page was Cloudflare-blocked on 2026-10-01; the 2026-02-14 archive of that URL exposes those program paths). An independent construction company in Des Moines is a plausible conversation about business value, profitability, systems, management depth, or succession. This is not a sourced current need.",,,,EXCLUDED,2026-10-01,AGC of Iowa member categories: Associate; Miscellaneous Services; Engineering/Surveying Services. Excluded as white-collar or outside the trade list based on the published name or website. Published business phone. The source did not label it a mobile line.
RSM US LLP,http://www.rsmus.com/,rsmus.com,Des Moines,IA,Construction,,none,,,,,,(515) 558-6600,,"Potential fit only. Exit Factor's Des Moines office is built around exit-planning support, a defined process, and a business-valuation calculator (https://exitfactor.com/offices/des-moines/; live page was Cloudflare-blocked on 2026-10-01; the 2026-02-14 archive of that URL exposes those program paths). An independent construction company in Des Moines is a plausible conversation about business value, profitability, systems, management depth, or succession. This is not a sourced current need.",,,,EXCLUDED,2026-10-01,"AGC of Iowa member categories: Accounting & Financial/Banks; Associate. Excluded because the AGC categories are professional services, not field trades. Published business phone. The source did not label it a mobile line."
Sunbelt Rentals,,,Des Moines,IA,Construction,,none,,,,,,(515) 246-8843,,"Potential fit only. Exit Factor's Des Moines office is built around exit-planning support, a defined process, and a business-valuation calculator (https://exitfactor.com/offices/des-moines/; live page was Cloudflare-blocked on 2026-10-01; the 2026-02-14 archive of that URL exposes those program paths). An independent construction company in Des Moines is a plausible conversation about business value, profitability, systems, management depth, or succession. This is not a sourced current need.",,,,EXCLUDED,2026-10-01,"AGC of Iowa member categories: Construction Equipment/Materials; Associate. Excluded as a national chain, national brand, or franchise. Published business phone. The source did not label it a mobile line."
The Accel Group,http://www.acceladvantage.com/,acceladvantage.com,West Des Moines,IA,Construction,,none,,,,,,(515) 776-7059,,"Potential fit only. Exit Factor's Des Moines office is built around exit-planning support, a defined process, and a business-valuation calculator (https://exitfactor.com/offices/des-moines/; live page was Cloudflare-blocked on 2026-10-01; the 2026-02-14 archive of that URL exposes those program paths). An independent construction company in West Des Moines is a plausible conversation about business value, profitability, systems, management depth, or succession. This is not a sourced current need.",,,,EXCLUDED,2026-10-01,"AGC of Iowa member categories: Bonds & Employee Benefits; Insurance; Associate. Excluded because the AGC categories are professional services, not field trades. Published business phone. The source did not label it a mobile line."
United Rentals Trench Safety,http://www.ur.com/,ur.com,Grimes,IA,Trucking,,none,,,,,,(515) 986-5944,,"Potential fit only. Exit Factor's Des Moines office is built around exit-planning support, a defined process, and a business-valuation calculator (https://exitfactor.com/offices/des-moines/; live page was Cloudflare-blocked on 2026-10-01; the 2026-02-14 archive of that URL exposes those program paths). An independent trucking company in Grimes is a plausible conversation about business value, profitability, systems, management depth, or succession. This is not a sourced current need.",,,,EXCLUDED,2026-10-01,"AGC of Iowa member categories: Truck/Trailer Equipment; Associate. Excluded as a national chain, national brand, or franchise. Published business phone. The source did not label it a mobile line."
USI Insurance Services,http://www.usi.com/,usi.com,West Des Moines,IA,Construction,,none,,,,,,(515) 895-3878,,"Potential fit only. Exit Factor's Des Moines office is built around exit-planning support, a defined process, and a business-valuation calculator (https://exitfactor.com/offices/des-moines/; live page was Cloudflare-blocked on 2026-10-01; the 2026-02-14 archive of that URL exposes those program paths). An independent construction company in West Des Moines is a plausible conversation about business value, profitability, systems, management depth, or succession. This is not a sourced current need.",,,,EXCLUDED,2026-10-01,AGC of Iowa member categories: Bonds & Employee Benefits; Insurance; Associate. Excluded as white-collar or outside the trade list based on the published name or website. Published business phone. The source did not label it a mobile line.
West Bank,http://westbankstrong.com/,westbankstrong.com,West Des Moines,IA,Construction,,none,,,,,,(319) 331-7198,,"Potential fit only. Exit Factor's Des Moines office is built around exit-planning support, a defined process, and a business-valuation calculator (https://exitfactor.com/offices/des-moines/; live page was Cloudflare-blocked on 2026-10-01; the 2026-02-14 archive of that URL exposes those program paths). An independent construction company in West Des Moines is a plausible conversation about business value, profitability, systems, management depth, or succession. This is not a sourced current need.",,,,EXCLUDED,2026-10-01,AGC of Iowa member directory. Excluded as white-collar or outside the trade list based on the published name or website. Published business phone. The source did not label it a mobile line.
Whitfield & Eddy Law,http://www.whitfieldlaw.com/,whitfieldlaw.com,Des Moines,IA,Construction,,none,,,,,,(515) 288-6041,,"Potential fit only. Exit Factor's Des Moines office is built around exit-planning support, a defined process, and a business-valuation calculator (https://exitfactor.com/offices/des-moines/; live page was Cloudflare-blocked on 2026-10-01; the 2026-02-14 archive of that URL exposes those program paths). An independent construction company in Des Moines is a plausible conversation about business value, profitability, systems, management depth, or succession. This is not a sourced current need.",,,,EXCLUDED,2026-10-01,AGC of Iowa member categories: Legal Services; Associate. Excluded as white-collar or outside the trade list based on the published name or website. Published business phone. The source did not label it a mobile line.
R&R Realty Group,,,West Des Moines,IA,Home builder,,none,,,,,,(515) 223-4500,rupprecht.tom@rrrealty.com,"Potential fit only. Exit Factor's Des Moines office is built around exit-planning support, a defined process, and a business-valuation calculator (https://exitfactor.com/offices/des-moines/; live page was Cloudflare-blocked on 2026-10-01; the 2026-02-14 archive of that URL exposes those program paths). An independent home builder company in West Des Moines is a plausible conversation about business value, profitability, systems, management depth, or succession. This is not a sourced current need.",,,,EXCLUDED,2026-10-01,"Home Builders Association of Greater Des Moines home builder listing. Address: 1080 Jordan Creek Parkway, Suite 200 Nor, 6154 Aspen Drive, WEST DES MOINES, IA 50266. Excluded as white-collar or outside the trade list based on the published name or website. Published business phone. The source did not label it a mobile line. Published business contact email. Not verified as the owner's personal inbox."
Vista Real Estate & Investment Corp,,,Urbandale,IA,Home builder,,none,,,,,,(515) 276-3456,dave@vistarei.com,"Potential fit only. Exit Factor's Des Moines office is built around exit-planning support, a defined process, and a business-valuation calculator (https://exitfactor.com/offices/des-moines/; live page was Cloudflare-blocked on 2026-10-01; the 2026-02-14 archive of that URL exposes those program paths). An independent home builder company in Urbandale is a plausible conversation about business value, profitability, systems, management depth, or succession. This is not a sourced current need.",,,,EXCLUDED,2026-10-01,"Home Builders Association of Greater Des Moines home builder listing. Address: 2400 86th St, Ste 24, Urbandale, IA 50322. Excluded as white-collar or outside the trade list based on the published name or website. Published business phone. The source did not label it a mobile line. Published business contact email. Not verified as the owner's personal inbox."
CDM Real Estate Services,,,Urbandale,IA,Home builder,,none,,,,,,(515) 901-3403,sherri@cdmres.com,"Potential fit only. Exit Factor's Des Moines office is built around exit-planning support, a defined process, and a business-valuation calculator (https://exitfactor.com/offices/des-moines/; live page was Cloudflare-blocked on 2026-10-01; the 2026-02-14 archive of that URL exposes those program paths). An independent home builder company in Urbandale is a plausible conversation about business value, profitability, systems, management depth, or succession. This is not a sourced current need.",,,,EXCLUDED,2026-10-01,"Home Builders Association of Greater Des Moines home builder listing. Address: 2570 73rd St, Urbandale, IA 50322. Excluded as white-collar or outside the trade list based on the published name or website. Published business phone. The source did not label it a mobile line. Published business contact email. Not verified as the owner's personal inbox."
Temple Real Estate Services,,,Waukee,IA,Home builder,,none,,,,,,(515) 601-5989,derek@templeres.com,"Potential fit only. Exit Factor's Des Moines office is built around exit-planning support, a defined process, and a business-valuation calculator (https://exitfactor.com/offices/des-moines/; live page was Cloudflare-blocked on 2026-10-01; the 2026-02-14 archive of that URL exposes those program paths). An independent home builder company in Waukee is a plausible conversation about business value, profitability, systems, management depth, or succession. This is not a sourced current need.",,,,EXCLUDED,2026-10-01,"Home Builders Association of Greater Des Moines home builder listing. Address: 1015 NW 10th St, Waukee, IA 50263. Excluded as white-collar or outside the trade list based on the published name or website. Published business phone. The source did not label it a mobile line. Published business contact email. Not verified as the owner's personal inbox."
Thrasher Foundation Repair,,,Urbandale,IA,Home builder,,none,,,,,,(913) 704-8034,marketing@gothrasher.com,"Potential fit only. Exit Factor's Des Moines office is built around exit-planning support, a defined process, and a business-valuation calculator (https://exitfactor.com/offices/des-moines/; live page was Cloudflare-blocked on 2026-10-01; the 2026-02-14 archive of that URL exposes those program paths). An independent home builder company in Urbandale is a plausible conversation about business value, profitability, systems, management depth, or succession. This is not a sourced current need.",,,,EXCLUDED,2026-10-01,"Home Builders Association of Greater Des Moines home builder listing. Address: 9850 Douglas Ave, Ste 100, Urbandale, IA 50322. Excluded as white-collar or outside the trade list based on the published name or website. Published business phone. The source did not label it a mobile line. Published business contact email. Not verified as the owner's personal inbox. Home Builders Association of Greater Des Moines remodeling contractor listing. Address: 9850 Douglas Ave, Ste 100, Urbandale, IA 50322. Excluded as white-collar or outside the trade list based on the published name or website. Published business phone. The source did not label it a mobile line. Published business contact email. Not verified as the owner's personal inbox. Yellow Pages Des Moines-area trade listing. A directory listing is not annual revenue. City is the city on the listing address when shown, otherwise the city in the listing URL. Excluded as white-collar or outside the trade list based on the published name or website. Published business phone. The source did not label it a mobile line."
D.R. Horton Iowa,,,Ankeny,IA,Home builder,,none,,,,,,(407) 952-0794,JByrom@drhorton.com,"Potential fit only. Exit Factor's Des Moines office is built around exit-planning support, a defined process, and a business-valuation calculator (https://exitfactor.com/offices/des-moines/; live page was Cloudflare-blocked on 2026-10-01; the 2026-02-14 archive of that URL exposes those program paths). An independent home builder company in Ankeny is a plausible conversation about business value, profitability, systems, management depth, or succession. This is not a sourced current need.",,,,EXCLUDED,2026-10-01,"Home Builders Association of Greater Des Moines home builder listing. Address: 2506 SW Vintage Pkwy , Ankeny, IA 50023. Excluded as a national chain, national brand, or franchise. Published business phone. The source did not label it a mobile line. Published business contact email. Not verified as the owner's personal inbox. Greater Des Moines Partnership member directory, category id 823. Membership is not annual revenue. Excluded as a national chain, national brand, or franchise. Published business phone. The source did not label it a mobile line."
Builders FirstSource,,,Des Moines,IA,Remodeling contractor,,none,,,,,,(515) 635-6080,linnay.george@bldr.com,"Potential fit only. Exit Factor's Des Moines office is built around exit-planning support, a defined process, and a business-valuation calculator (https://exitfactor.com/offices/des-moines/; live page was Cloudflare-blocked on 2026-10-01; the 2026-02-14 archive of that URL exposes those program paths). An independent remodeling contractor company in Des Moines is a plausible conversation about business value, profitability, systems, management depth, or succession. This is not a sourced current need.",,,,EXCLUDED,2026-10-01,"Home Builders Association of Greater Des Moines remodeling contractor listing. Address: 5631 NE 17th St, Des Moines, IA 50313. Excluded as a national chain, national brand, or franchise. Published business phone. The source did not label it a mobile line. Published business contact email. Not verified as the owner's personal inbox. Home Builders Association of Greater Des Moines member list. Address: 5631 NE 17th St, Des Moines, IA 50313. Excluded as a national chain, national brand, or franchise. Published business phone. The source did not label it a mobile line. Published business contact email. Not verified as the owner's personal inbox. Yellow Pages Des Moines-area trade listing. A directory listing is not annual revenue. City is the city on the listing address when shown, otherwise the city in the listing URL. Excluded as a national chain, national brand, or franchise. Published business phone. The source did not label it a mobile line."
Ferguson Home,,,Grimes,IA,Remodeling contractor,,none,,,,,,(515) 251-8008,amy.kimberley@ferguson.com,"Potential fit only. Exit Factor's Des Moines office is built around exit-planning support, a defined process, and a business-valuation calculator (https://exitfactor.com/offices/des-moines/; live page was Cloudflare-blocked on 2026-10-01; the 2026-02-14 archive of that URL exposes those program paths). An independent remodeling contractor company in Grimes is a plausible conversation about business value, profitability, systems, management depth, or succession. This is not a sourced current need.",,,,EXCLUDED,2026-10-01,"Home Builders Association of Greater Des Moines remodeling contractor listing. Address: 400 SE 41st Street, Ste 100, Grimes, IA 50111. Excluded as a national chain, national brand, or franchise. Published business phone. The source did not label it a mobile line. Published business contact email. Not verified as the owner's personal inbox. Home Builders Association of Greater Des Moines member list. Address: 400 SE 41st St, Ste 100, Grimes, IA 50111. Excluded as a national chain, national brand, or franchise. Published business phone. The source did not label it a mobile line. Published business contact email. Not verified as the owner's personal inbox. Home Builders Association of Greater Des Moines member list. Address: 400 SE 41st Street, Ste 100, Grimes, IA 50111. Excluded as a national chain, national brand, or franchise. Published business phone. The source did not label it a mobile line. Published business contact email. Not verified as the owner's personal inbox."
RockWay Wealth Partners,,,Urbandale,IA,Remodeling contractor,,none,,,,,,(515) 414-7373,jaydenm@rockwaywealth.com,"Potential fit only. Exit Factor's Des Moines office is built around exit-planning support, a defined process, and a business-valuation calculator (https://exitfactor.com/offices/des-moines/; live page was Cloudflare-blocked on 2026-10-01; the 2026-02-14 archive of that URL exposes those program paths). An independent remodeling contractor company in Urbandale is a plausible conversation about business value, profitability, systems, management depth, or succession. This is not a sourced current need.",,,,EXCLUDED,2026-10-01,"Home Builders Association of Greater Des Moines remodeling contractor listing. Address: , Urbandale, IA 50323. Listing contact name: Jayden Moore. Not recorded as a verified owner. Excluded as white-collar or outside the trade list based on the published name or website. Published business phone. The source did not label it a mobile line. Published business contact email. Not verified as the owner's personal inbox."
Sherwin-Williams,,,Des Moines,IA,Remodeling contractor,,none,,,,,,(319) 230-5824,Wayne.e.hamilton@sherwin.com,"Potential fit only. Exit Factor's Des Moines office is built around exit-planning support, a defined process, and a business-valuation calculator (https://exitfactor.com/offices/des-moines/; live page was Cloudflare-blocked on 2026-10-01; the 2026-02-14 archive of that URL exposes those program paths). An independent remodeling contractor company in Des Moines is a plausible conversation about business value, profitability, systems, management depth, or succession. This is not a sourced current need.",,,,EXCLUDED,2026-10-01,"Home Builders Association of Greater Des Moines remodeling contractor listing. Address: , Des Moines, IA 50309. Listing contact name: Des Moines. Not recorded as a verified owner. Excluded as a national chain, national brand, or franchise. Published business phone. The source did not label it a mobile line. Published business contact email. Not verified as the owner's personal inbox."
TRICOR Insurance,,,West Des Moines,IA,Remodeling contractor,,none,,,,,,(515) 223-6757,lgalloway@vibrantins.com,"Potential fit only. Exit Factor's Des Moines office is built around exit-planning support, a defined process, and a business-valuation calculator (https://exitfactor.com/offices/des-moines/; live page was Cloudflare-blocked on 2026-10-01; the 2026-02-14 archive of that URL exposes those program paths). An independent remodeling contractor company in West Des Moines is a plausible conversation about business value, profitability, systems, management depth, or succession. This is not a sourced current need.",,,,EXCLUDED,2026-10-01,"Home Builders Association of Greater Des Moines remodeling contractor listing. Address: 9750 University Ave., Suite 300, West Des Moines, IA 50266. Excluded as white-collar or outside the trade list based on the published name or website. Published business phone. The source did not label it a mobile line. Published business contact email. Not verified as the owner's personal inbox."
Vibrant Insurance Group,,,West Des Moines,IA,Remodeling contractor,,none,,,,,,(515) 461-9337,beng@vibrantins.com,"Potential fit only. Exit Factor's Des Moines office is built around exit-planning support, a defined process, and a business-valuation calculator (https://exitfactor.com/offices/des-moines/; live page was Cloudflare-blocked on 2026-10-01; the 2026-02-14 archive of that URL exposes those program paths). An independent remodeling contractor company in West Des Moines is a plausible conversation about business value, profitability, systems, management depth, or succession. This is not a sourced current need.",,,,EXCLUDED,2026-10-01,"Home Builders Association of Greater Des Moines remodeling contractor listing. Address: 9750 University Ave, Ste 300, West Des Moines, IA 50266. Listing contact name: Ben Gerdes. Not recorded as a verified owner. Excluded as white-collar or outside the trade list based on the published name or website. Published business phone. The source did not label it a mobile line. Published business contact email. Not verified as the owner's personal inbox."
Fredrikson & Byron Law Firm,,,Des Moines,IA,Remodeling contractor,,none,,,,,,(515) 242-8971,jmcdougal@fredlaw.com,"Potential fit only. Exit Factor's Des Moines office is built around exit-planning support, a defined process, and a business-valuation calculator (https://exitfactor.com/offices/des-moines/; live page was Cloudflare-blocked on 2026-10-01; the 2026-02-14 archive of that URL exposes those program paths). An independent remodeling contractor company in Des Moines is a plausible conversation about business value, profitability, systems, management depth, or succession. This is not a sourced current need.",,,,EXCLUDED,2026-10-01,"Home Builders Association of Greater Des Moines remodeling contractor listing. Address: 111 E Grand Ave, Ste 301, Des Moines, IA 50309. Excluded as white-collar or outside the trade list based on the published name or website. Published business phone. The source did not label it a mobile line. Published business contact email. Not verified as the owner's personal inbox."
James Hardie Building Products,,,Des Moines,IA,Remodeling contractor,,none,,,,,,(515) 664-7388,matt.durand@jameshardie.com,"Potential fit only. Exit Factor's Des Moines office is built around exit-planning support, a defined process, and a business-valuation calculator (https://exitfactor.com/offices/des-moines/; live page was Cloudflare-blocked on 2026-10-01; the 2026-02-14 archive of that URL exposes those program paths). An independent remodeling contractor company in Des Moines is a plausible conversation about business value, profitability, systems, management depth, or succession. This is not a sourced current need.",,,,EXCLUDED,2026-10-01,"Home Builders Association of Greater Des Moines remodeling contractor listing. Address: 2415 39th St, Des Moines, IA 50310. Excluded as a national chain, national brand, or franchise. Published business phone. The source did not label it a mobile line. Published business contact email. Not verified as the owner's personal inbox."
Northwest Bank,,,West Des Moines,IA,Remodeling contractor,,none,,,,,,(515) 327-5105,rdicesare@bank-northwest.com,"Potential fit only. Exit Factor's Des Moines office is built around exit-planning support, a defined process, and a business-valuation calculator (https://exitfactor.com/offices/des-moines/; live page was Cloudflare-blocked on 2026-10-01; the 2026-02-14 archive of that URL exposes those program paths). An independent remodeling contractor company in West Des Moines is a plausible conversation about business value, profitability, systems, management depth, or succession. This is not a sourced current need.",,,,EXCLUDED,2026-10-01,"Home Builders Association of Greater Des Moines remodeling contractor listing. Address: 5700 University Ave, Ste 100, West Des Moines, IA 50266. Excluded as white-collar or outside the trade list based on the published name or website. Published business phone. The source did not label it a mobile line. Published business contact email. Not verified as the owner's personal inbox."
ServiceMaster by Rice,,,Clive,IA,Restoration,,none,,,,,,(515) 305-3453,,"Potential fit only. Exit Factor's Des Moines office is built around exit-planning support, a defined process, and a business-valuation calculator (https://exitfactor.com/offices/des-moines/; live page was Cloudflare-blocked on 2026-10-01; the 2026-02-14 archive of that URL exposes those program paths). An independent restoration company in Clive is a plausible conversation about business value, profitability, systems, management depth, or succession. This is not a sourced current need.",,,,EXCLUDED,2026-10-01,"Greater Des Moines Partnership member directory, category id 1135. Membership is not annual revenue. Excluded as a national chain, national brand, or franchise. Published business phone. The source did not label it a mobile line. Greater Des Moines Partnership member directory, category id 728. Membership is not annual revenue. Excluded as a national chain, national brand, or franchise. Published business phone. The source did not label it a mobile line. Yellow Pages Des Moines-area trade listing. A directory listing is not annual revenue. City is the city on the listing address when shown, otherwise the city in the listing URL. Excluded as a national chain, national brand, or franchise. Published business phone. The source did not label it a mobile line."
Hubbell Realty Company,,,West Des Moines,IA,Home builder,,none,,,,,,(515) 991-3916,,"Potential fit only. Exit Factor's Des Moines office is built around exit-planning support, a defined process, and a business-valuation calculator (https://exitfactor.com/offices/des-moines/; live page was Cloudflare-blocked on 2026-10-01; the 2026-02-14 archive of that URL exposes those program paths). An independent home builder company in West Des Moines is a plausible conversation about business value, profitability, systems, management depth, or succession. This is not a sourced current need.",,,,EXCLUDED,2026-10-01,"Greater Des Moines Partnership member directory, category id 823. Membership is not annual revenue. Excluded as white-collar or outside the trade list based on the published name or website. Published business phone. The source did not label it a mobile line. Greater Des Moines Partnership member directory, category id 801. Membership is not annual revenue. Excluded as white-collar or outside the trade list based on the published name or website. Published business phone. The source did not label it a mobile line. Greater Des Moines Partnership member directory, category id 1002. Membership is not annual revenue. Excluded as white-collar or outside the trade list based on the published name or website. Published business phone. The source did not label it a mobile line. Greater Des Moines Partnership member directory, category id 1165. Membership is not annual revenue. Excluded as white-collar or outside the trade list based on the published name or website. Published business phone. The source did not label it a mobile line. Greater Des Moines Partnership member directory, category id 1233. Membership is not annual revenue. Excluded as white-collar or outside the trade list based on the published name or website. Published business phone. The source did not label it a mobile line. Yellow Pages Des Moines-area trade listing. A directory listing is not annual revenue. City is the city on the listing address when shown, otherwise the city in the listing URL. Excluded as white-collar or outside the trade list based on the published name or website. Published business phone. The source did not label it a mobile line."
Fidium,,,Urbandale,IA,Utility contractor,,none,,,,,,(515) 867-5800,,"Potential fit only. Exit Factor's Des Moines office is built around exit-planning support, a defined process, and a business-valuation calculator (https://exitfactor.com/offices/des-moines/; live page was Cloudflare-blocked on 2026-10-01; the 2026-02-14 archive of that URL exposes those program paths). An independent utility contractor company in Urbandale is a plausible conversation about business value, profitability, systems, management depth, or succession. This is not a sourced current need.",,,,EXCLUDED,2026-10-01,"Greater Des Moines Partnership member directory, category id 689. Membership is not annual revenue. Excluded as a national chain, national brand, or franchise. Published business phone. The source did not label it a mobile line."
TWO MEN AND A TRUCK,,,Urbandale,IA,Trucking,,none,,,,,,(515) 276-7170,,"Potential fit only. Exit Factor's Des Moines office is built around exit-planning support, a defined process, and a business-valuation calculator (https://exitfactor.com/offices/des-moines/; live page was Cloudflare-blocked on 2026-10-01; the 2026-02-14 archive of that URL exposes those program paths). An independent trucking company in Urbandale is a plausible conversation about business value, profitability, systems, management depth, or succession. This is not a sourced current need.",,,,EXCLUDED,2026-10-01,"Greater Des Moines Partnership member directory, category id 677. Membership is not annual revenue. Excluded as a national chain, national brand, or franchise. Published business phone. The source did not label it a mobile line."
Rainbow International Restoration,,,Winterset,IA,Restoration,,none,,,,,,(515) 462-4350,,"Potential fit only. Exit Factor's Des Moines office is built around exit-planning support, a defined process, and a business-valuation calculator (https://exitfactor.com/offices/des-moines/; live page was Cloudflare-blocked on 2026-10-01; the 2026-02-14 archive of that URL exposes those program paths). An independent restoration company in Winterset is a plausible conversation about business value, profitability, systems, management depth, or succession. This is not a sourced current need.",,,,EXCLUDED,2026-10-01,"Greater Des Moines Partnership member directory, category id 728. Membership is not annual revenue. Excluded as a national chain, national brand, or franchise. Published business phone. The source did not label it a mobile line. Yellow Pages Des Moines-area trade listing. A directory listing is not annual revenue. City is the city on the listing address when shown, otherwise the city in the listing URL. Excluded as a national chain, national brand, or franchise. Published business phone. The source did not label it a mobile line."
Foundation Recovery Systems,,,Ankeny,IA,Concrete,,none,,,,,,(515) 373-8491,,"Potential fit only. Exit Factor's Des Moines office is built around exit-planning support, a defined process, and a business-valuation calculator (https://exitfactor.com/offices/des-moines/; live page was Cloudflare-blocked on 2026-10-01; the 2026-02-14 archive of that URL exposes those program paths). An independent concrete company in Ankeny is a plausible conversation about business value, profitability, systems, management depth, or succession. This is not a sourced current need.",,,,EXCLUDED,2026-10-01,"Greater Des Moines Partnership member directory, category id 679. Membership is not annual revenue. Excluded as white-collar or outside the trade list based on the published name or website. Published business phone. The source did not label it a mobile line. Yellow Pages Des Moines-area trade listing. A directory listing is not annual revenue. City is the city on the listing address when shown, otherwise the city in the listing URL. Excluded as white-collar or outside the trade list based on the published name or website. Published business phone. The source did not label it a mobile line."
1-Tom Plumber Des Moines,,,Carlisle,IA,Plumbing,,none,,,,,,(515) 978-8388,,"Potential fit only. Exit Factor's Des Moines office is built around exit-planning support, a defined process, and a business-valuation calculator (https://exitfactor.com/offices/des-moines/; live page was Cloudflare-blocked on 2026-10-01; the 2026-02-14 archive of that URL exposes those program paths). An independent plumbing company in Carlisle is a plausible conversation about business value, profitability, systems, management depth, or succession. This is not a sourced current need.",,,,EXCLUDED,2026-10-01,"Greater Des Moines Partnership member directory, category id 967. Membership is not annual revenue. Excluded as a national chain, national brand, or franchise. Published business phone. The source did not label it a mobile line."
Ace Handyman Services Des Moines,,,West Des Moines,IA,Handyman,,none,,,,,,(515) 309-9922,,"Potential fit only. Exit Factor's Des Moines office is built around exit-planning support, a defined process, and a business-valuation calculator (https://exitfactor.com/offices/des-moines/; live page was Cloudflare-blocked on 2026-10-01; the 2026-02-14 archive of that URL exposes those program paths). An independent handyman company in West Des Moines is a plausible conversation about business value, profitability, systems, management depth, or succession. This is not a sourced current need.",,,,EXCLUDED,2026-10-01,"Greater Des Moines Partnership member directory, category id 812. Membership is not annual revenue. Excluded as a national chain, national brand, or franchise. Published business phone. The source did not label it a mobile line."
D.R. Horton,,,Ankeny,IA,Construction,,none,,"Home Builders Association data reported February 23, 2026: 487 single-family permits in Greater Des Moines in 2025, permit value $171.9 million, plus 238 townhome units, permit value $68 million. July 24, 2026: 253 permits in the first half of 2026, permit value $85.9 million. Article says the company is headquartered in Arlington, Texas, and entered Des Moines in 2018 by acquiring Classic Builders.",,,,(515) 620-4240,,"Potential fit only. Exit Factor's Des Moines office is built around exit-planning support, a defined process, and a business-valuation calculator (https://exitfactor.com/offices/des-moines/; live page was Cloudflare-blocked on 2026-10-01; the 2026-02-14 archive of that URL exposes those program paths). An independent construction company in Ankeny is a plausible conversation about business value, profitability, systems, management depth, or succession. This is not a sourced current need.",,,,EXCLUDED,2026-10-01,"Greater Des Moines Partnership member directory, category id 1234. Membership is not annual revenue. Excluded as a national chain, national brand, or franchise. Published business phone. The source did not label it a mobile line. Public national home builder headquartered in Arlington, Texas. No local individual owner."
Adams Family Realty,,,Johnston,IA,Construction,,none,,,,,,(319) 329-6975,,"Potential fit only. Exit Factor's Des Moines office is built around exit-planning support, a defined process, and a business-valuation calculator (https://exitfactor.com/offices/des-moines/; live page was Cloudflare-blocked on 2026-10-01; the 2026-02-14 archive of that URL exposes those program paths). An independent construction company in Johnston is a plausible conversation about business value, profitability, systems, management depth, or succession. This is not a sourced current need.",,,,EXCLUDED,2026-10-01,"Greater Des Moines Partnership member directory, category id 1233. Membership is not annual revenue. Excluded as a national chain, national brand, or franchise. Published business phone. The source did not label it a mobile line."
Iowa Realty,,,Des Moines,IA,Construction,,none,,,,,,(515) 453-5900,,"Potential fit only. Exit Factor's Des Moines office is built around exit-planning support, a defined process, and a business-valuation calculator (https://exitfactor.com/offices/des-moines/; live page was Cloudflare-blocked on 2026-10-01; the 2026-02-14 archive of that URL exposes those program paths). An independent construction company in Des Moines is a plausible conversation about business value, profitability, systems, management depth, or succession. This is not a sourced current need.",,,,EXCLUDED,2026-10-01,"Greater Des Moines Partnership member directory, category id 1233. Membership is not annual revenue. Excluded as white-collar or outside the trade list based on the published name or website. Published business phone. The source did not label it a mobile line."
Woodruff Construction,,,Ames,IA,Construction,,none,,,,,,(515) 232-4535 Ex: 26,,"Potential fit only. Exit Factor's Des Moines office is built around exit-planning support, a defined process, and a business-valuation calculator (https://exitfactor.com/offices/des-moines/; live page was Cloudflare-blocked on 2026-10-01; the 2026-02-14 archive of that URL exposes those program paths). An independent construction company in Ames is a plausible conversation about business value, profitability, systems, management depth, or succession. This is not a sourced current need.",,,,EXCLUDED,2026-10-01,"Greater Des Moines Partnership member directory, category id 1233. Membership is not annual revenue. Excluded as employee-owned; no individual owner to attach. Published business phone. The source did not label it a mobile line."
Arcosa,,,Newton,IA,Manufacturing,,none,,,,,,(641) 791-3700,,"Potential fit only. Exit Factor's Des Moines office is built around exit-planning support, a defined process, and a business-valuation calculator (https://exitfactor.com/offices/des-moines/; live page was Cloudflare-blocked on 2026-10-01; the 2026-02-14 archive of that URL exposes those program paths). An independent manufacturing company in Newton is a plausible conversation about business value, profitability, systems, management depth, or succession. This is not a sourced current need.",,,,EXCLUDED,2026-10-01,"Greater Des Moines Partnership member directory, category id 1262. Membership is not annual revenue. Excluded as a national chain, national brand, or franchise. Published business phone. The source did not label it a mobile line."
"Graphic Packaging International, Inc.",,,Newton,IA,Manufacturing,,none,,,,,,(641) 791-7971,,"Potential fit only. Exit Factor's Des Moines office is built around exit-planning support, a defined process, and a business-valuation calculator (https://exitfactor.com/offices/des-moines/; live page was Cloudflare-blocked on 2026-10-01; the 2026-02-14 archive of that URL exposes those program paths). An independent manufacturing company in Newton is a plausible conversation about business value, profitability, systems, management depth, or succession. This is not a sourced current need.",,,,EXCLUDED,2026-10-01,"Greater Des Moines Partnership member directory, category id 1262. Membership is not annual revenue. Excluded as a national chain, national brand, or franchise. Published business phone. The source did not label it a mobile line."
Nucor Fab Midwest,,,Newton,IA,Manufacturing,,none,,,,,,(641) 792-7142,,"Potential fit only. Exit Factor's Des Moines office is built around exit-planning support, a defined process, and a business-valuation calculator (https://exitfactor.com/offices/des-moines/; live page was Cloudflare-blocked on 2026-10-01; the 2026-02-14 archive of that URL exposes those program paths). An independent manufacturing company in Newton is a plausible conversation about business value, profitability, systems, management depth, or succession. This is not a sourced current need.",,,,EXCLUDED,2026-10-01,"Greater Des Moines Partnership member directory, category id 1262. Membership is not annual revenue. Excluded as a national chain, national brand, or franchise. Published business phone. The source did not label it a mobile line."
Renewable Energy Group,,,Newton,IA,Manufacturing,,none,,,,,,(641) 791-1010,,"Potential fit only. Exit Factor's Des Moines office is built around exit-planning support, a defined process, and a business-valuation calculator (https://exitfactor.com/offices/des-moines/; live page was Cloudflare-blocked on 2026-10-01; the 2026-02-14 archive of that URL exposes those program paths). An independent manufacturing company in Newton is a plausible conversation about business value, profitability, systems, management depth, or succession. This is not a sourced current need.",,,,EXCLUDED,2026-10-01,"Greater Des Moines Partnership member directory, category id 1262. Membership is not annual revenue. Excluded as a national chain, national brand, or franchise. Published business phone. The source did not label it a mobile line."
"General Mills Operations, Inc.",,,Carlisle,IA,Manufacturing,,none,,,,,,(515) 262-9353,,"Potential fit only. Exit Factor's Des Moines office is built around exit-planning support, a defined process, and a business-valuation calculator (https://exitfactor.com/offices/des-moines/; live page was Cloudflare-blocked on 2026-10-01; the 2026-02-14 archive of that URL exposes those program paths). An independent manufacturing company in Carlisle is a plausible conversation about business value, profitability, systems, management depth, or succession. This is not a sourced current need.",,,,EXCLUDED,2026-10-01,"Greater Des Moines Partnership member directory, category id 1262. Membership is not annual revenue. Excluded as a national chain, national brand, or franchise. Published business phone. The source did not label it a mobile line."
John Deere Des Moines Works,,,Ankeny,IA,Manufacturing,,none,,,,,,(515) 289-1350,,"Potential fit only. Exit Factor's Des Moines office is built around exit-planning support, a defined process, and a business-valuation calculator (https://exitfactor.com/offices/des-moines/; live page was Cloudflare-blocked on 2026-10-01; the 2026-02-14 archive of that URL exposes those program paths). An independent manufacturing company in Ankeny is a plausible conversation about business value, profitability, systems, management depth, or succession. This is not a sourced current need.",,,,EXCLUDED,2026-10-01,"Greater Des Moines Partnership member directory, category id 1262. Membership is not annual revenue. Excluded as a national chain, national brand, or franchise. Published business phone. The source did not label it a mobile line."
Engineering Excellence,,,Des Moines,IA,HVAC,,none,,,,,,(515) 480-5737,,"Potential fit only. Exit Factor's Des Moines office is built around exit-planning support, a defined process, and a business-valuation calculator (https://exitfactor.com/offices/des-moines/; live page was Cloudflare-blocked on 2026-10-01; the 2026-02-14 archive of that URL exposes those program paths). An independent hvac company in Des Moines is a plausible conversation about business value, profitability, systems, management depth, or succession. This is not a sourced current need.",,,,EXCLUDED,2026-10-01,"Yellow Pages Des Moines-area trade listing. A directory listing is not annual revenue. City is the city on the listing address when shown, otherwise the city in the listing URL. Excluded as white-collar or outside the trade list based on the published name or website. Published business phone. The source did not label it a mobile line."
Sunbelt Rentals Power & HVAC,,,Des Moines,IA,HVAC,,none,,,,,,(515) 400-8966,,"Potential fit only. Exit Factor's Des Moines office is built around exit-planning support, a defined process, and a business-valuation calculator (https://exitfactor.com/offices/des-moines/; live page was Cloudflare-blocked on 2026-10-01; the 2026-02-14 archive of that URL exposes those program paths). An independent hvac company in Des Moines is a plausible conversation about business value, profitability, systems, management depth, or succession. This is not a sourced current need.",,,,EXCLUDED,2026-10-01,"Yellow Pages Des Moines-area trade listing. A directory listing is not annual revenue. City is the city on the listing address when shown, otherwise the city in the listing URL. Excluded as a national chain, national brand, or franchise. Published business phone. The source did not label it a mobile line."
Home Services at The Home Depot,,,Des Moines,IA,HVAC,,none,,,,,,(844) 476-2140,,"Potential fit only. Exit Factor's Des Moines office is built around exit-planning support, a defined process, and a business-valuation calculator (https://exitfactor.com/offices/des-moines/; live page was Cloudflare-blocked on 2026-10-01; the 2026-02-14 archive of that URL exposes those program paths). An independent hvac company in Des Moines is a plausible conversation about business value, profitability, systems, management depth, or succession. This is not a sourced current need.",,,,EXCLUDED,2026-10-01,"Yellow Pages Des Moines-area trade listing. A directory listing is not annual revenue. City is the city on the listing address when shown, otherwise the city in the listing URL. Excluded as a national chain, national brand, or franchise. Published business phone. The source did not label it a mobile line."
Ferguson,,,Grimes,IA,HVAC,,none,,,,,,(515) 251-8008,,"Potential fit only. Exit Factor's Des Moines office is built around exit-planning support, a defined process, and a business-valuation calculator (https://exitfactor.com/offices/des-moines/; live page was Cloudflare-blocked on 2026-10-01; the 2026-02-14 archive of that URL exposes those program paths). An independent hvac company in Grimes is a plausible conversation about business value, profitability, systems, management depth, or succession. This is not a sourced current need.",,,,EXCLUDED,2026-10-01,"Yellow Pages Des Moines-area trade listing. A directory listing is not annual revenue. City is the city on the listing address when shown, otherwise the city in the listing URL. Excluded as a national chain, national brand, or franchise. Published business phone. The source did not label it a mobile line."
Sunbelt Rentals Climate Control,,,Grimes,IA,HVAC,,none,,,,,,(515) 706-6951,,"Potential fit only. Exit Factor's Des Moines office is built around exit-planning support, a defined process, and a business-valuation calculator (https://exitfactor.com/offices/des-moines/; live page was Cloudflare-blocked on 2026-10-01; the 2026-02-14 archive of that URL exposes those program paths). An independent hvac company in Grimes is a plausible conversation about business value, profitability, systems, management depth, or succession. This is not a sourced current need.",,,,EXCLUDED,2026-10-01,"Yellow Pages Des Moines-area trade listing. A directory listing is not annual revenue. City is the city on the listing address when shown, otherwise the city in the listing URL. Excluded as a national chain, national brand, or franchise. Published business phone. The source did not label it a mobile line."
Jon's Dry Basement Foundation Repair,,,Des Moines,IA,Construction,,none,,,,,,(515) 422-9756,,"Potential fit only. Exit Factor's Des Moines office is built around exit-planning support, a defined process, and a business-valuation calculator (https://exitfactor.com/offices/des-moines/; live page was Cloudflare-blocked on 2026-10-01; the 2026-02-14 archive of that URL exposes those program paths). An independent construction company in Des Moines is a plausible conversation about business value, profitability, systems, management depth, or succession. This is not a sourced current need.",,,,EXCLUDED,2026-10-01,"Yellow Pages Des Moines-area trade listing. A directory listing is not annual revenue. City is the city on the listing address when shown, otherwise the city in the listing URL. Excluded as white-collar or outside the trade list based on the published name or website. Published business phone. The source did not label it a mobile line."
Sunbelt Rentals Scaffold Services,,,Des Moines,IA,Construction,,none,,,,,,(515) 266-7899,,"Potential fit only. Exit Factor's Des Moines office is built around exit-planning support, a defined process, and a business-valuation calculator (https://exitfactor.com/offices/des-moines/; live page was Cloudflare-blocked on 2026-10-01; the 2026-02-14 archive of that URL exposes those program paths). An independent construction company in Des Moines is a plausible conversation about business value, profitability, systems, management depth, or succession. This is not a sourced current need.",,,,EXCLUDED,2026-10-01,"Yellow Pages Des Moines-area trade listing. A directory listing is not annual revenue. City is the city on the listing address when shown, otherwise the city in the listing URL. Excluded as a national chain, national brand, or franchise. Published business phone. The source did not label it a mobile line."
Nlv Financial,,,West Des Moines,IA,Construction,,none,,,,,,(515) 440-3750,,"Potential fit only. Exit Factor's Des Moines office is built around exit-planning support, a defined process, and a business-valuation calculator (https://exitfactor.com/offices/des-moines/; live page was Cloudflare-blocked on 2026-10-01; the 2026-02-14 archive of that URL exposes those program paths). An independent construction company in West Des Moines is a plausible conversation about business value, profitability, systems, management depth, or succession. This is not a sourced current need.",,,,EXCLUDED,2026-10-01,"Yellow Pages Des Moines-area trade listing. A directory listing is not annual revenue. City is the city on the listing address when shown, otherwise the city in the listing URL. Excluded as white-collar or outside the trade list based on the published name or website. Published business phone. The source did not label it a mobile line."
College Hunks Hauling Junk and Moving Des Moines,,,Clive,IA,Construction,,none,,,,,,(515) 619-5486,,"Potential fit only. Exit Factor's Des Moines office is built around exit-planning support, a defined process, and a business-valuation calculator (https://exitfactor.com/offices/des-moines/; live page was Cloudflare-blocked on 2026-10-01; the 2026-02-14 archive of that URL exposes those program paths). An independent construction company in Clive is a plausible conversation about business value, profitability, systems, management depth, or succession. This is not a sourced current need.",,,,EXCLUDED,2026-10-01,"Yellow Pages Des Moines-area trade listing. A directory listing is not annual revenue. City is the city on the listing address when shown, otherwise the city in the listing URL. Excluded as a national chain, national brand, or franchise. Published business phone. The source did not label it a mobile line."
Ace Handyman Services West Des Moines,,,West Des Moines,IA,Construction,,none,,,,,,(515) 200-2503,,"Potential fit only. Exit Factor's Des Moines office is built around exit-planning support, a defined process, and a business-valuation calculator (https://exitfactor.com/offices/des-moines/; live page was Cloudflare-blocked on 2026-10-01; the 2026-02-14 archive of that URL exposes those program paths). An independent construction company in West Des Moines is a plausible conversation about business value, profitability, systems, management depth, or succession. This is not a sourced current need.",,,,EXCLUDED,2026-10-01,"Yellow Pages Des Moines-area trade listing. A directory listing is not annual revenue. City is the city on the listing address when shown, otherwise the city in the listing URL. Excluded as a national chain, national brand, or franchise. Published business phone. The source did not label it a mobile line."
Urbandale City Public Works,,,Urbandale,IA,Concrete,,none,,,,,,(515) 278-3950,,"Potential fit only. Exit Factor's Des Moines office is built around exit-planning support, a defined process, and a business-valuation calculator (https://exitfactor.com/offices/des-moines/; live page was Cloudflare-blocked on 2026-10-01; the 2026-02-14 archive of that URL exposes those program paths). An independent concrete company in Urbandale is a plausible conversation about business value, profitability, systems, management depth, or succession. This is not a sourced current need.",,,,EXCLUDED,2026-10-01,"Yellow Pages Des Moines-area trade listing. A directory listing is not annual revenue. City is the city on the listing address when shown, otherwise the city in the listing URL. Excluded as a government or public agency. Published business phone. The source did not label it a mobile line."
Mr. Electric,,,Des Moines,IA,Electrical,,none,,,,,,(515) 282-1122,,"Potential fit only. Exit Factor's Des Moines office is built around exit-planning support, a defined process, and a business-valuation calculator (https://exitfactor.com/offices/des-moines/; live page was Cloudflare-blocked on 2026-10-01; the 2026-02-14 archive of that URL exposes those program paths). An independent electrical company in Des Moines is a plausible conversation about business value, profitability, systems, management depth, or succession. This is not a sourced current need.",,,,EXCLUDED,2026-10-01,"Yellow Pages Des Moines-area trade listing. A directory listing is not annual revenue. City is the city on the listing address when shown, otherwise the city in the listing URL. Excluded as a national chain, national brand, or franchise. Published business phone. The source did not label it a mobile line."
Mr. Electric of Central Iowa,,,Urbandale,IA,Electrical,,none,,,,,,(515) 650-9233,,"Potential fit only. Exit Factor's Des Moines office is built around exit-planning support, a defined process, and a business-valuation calculator (https://exitfactor.com/offices/des-moines/; live page was Cloudflare-blocked on 2026-10-01; the 2026-02-14 archive of that URL exposes those program paths). An independent electrical company in Urbandale is a plausible conversation about business value, profitability, systems, management depth, or succession. This is not a sourced current need.",,,,EXCLUDED,2026-10-01,"Yellow Pages Des Moines-area trade listing. A directory listing is not annual revenue. City is the city on the listing address when shown, otherwise the city in the listing URL. Excluded as a national chain, national brand, or franchise. Published business phone. The source did not label it a mobile line."
United Rentals,,,Grimes,IA,Excavation,,none,,,,,,(515) 986-5944,,"Potential fit only. Exit Factor's Des Moines office is built around exit-planning support, a defined process, and a business-valuation calculator (https://exitfactor.com/offices/des-moines/; live page was Cloudflare-blocked on 2026-10-01; the 2026-02-14 archive of that URL exposes those program paths). An independent excavation company in Grimes is a plausible conversation about business value, profitability, systems, management depth, or succession. This is not a sourced current need.",,,,EXCLUDED,2026-10-01,"Yellow Pages Des Moines-area trade listing. A directory listing is not annual revenue. City is the city on the listing address when shown, otherwise the city in the listing URL. Excluded as a national chain, national brand, or franchise. Published business phone. The source did not label it a mobile line."
Roto-Rooter,https://www.rotorooter.com/desmoines/?utm_source=iyp&utm_medium=paid&utm_campaign=iyp,rotorooter.com,Grimes,IA,Restoration,,none,,,,,,(515) 809-5240,,"Potential fit only. Exit Factor's Des Moines office is built around exit-planning support, a defined process, and a business-valuation calculator (https://exitfactor.com/offices/des-moines/; live page was Cloudflare-blocked on 2026-10-01; the 2026-02-14 archive of that URL exposes those program paths). An independent restoration company in Grimes is a plausible conversation about business value, profitability, systems, management depth, or succession. This is not a sourced current need.",,,,EXCLUDED,2026-10-01,"Yellow Pages Des Moines-area trade listing. A directory listing is not annual revenue. City is the city on the listing address when shown, otherwise the city in the listing URL. Excluded as a national chain, national brand, or franchise. Published business phone. The source did not label it a mobile line."
ServiceMaster BioClean,,,Des Moines,IA,Restoration,,none,,,,,,(515) 864-0920,,"Potential fit only. Exit Factor's Des Moines office is built around exit-planning support, a defined process, and a business-valuation calculator (https://exitfactor.com/offices/des-moines/; live page was Cloudflare-blocked on 2026-10-01; the 2026-02-14 archive of that URL exposes those program paths). An independent restoration company in Des Moines is a plausible conversation about business value, profitability, systems, management depth, or succession. This is not a sourced current need.",,,,EXCLUDED,2026-10-01,"Yellow Pages Des Moines-area trade listing. A directory listing is not annual revenue. City is the city on the listing address when shown, otherwise the city in the listing URL. Excluded as a national chain, national brand, or franchise. Published business phone. The source did not label it a mobile line."
SERVPRO of Des Moines SW,,,Des Moines,IA,Restoration,,none,,,,,,(515) 244-5511,,"Potential fit only. Exit Factor's Des Moines office is built around exit-planning support, a defined process, and a business-valuation calculator (https://exitfactor.com/offices/des-moines/; live page was Cloudflare-blocked on 2026-10-01; the 2026-02-14 archive of that URL exposes those program paths). An independent restoration company in Des Moines is a plausible conversation about business value, profitability, systems, management depth, or succession. This is not a sourced current need.",,,,EXCLUDED,2026-10-01,"Yellow Pages Des Moines-area trade listing. A directory listing is not annual revenue. City is the city on the listing address when shown, otherwise the city in the listing URL. Excluded as a national chain, national brand, or franchise. Published business phone. The source did not label it a mobile line."
ServiceMaster Restore of Des Moines,,,Clive,IA,Restoration,,none,,,,,,(515) 599-5556,,"Potential fit only. Exit Factor's Des Moines office is built around exit-planning support, a defined process, and a business-valuation calculator (https://exitfactor.com/offices/des-moines/; live page was Cloudflare-blocked on 2026-10-01; the 2026-02-14 archive of that URL exposes those program paths). An independent restoration company in Clive is a plausible conversation about business value, profitability, systems, management depth, or succession. This is not a sourced current need.",,,,EXCLUDED,2026-10-01,"Yellow Pages Des Moines-area trade listing. A directory listing is not annual revenue. City is the city on the listing address when shown, otherwise the city in the listing URL. Excluded as a national chain, national brand, or franchise. Published business phone. The source did not label it a mobile line."
Foundation Recovery Systems Des Moines,,,Johnston,IA,Restoration,,none,,,,,,(515) 373-8491,,"Potential fit only. Exit Factor's Des Moines office is built around exit-planning support, a defined process, and a business-valuation calculator (https://exitfactor.com/offices/des-moines/; live page was Cloudflare-blocked on 2026-10-01; the 2026-02-14 archive of that URL exposes those program paths). An independent restoration company in Johnston is a plausible conversation about business value, profitability, systems, management depth, or succession. This is not a sourced current need.",,,,EXCLUDED,2026-10-01,"Yellow Pages Des Moines-area trade listing. A directory listing is not annual revenue. City is the city on the listing address when shown, otherwise the city in the listing URL. Excluded as white-collar or outside the trade list based on the published name or website. Published business phone. The source did not label it a mobile line."
Stanley Steemer,,,Grimes,IA,Restoration,,none,,,,,,(515) 223-5868,,"Potential fit only. Exit Factor's Des Moines office is built around exit-planning support, a defined process, and a business-valuation calculator (https://exitfactor.com/offices/des-moines/; live page was Cloudflare-blocked on 2026-10-01; the 2026-02-14 archive of that URL exposes those program paths). An independent restoration company in Grimes is a plausible conversation about business value, profitability, systems, management depth, or succession. This is not a sourced current need.",,,,EXCLUDED,2026-10-01,"Yellow Pages Des Moines-area trade listing. A directory listing is not annual revenue. City is the city on the listing address when shown, otherwise the city in the listing URL. Excluded as a national chain, national brand, or franchise. Published business phone. The source did not label it a mobile line."
Pro Desk at The Home Depot,,,Des Moines,IA,Flooring,,none,,,,,,(515) 974-2310,,"Potential fit only. Exit Factor's Des Moines office is built around exit-planning support, a defined process, and a business-valuation calculator (https://exitfactor.com/offices/des-moines/; live page was Cloudflare-blocked on 2026-10-01; the 2026-02-14 archive of that URL exposes those program paths). An independent flooring company in Des Moines is a plausible conversation about business value, profitability, systems, management depth, or succession. This is not a sourced current need.",,,,EXCLUDED,2026-10-01,"Yellow Pages Des Moines-area trade listing. A directory listing is not annual revenue. City is the city on the listing address when shown, otherwise the city in the listing URL. Excluded as a national chain, national brand, or franchise. Published business phone. The source did not label it a mobile line."
Epp Foundation Repair,,,Clive,IA,Foundation,,none,,,,,,(515) 349-5562,,"Potential fit only. Exit Factor's Des Moines office is built around exit-planning support, a defined process, and a business-valuation calculator (https://exitfactor.com/offices/des-moines/; live page was Cloudflare-blocked on 2026-10-01; the 2026-02-14 archive of that URL exposes those program paths). An independent foundation company in Clive is a plausible conversation about business value, profitability, systems, management depth, or succession. This is not a sourced current need.",,,,EXCLUDED,2026-10-01,"Yellow Pages Des Moines-area trade listing. A directory listing is not annual revenue. City is the city on the listing address when shown, otherwise the city in the listing URL. Excluded as white-collar or outside the trade list based on the published name or website. Published business phone. The source did not label it a mobile line."
DBI Foundation Repair,,,Dallas Center,IA,Foundation,,none,,,,,,(515) 717-3002,,"Potential fit only. Exit Factor's Des Moines office is built around exit-planning support, a defined process, and a business-valuation calculator (https://exitfactor.com/offices/des-moines/; live page was Cloudflare-blocked on 2026-10-01; the 2026-02-14 archive of that URL exposes those program paths). An independent foundation company in Dallas Center is a plausible conversation about business value, profitability, systems, management depth, or succession. This is not a sourced current need.",,,,EXCLUDED,2026-10-01,"Yellow Pages Des Moines-area trade listing. A directory listing is not annual revenue. City is the city on the listing address when shown, otherwise the city in the listing URL. Excluded as white-collar or outside the trade list based on the published name or website. Published business phone. The source did not label it a mobile line."
Garden Center at The Home Depot,,,Des Moines,IA,Garage doors,,none,,,,,,(515) 287-7269,,"Potential fit only. Exit Factor's Des Moines office is built around exit-planning support, a defined process, and a business-valuation calculator (https://exitfactor.com/offices/des-moines/; live page was Cloudflare-blocked on 2026-10-01; the 2026-02-14 archive of that URL exposes those program paths). An independent garage doors company in Des Moines is a plausible conversation about business value, profitability, systems, management depth, or succession. This is not a sourced current need.",,,,EXCLUDED,2026-10-01,"Yellow Pages Des Moines-area trade listing. A directory listing is not annual revenue. City is the city on the listing address when shown, otherwise the city in the listing URL. Excluded as a national chain, national brand, or franchise. Published business phone. The source did not label it a mobile line."
Lowe's Home Improvement,,,West Des Moines,IA,Garage doors,,none,,,,,,(515) 440-9940,,"Potential fit only. Exit Factor's Des Moines office is built around exit-planning support, a defined process, and a business-valuation calculator (https://exitfactor.com/offices/des-moines/; live page was Cloudflare-blocked on 2026-10-01; the 2026-02-14 archive of that URL exposes those program paths). An independent garage doors company in West Des Moines is a plausible conversation about business value, profitability, systems, management depth, or succession. This is not a sourced current need.",,,,EXCLUDED,2026-10-01,"Yellow Pages Des Moines-area trade listing. A directory listing is not annual revenue. City is the city on the listing address when shown, otherwise the city in the listing URL. Excluded as a national chain, national brand, or franchise. Published business phone. The source did not label it a mobile line."
Aire Serv of NW Des Moines,,,Urbandale,IA,HVAC,,none,,,,,,(515) 207-0939,,"Potential fit only. Exit Factor's Des Moines office is built around exit-planning support, a defined process, and a business-valuation calculator (https://exitfactor.com/offices/des-moines/; live page was Cloudflare-blocked on 2026-10-01; the 2026-02-14 archive of that URL exposes those program paths). An independent hvac company in Urbandale is a plausible conversation about business value, profitability, systems, management depth, or succession. This is not a sourced current need.",,,,EXCLUDED,2026-10-01,"Yellow Pages Des Moines-area trade listing. A directory listing is not annual revenue. City is the city on the listing address when shown, otherwise the city in the listing URL. Excluded as a national chain, national brand, or franchise. Published business phone. The source did not label it a mobile line."
Ruby Rose Townhomes by D.R. Horton,,,Des Moines,IA,Home builder,,none,,,,,,(515) 420-1609,,"Potential fit only. Exit Factor's Des Moines office is built around exit-planning support, a defined process, and a business-valuation calculator (https://exitfactor.com/offices/des-moines/; live page was Cloudflare-blocked on 2026-10-01; the 2026-02-14 archive of that URL exposes those program paths). An independent home builder company in Des Moines is a plausible conversation about business value, profitability, systems, management depth, or succession. This is not a sourced current need.",,,,EXCLUDED,2026-10-01,"Yellow Pages Des Moines-area trade listing. A directory listing is not annual revenue. City is the city on the listing address when shown, otherwise the city in the listing URL. Excluded as a national chain, national brand, or franchise. Published business phone. The source did not label it a mobile line."
Woods of Copper Creek by D.R. Horton,,,Des Moines,IA,Home builder,,none,,,,,,(515) 420-1609,,"Potential fit only. Exit Factor's Des Moines office is built around exit-planning support, a defined process, and a business-valuation calculator (https://exitfactor.com/offices/des-moines/; live page was Cloudflare-blocked on 2026-10-01; the 2026-02-14 archive of that URL exposes those program paths). An independent home builder company in Des Moines is a plausible conversation about business value, profitability, systems, management depth, or succession. This is not a sourced current need.",,,,EXCLUDED,2026-10-01,"Yellow Pages Des Moines-area trade listing. A directory listing is not annual revenue. City is the city on the listing address when shown, otherwise the city in the listing URL. Excluded as a national chain, national brand, or franchise. Published business phone. The source did not label it a mobile line."
Three Lakes by D.R. Horton,,,Des Moines,IA,Home builder,,none,,,,,,(515) 417-0914,,"Potential fit only. Exit Factor's Des Moines office is built around exit-planning support, a defined process, and a business-valuation calculator (https://exitfactor.com/offices/des-moines/; live page was Cloudflare-blocked on 2026-10-01; the 2026-02-14 archive of that URL exposes those program paths). An independent home builder company in Des Moines is a plausible conversation about business value, profitability, systems, management depth, or succession. This is not a sourced current need.",,,,EXCLUDED,2026-10-01,"Yellow Pages Des Moines-area trade listing. A directory listing is not annual revenue. City is the city on the listing address when shown, otherwise the city in the listing URL. Excluded as a national chain, national brand, or franchise. Published business phone. The source did not label it a mobile line."
Oakland Group Home,,,Des Moines,IA,Home builder,,none,,,,,,(515) 244-8381,,"Potential fit only. Exit Factor's Des Moines office is built around exit-planning support, a defined process, and a business-valuation calculator (https://exitfactor.com/offices/des-moines/; live page was Cloudflare-blocked on 2026-10-01; the 2026-02-14 archive of that URL exposes those program paths). An independent home builder company in Des Moines is a plausible conversation about business value, profitability, systems, management depth, or succession. This is not a sourced current need.",,,,EXCLUDED,2026-10-01,"Yellow Pages Des Moines-area trade listing. A directory listing is not annual revenue. City is the city on the listing address when shown, otherwise the city in the listing URL. Excluded as a government or public agency. Published business phone. The source did not label it a mobile line."
Villas at Willow Run Twinhomes by D.R. Horton,,,Ankeny,IA,Home builder,,none,,,,,,(515) 420-1609,,"Potential fit only. Exit Factor's Des Moines office is built around exit-planning support, a defined process, and a business-valuation calculator (https://exitfactor.com/offices/des-moines/; live page was Cloudflare-blocked on 2026-10-01; the 2026-02-14 archive of that URL exposes those program paths). An independent home builder company in Ankeny is a plausible conversation about business value, profitability, systems, management depth, or succession. This is not a sourced current need.",,,,EXCLUDED,2026-10-01,"Yellow Pages Des Moines-area trade listing. A directory listing is not annual revenue. City is the city on the listing address when shown, otherwise the city in the listing URL. Excluded as a national chain, national brand, or franchise. Published business phone. The source did not label it a mobile line."
Banks Landing Townhomes by D.R. Horton,,,West Des Moines,IA,Home builder,,none,,,,,,(515) 420-1609,,"Potential fit only. Exit Factor's Des Moines office is built around exit-planning support, a defined process, and a business-valuation calculator (https://exitfactor.com/offices/des-moines/; live page was Cloudflare-blocked on 2026-10-01; the 2026-02-14 archive of that URL exposes those program paths). An independent home builder company in West Des Moines is a plausible conversation about business value, profitability, systems, management depth, or succession. This is not a sourced current need.",,,,EXCLUDED,2026-10-01,"Yellow Pages Des Moines-area trade listing. A directory listing is not annual revenue. City is the city on the listing address when shown, otherwise the city in the listing URL. Excluded as a national chain, national brand, or franchise. Published business phone. The source did not label it a mobile line."
Stonebridge by D.R. Horton,,,Altoona,IA,Home builder,,none,,,,,,(515) 204-2067,,"Potential fit only. Exit Factor's Des Moines office is built around exit-planning support, a defined process, and a business-valuation calculator (https://exitfactor.com/offices/des-moines/; live page was Cloudflare-blocked on 2026-10-01; the 2026-02-14 archive of that URL exposes those program paths). An independent home builder company in Altoona is a plausible conversation about business value, profitability, systems, management depth, or succession. This is not a sourced current need.",,,,EXCLUDED,2026-10-01,"Yellow Pages Des Moines-area trade listing. A directory listing is not annual revenue. City is the city on the listing address when shown, otherwise the city in the listing URL. Excluded as a national chain, national brand, or franchise. Published business phone. The source did not label it a mobile line."
Show Realty Group,,,Clive,IA,Home builder,,none,,,,,,(515) 280-7807,,"Potential fit only. Exit Factor's Des Moines office is built around exit-planning support, a defined process, and a business-valuation calculator (https://exitfactor.com/offices/des-moines/; live page was Cloudflare-blocked on 2026-10-01; the 2026-02-14 archive of that URL exposes those program paths). An independent home builder company in Clive is a plausible conversation about business value, profitability, systems, management depth, or succession. This is not a sourced current need.",,,,EXCLUDED,2026-10-01,"Yellow Pages Des Moines-area trade listing. A directory listing is not annual revenue. City is the city on the listing address when shown, otherwise the city in the listing URL. Excluded as white-collar or outside the trade list based on the published name or website. Published business phone. The source did not label it a mobile line."
Iowa Division Office by D.R. Horton,,,Ankeny,IA,Home builder,,none,,,,,,(515) 620-4240,,"Potential fit only. Exit Factor's Des Moines office is built around exit-planning support, a defined process, and a business-valuation calculator (https://exitfactor.com/offices/des-moines/; live page was Cloudflare-blocked on 2026-10-01; the 2026-02-14 archive of that URL exposes those program paths). An independent home builder company in Ankeny is a plausible conversation about business value, profitability, systems, management depth, or succession. This is not a sourced current need.",,,,EXCLUDED,2026-10-01,"Yellow Pages Des Moines-area trade listing. A directory listing is not annual revenue. City is the city on the listing address when shown, otherwise the city in the listing URL. Excluded as a national chain, national brand, or franchise. Published business phone. The source did not label it a mobile line."
Brook Ridge by D.R. Horton,,,Altoona,IA,Home builder,,none,,,,,,(515) 420-1609,,"Potential fit only. Exit Factor's Des Moines office is built around exit-planning support, a defined process, and a business-valuation calculator (https://exitfactor.com/offices/des-moines/; live page was Cloudflare-blocked on 2026-10-01; the 2026-02-14 archive of that URL exposes those program paths). An independent home builder company in Altoona is a plausible conversation about business value, profitability, systems, management depth, or succession. This is not a sourced current need.",,,,EXCLUDED,2026-10-01,"Yellow Pages Des Moines-area trade listing. A directory listing is not annual revenue. City is the city on the listing address when shown, otherwise the city in the listing URL. Excluded as a national chain, national brand, or franchise. Published business phone. The source did not label it a mobile line."
Estates at Prairie Trail by D.R. Horton,,,Ankeny,IA,Home builder,,none,,,,,,(515) 420-1609,,"Potential fit only. Exit Factor's Des Moines office is built around exit-planning support, a defined process, and a business-valuation calculator (https://exitfactor.com/offices/des-moines/; live page was Cloudflare-blocked on 2026-10-01; the 2026-02-14 archive of that URL exposes those program paths). An independent home builder company in Ankeny is a plausible conversation about business value, profitability, systems, management depth, or succession. This is not a sourced current need.",,,,EXCLUDED,2026-10-01,"Yellow Pages Des Moines-area trade listing. A directory listing is not annual revenue. City is the city on the listing address when shown, otherwise the city in the listing URL. Excluded as a national chain, national brand, or franchise. Published business phone. The source did not label it a mobile line."
Pointes West by D.R. Horton,,,Ankeny,IA,Home builder,,none,,,,,,(515) 420-1609,,"Potential fit only. Exit Factor's Des Moines office is built around exit-planning support, a defined process, and a business-valuation calculator (https://exitfactor.com/offices/des-moines/; live page was Cloudflare-blocked on 2026-10-01; the 2026-02-14 archive of that URL exposes those program paths). An independent home builder company in Ankeny is a plausible conversation about business value, profitability, systems, management depth, or succession. This is not a sourced current need.",,,,EXCLUDED,2026-10-01,"Yellow Pages Des Moines-area trade listing. A directory listing is not annual revenue. City is the city on the listing address when shown, otherwise the city in the listing URL. Excluded as a national chain, national brand, or franchise. Published business phone. The source did not label it a mobile line."
Spring Creek Ridge West by D.R. Horton,,,Altoona,IA,Home builder,,none,,,,,,(515) 717-8049,,"Potential fit only. Exit Factor's Des Moines office is built around exit-planning support, a defined process, and a business-valuation calculator (https://exitfactor.com/offices/des-moines/; live page was Cloudflare-blocked on 2026-10-01; the 2026-02-14 archive of that URL exposes those program paths). An independent home builder company in Altoona is a plausible conversation about business value, profitability, systems, management depth, or succession. This is not a sourced current need.",,,,EXCLUDED,2026-10-01,"Yellow Pages Des Moines-area trade listing. A directory listing is not annual revenue. City is the city on the listing address when shown, otherwise the city in the listing URL. Excluded as a national chain, national brand, or franchise. Published business phone. The source did not label it a mobile line."
Spring Creek Ridge North by D.R. Horton,,,Altoona,IA,Home builder,,none,,,,,,(515) 420-1609,,"Potential fit only. Exit Factor's Des Moines office is built around exit-planning support, a defined process, and a business-valuation calculator (https://exitfactor.com/offices/des-moines/; live page was Cloudflare-blocked on 2026-10-01; the 2026-02-14 archive of that URL exposes those program paths). An independent home builder company in Altoona is a plausible conversation about business value, profitability, systems, management depth, or succession. This is not a sourced current need.",,,,EXCLUDED,2026-10-01,"Yellow Pages Des Moines-area trade listing. A directory listing is not annual revenue. City is the city on the listing address when shown, otherwise the city in the listing URL. Excluded as a national chain, national brand, or franchise. Published business phone. The source did not label it a mobile line."
Ridgedale Heights by D.R. Horton,,,Johnston,IA,Home builder,,none,,,,,,(515) 420-1609,,"Potential fit only. Exit Factor's Des Moines office is built around exit-planning support, a defined process, and a business-valuation calculator (https://exitfactor.com/offices/des-moines/; live page was Cloudflare-blocked on 2026-10-01; the 2026-02-14 archive of that URL exposes those program paths). An independent home builder company in Johnston is a plausible conversation about business value, profitability, systems, management depth, or succession. This is not a sourced current need.",,,,EXCLUDED,2026-10-01,"Yellow Pages Des Moines-area trade listing. A directory listing is not annual revenue. City is the city on the listing address when shown, otherwise the city in the listing URL. Excluded as a national chain, national brand, or franchise. Published business phone. The source did not label it a mobile line."
Fox Ridge Townhomes by D.R. Horton,,,West Des Moines,IA,Home builder,,none,,,,,,(515) 493-7992,,"Potential fit only. Exit Factor's Des Moines office is built around exit-planning support, a defined process, and a business-valuation calculator (https://exitfactor.com/offices/des-moines/; live page was Cloudflare-blocked on 2026-10-01; the 2026-02-14 archive of that URL exposes those program paths). An independent home builder company in West Des Moines is a plausible conversation about business value, profitability, systems, management depth, or succession. This is not a sourced current need.",,,,EXCLUDED,2026-10-01,"Yellow Pages Des Moines-area trade listing. A directory listing is not annual revenue. City is the city on the listing address when shown, otherwise the city in the listing URL. Excluded as a national chain, national brand, or franchise. Published business phone. The source did not label it a mobile line."
Quail Run by D.R. Horton,,,Bondurant,IA,Home builder,,none,,,,,,(515) 690-7606,,"Potential fit only. Exit Factor's Des Moines office is built around exit-planning support, a defined process, and a business-valuation calculator (https://exitfactor.com/offices/des-moines/; live page was Cloudflare-blocked on 2026-10-01; the 2026-02-14 archive of that URL exposes those program paths). An independent home builder company in Bondurant is a plausible conversation about business value, profitability, systems, management depth, or succession. This is not a sourced current need.",,,,EXCLUDED,2026-10-01,"Yellow Pages Des Moines-area trade listing. A directory listing is not annual revenue. City is the city on the listing address when shown, otherwise the city in the listing URL. Excluded as a national chain, national brand, or franchise. Published business phone. The source did not label it a mobile line."
Waterford Pointe by D.R. Horton,,,Grimes,IA,Home builder,,none,,,,,,(515) 420-1609,,"Potential fit only. Exit Factor's Des Moines office is built around exit-planning support, a defined process, and a business-valuation calculator (https://exitfactor.com/offices/des-moines/; live page was Cloudflare-blocked on 2026-10-01; the 2026-02-14 archive of that URL exposes those program paths). An independent home builder company in Grimes is a plausible conversation about business value, profitability, systems, management depth, or succession. This is not a sourced current need.",,,,EXCLUDED,2026-10-01,"Yellow Pages Des Moines-area trade listing. A directory listing is not annual revenue. City is the city on the listing address when shown, otherwise the city in the listing URL. Excluded as a national chain, national brand, or franchise. Published business phone. The source did not label it a mobile line."
Canyon Landing Townhomes by D.R. Horton,,,Ankeny,IA,Home builder,,none,,,,,,(515) 531-5312,,"Potential fit only. Exit Factor's Des Moines office is built around exit-planning support, a defined process, and a business-valuation calculator (https://exitfactor.com/offices/des-moines/; live page was Cloudflare-blocked on 2026-10-01; the 2026-02-14 archive of that URL exposes those program paths). An independent home builder company in Ankeny is a plausible conversation about business value, profitability, systems, management depth, or succession. This is not a sourced current need.",,,,EXCLUDED,2026-10-01,"Yellow Pages Des Moines-area trade listing. A directory listing is not annual revenue. City is the city on the listing address when shown, otherwise the city in the listing URL. Excluded as a national chain, national brand, or franchise. Published business phone. The source did not label it a mobile line."
Prairie Point View by D.R. Horton,,,Bondurant,IA,Home builder,,none,,,,,,(515) 420-1609,,"Potential fit only. Exit Factor's Des Moines office is built around exit-planning support, a defined process, and a business-valuation calculator (https://exitfactor.com/offices/des-moines/; live page was Cloudflare-blocked on 2026-10-01; the 2026-02-14 archive of that URL exposes those program paths). An independent home builder company in Bondurant is a plausible conversation about business value, profitability, systems, management depth, or succession. This is not a sourced current need.",,,,EXCLUDED,2026-10-01,"Yellow Pages Des Moines-area trade listing. A directory listing is not annual revenue. City is the city on the listing address when shown, otherwise the city in the listing URL. Excluded as a national chain, national brand, or franchise. Published business phone. The source did not label it a mobile line."
Wisteria Heights by D.R. Horton,,,Bondurant,IA,Home builder,,none,,,,,,(515) 420-1609,,"Potential fit only. Exit Factor's Des Moines office is built around exit-planning support, a defined process, and a business-valuation calculator (https://exitfactor.com/offices/des-moines/; live page was Cloudflare-blocked on 2026-10-01; the 2026-02-14 archive of that URL exposes those program paths). An independent home builder company in Bondurant is a plausible conversation about business value, profitability, systems, management depth, or succession. This is not a sourced current need.",,,,EXCLUDED,2026-10-01,"Yellow Pages Des Moines-area trade listing. A directory listing is not annual revenue. City is the city on the listing address when shown, otherwise the city in the listing URL. Excluded as a national chain, national brand, or franchise. Published business phone. The source did not label it a mobile line."
Canyon Landing by D.R. Horton,,,Ankeny,IA,Home builder,,none,,,,,,(515) 420-1609,,"Potential fit only. Exit Factor's Des Moines office is built around exit-planning support, a defined process, and a business-valuation calculator (https://exitfactor.com/offices/des-moines/; live page was Cloudflare-blocked on 2026-10-01; the 2026-02-14 archive of that URL exposes those program paths). An independent home builder company in Ankeny is a plausible conversation about business value, profitability, systems, management depth, or succession. This is not a sourced current need.",,,,EXCLUDED,2026-10-01,"Yellow Pages Des Moines-area trade listing. A directory listing is not annual revenue. City is the city on the listing address when shown, otherwise the city in the listing URL. Excluded as a national chain, national brand, or franchise. Published business phone. The source did not label it a mobile line."
Crosshaven by D.R. Horton,,,Johnston,IA,Home builder,,none,,,,,,(515) 420-1609,,"Potential fit only. Exit Factor's Des Moines office is built around exit-planning support, a defined process, and a business-valuation calculator (https://exitfactor.com/offices/des-moines/; live page was Cloudflare-blocked on 2026-10-01; the 2026-02-14 archive of that URL exposes those program paths). An independent home builder company in Johnston is a plausible conversation about business value, profitability, systems, management depth, or succession. This is not a sourced current need.",,,,EXCLUDED,2026-10-01,"Yellow Pages Des Moines-area trade listing. A directory listing is not annual revenue. City is the city on the listing address when shown, otherwise the city in the listing URL. Excluded as a national chain, national brand, or franchise. Published business phone. The source did not label it a mobile line."
U.S. Lawns,,,Johnston,IA,Landscaping,,none,,,,,,(515) 490-4144,,"Potential fit only. Exit Factor's Des Moines office is built around exit-planning support, a defined process, and a business-valuation calculator (https://exitfactor.com/offices/des-moines/; live page was Cloudflare-blocked on 2026-10-01; the 2026-02-14 archive of that URL exposes those program paths). An independent landscaping company in Johnston is a plausible conversation about business value, profitability, systems, management depth, or succession. This is not a sourced current need.",,,,EXCLUDED,2026-10-01,"Yellow Pages Des Moines-area trade listing. A directory listing is not annual revenue. City is the city on the listing address when shown, otherwise the city in the listing URL. Excluded as a national chain, national brand, or franchise. Published business phone. The source did not label it a mobile line."
Sheet Metal Engineering,,,Des Moines,IA,Sheet metal,,none,,,,,,(515) 243-8229,,"Potential fit only. Exit Factor's Des Moines office is built around exit-planning support, a defined process, and a business-valuation calculator (https://exitfactor.com/offices/des-moines/; live page was Cloudflare-blocked on 2026-10-01; the 2026-02-14 archive of that URL exposes those program paths). An independent sheet metal company in Des Moines is a plausible conversation about business value, profitability, systems, management depth, or succession. This is not a sourced current need.",,,,EXCLUDED,2026-10-01,"Yellow Pages Des Moines-area trade listing. A directory listing is not annual revenue. City is the city on the listing address when shown, otherwise the city in the listing URL. Excluded as white-collar or outside the trade list based on the published name or website. Published business phone. The source did not label it a mobile line."
Nucor Rebar Fabrication,,,Newton,IA,Steel fabrication,,none,,,,,,(641) 792-7142,,"Potential fit only. Exit Factor's Des Moines office is built around exit-planning support, a defined process, and a business-valuation calculator (https://exitfactor.com/offices/des-moines/; live page was Cloudflare-blocked on 2026-10-01; the 2026-02-14 archive of that URL exposes those program paths). An independent steel fabrication company in Newton is a plausible conversation about business value, profitability, systems, management depth, or succession. This is not a sourced current need.",,,,EXCLUDED,2026-10-01,"Yellow Pages Des Moines-area trade listing. A directory listing is not annual revenue. City is the city on the listing address when shown, otherwise the city in the listing URL. Excluded as a national chain, national brand, or franchise. Published business phone. The source did not label it a mobile line."
Pitts Lawn & Tree Service,http://www.pittslawnandtreeservice.com/,pittslawnandtreeservice.com,Huxley,IA,Tree service,,none,,,,,,(515) 561-9731,,"Potential fit only. Exit Factor's Des Moines office is built around exit-planning support, a defined process, and a business-valuation calculator (https://exitfactor.com/offices/des-moines/; live page was Cloudflare-blocked on 2026-10-01; the 2026-02-14 archive of that URL exposes those program paths). An independent tree service company in Huxley is a plausible conversation about business value, profitability, systems, management depth, or succession. This is not a sourced current need.",,,,EXCLUDED,2026-10-01,"Yellow Pages Des Moines-area trade listing. A directory listing is not annual revenue. City is the city on the listing address when shown, otherwise the city in the listing URL. Excluded as white-collar or outside the trade list based on the published name or website. Published business phone. The source did not label it a mobile line. Yellow Pages Des Moines-area trade listing. A directory listing is not annual revenue. City is the city on the listing address when shown, otherwise the city in the listing URL. Published business phone. The source did not label it a mobile line."
Story Construction,,,Ames,IA,General contractor,,none,,,,,,,,"Potential fit only. Exit Factor's Des Moines office is built around exit-planning support, a defined process, and a business-valuation calculator (https://exitfactor.com/offices/des-moines/; live page was Cloudflare-blocked on 2026-10-01; the 2026-02-14 archive of that URL exposes those program paths). An independent general contractor company in Ames is a plausible conversation about business value, profitability, systems, management depth, or succession. This is not a sourced current need.",,,,EXCLUDED,2026-10-01,Excluded as employee-owned; no individual owner to attach. Employee-owned. President is not a verified owner.
Swan Creek Cabinetry,,,Boone,IA,Cabinetry and millwork,,none,,,,,,,,"Potential fit only. Exit Factor's Des Moines office is built around exit-planning support, a defined process, and a business-valuation calculator (https://exitfactor.com/offices/des-moines/; live page was Cloudflare-blocked on 2026-10-01; the 2026-02-14 archive of that URL exposes those program paths). An independent cabinetry and millwork company in Boone is a plausible conversation about business value, profitability, systems, management depth, or succession. This is not a sourced current need.",,,,EXCLUDED,2026-10-01, Acquired by Merit Management Group; no longer an independent owner-led company.
Origin Homes,,,West Des Moines,IA,Home builder,,none,,,,,,,,"Potential fit only. Exit Factor's Des Moines office is built around exit-planning support, a defined process, and a business-valuation calculator (https://exitfactor.com/offices/des-moines/; live page was Cloudflare-blocked on 2026-10-01; the 2026-02-14 archive of that URL exposes those program paths). An independent home builder company in West Des Moines is a plausible conversation about business value, profitability, systems, management depth, or succession. This is not a sourced current need.",,,,EXCLUDED,2026-10-01,Subsidiary of Hubbell Realty Co.; no individual owner named. Subsidiary of Hubbell Realty Co. No individual owner named. Hubbell president and CEO Kyle Gamble is not a verified owner.
