Company,Role,Source URL,Source Title,Research Date
"ABSOLUTE CONCRETE CONSTRUCTION, INC.",directory,https://www.iceasb.org/prequalified-contractors/,Iowa DOT prequalified contractors,2026-10-01
"ALPHA LANDSCAPES, LLC",directory,https://www.iceasb.org/prequalified-contractors/,Iowa DOT prequalified contractors,2026-10-01
"AMERICAN FENCE CO. OF IOWA, INC.",directory,https://www.iceasb.org/prequalified-contractors/,Iowa DOT prequalified contractors,2026-10-01
"B.T. CONSTRUCTION, LLC",directory,https://www.iceasb.org/prequalified-contractors/,Iowa DOT prequalified contractors,2026-10-01
"CON-STRUCT, INC.",directory,https://www.iceasb.org/prequalified-contractors/,Iowa DOT prequalified contractors,2026-10-01
"CONCRETE TECHNOLOGIES, INC.",directory,https://www.iceasb.org/prequalified-contractors/,Iowa DOT prequalified contractors,2026-10-01
"CORELL CONTRACTOR, INC.",directory,https://www.iceasb.org/prequalified-contractors/,Iowa DOT prequalified contractors,2026-10-01
"CRAMER AND ASSOC., INC.",directory,https://www.iceasb.org/prequalified-contractors/,Iowa DOT prequalified contractors,2026-10-01
DENCO HIGHWAY CONSTRUCTION CORP.,directory,https://www.iceasb.org/prequalified-contractors/,Iowa DOT prequalified contractors,2026-10-01
DORMARK CONSTRUCTION CO.,directory,https://www.iceasb.org/prequalified-contractors/,Iowa DOT prequalified contractors,2026-10-01
ELDER CORPORATION,directory,https://www.iceasb.org/prequalified-contractors/,Iowa DOT prequalified contractors,2026-10-01
GRIMES ASPHALT AND PAVING CORPORATION,directory,https://www.iceasb.org/prequalified-contractors/,Iowa DOT prequalified contractors,2026-10-01
"HERBERGER CONSTRUCTION CO., INC.",directory,https://www.iceasb.org/prequalified-contractors/,Iowa DOT prequalified contractors,2026-10-01
HOLZWORTH CONSTRUCTION LLC,directory,https://www.iceasb.org/prequalified-contractors/,Iowa DOT prequalified contractors,2026-10-01
"HOWREY CONSTRUCTION, INC.",directory,https://www.iceasb.org/prequalified-contractors/,Iowa DOT prequalified contractors,2026-10-01
"INROADS, LLC.",directory,https://www.iceasb.org/prequalified-contractors/,Iowa DOT prequalified contractors,2026-10-01
IOWA EARTH WORKS,directory,https://www.iceasb.org/prequalified-contractors/,Iowa DOT prequalified contractors,2026-10-01
"IOWA PLAINS SIGNING, INC.",directory,https://www.iceasb.org/prequalified-contractors/,Iowa DOT prequalified contractors,2026-10-01
JAMES CONSTRUCTION LLC,directory,https://www.iceasb.org/prequalified-contractors/,Iowa DOT prequalified contractors,2026-10-01
"JASPER CONSTRUCTION SERVICES, INC.",directory,https://www.iceasb.org/prequalified-contractors/,Iowa DOT prequalified contractors,2026-10-01
"JENCO CONSTRUCTION, INC.",directory,https://www.iceasb.org/prequalified-contractors/,Iowa DOT prequalified contractors,2026-10-01
JORGENSEN CONTRACTING CO.,directory,https://www.iceasb.org/prequalified-contractors/,Iowa DOT prequalified contractors,2026-10-01
KNIFE RIVER CORPORATION - NORTH CENTRAL,directory,https://www.iceasb.org/prequalified-contractors/,Iowa DOT prequalified contractors,2026-10-01
KNIFE RIVER CORPORATION D/B/A KNIFE RIVER MIDWEST LLC,directory,https://www.iceasb.org/prequalified-contractors/,Iowa DOT prequalified contractors,2026-10-01
"MANATT'S, INC.",directory,https://www.iceasb.org/prequalified-contractors/,Iowa DOT prequalified contractors,2026-10-01
MB LAWN CARE LLC,directory,https://www.iceasb.org/prequalified-contractors/,Iowa DOT prequalified contractors,2026-10-01
MCANINCH CORPORATION & AFFILIATES,directory,https://www.iceasb.org/prequalified-contractors/,Iowa DOT prequalified contractors,2026-10-01
"MINTURN, INC.",directory,https://www.iceasb.org/prequalified-contractors/,Iowa DOT prequalified contractors,2026-10-01
"OMG MIDWEST, INC., D/B/A CESSFORD CONSTRUCTION COMPANY",directory,https://www.iceasb.org/prequalified-contractors/,Iowa DOT prequalified contractors,2026-10-01
"ON TRACK CONSTRUCTION, LLC",directory,https://www.iceasb.org/prequalified-contractors/,Iowa DOT prequalified contractors,2026-10-01
PURE GREEN EROSION CONTROL CORP,directory,https://www.iceasb.org/prequalified-contractors/,Iowa DOT prequalified contractors,2026-10-01
"QUALITY STRIPING, INC.",directory,https://www.iceasb.org/prequalified-contractors/,Iowa DOT prequalified contractors,2026-10-01
"STERNQUIST CONSTRUCTION, INC.",directory,https://www.iceasb.org/prequalified-contractors/,Iowa DOT prequalified contractors,2026-10-01
"TK CONCRETE, INC.",directory,https://www.iceasb.org/prequalified-contractors/,Iowa DOT prequalified contractors,2026-10-01
"UNDERGROUND, THE CO. LTD. & ITS AFFILIATE",directory,https://www.iceasb.org/prequalified-contractors/,Iowa DOT prequalified contractors,2026-10-01
UNITED CONTRACTORS INC. AND SUBSIDIARIES,directory,https://www.iceasb.org/prequalified-contractors/,Iowa DOT prequalified contractors,2026-10-01
"VANDERPOOL CONSTRUCTION, INC.",directory,https://www.iceasb.org/prequalified-contractors/,Iowa DOT prequalified contractors,2026-10-01
"A.J. Allen Mechanical Contractors, Inc.",directory,https://www.mcaofiowa.org/member-directory/,MCA of Iowa member directory,2026-10-01
Advanced Problem Solutions,directory,https://www.mcaofiowa.org/member-directory/,MCA of Iowa member directory,2026-10-01
Air-Con Mechanical Corporation,directory,https://www.mcaofiowa.org/member-directory/,MCA of Iowa member directory,2026-10-01
All Iowa Mechanical,directory,https://www.mcaofiowa.org/member-directory/,MCA of Iowa member directory,2026-10-01
Baker Group (Des Moines),directory,https://www.mcaofiowa.org/member-directory/,MCA of Iowa member directory,2026-10-01
"C.I. Carlisle Mechanical, Inc.",directory,https://www.mcaofiowa.org/member-directory/,MCA of Iowa member directory,2026-10-01
Central Iowa Mechanical,directory,https://www.mcaofiowa.org/member-directory/,MCA of Iowa member directory,2026-10-01
Cerris Systems,directory,https://www.mcaofiowa.org/member-directory/,MCA of Iowa member directory,2026-10-01
"Excel Mechanical Company, Inc.",directory,https://www.mcaofiowa.org/member-directory/,MCA of Iowa member directory,2026-10-01
Hussmann Corporation (Des Moines),directory,https://www.mcaofiowa.org/member-directory/,MCA of Iowa member directory,2026-10-01
"Johnson Controls, Inc. (Des Moines)",directory,https://www.mcaofiowa.org/member-directory/,MCA of Iowa member directory,2026-10-01
Marick Mechanical (Des Moines),directory,https://www.mcaofiowa.org/member-directory/,MCA of Iowa member directory,2026-10-01
"Mechanical Contractors Association of Iowa, Inc.",directory,https://www.mcaofiowa.org/member-directory/,MCA of Iowa member directory,2026-10-01
"Mechanical Sales, Inc. (Johnston)",directory,https://www.mcaofiowa.org/member-directory/,MCA of Iowa member directory,2026-10-01
Modern (Des Moines),directory,https://www.mcaofiowa.org/member-directory/,MCA of Iowa member directory,2026-10-01
"P1 Service, LLC",directory,https://www.mcaofiowa.org/member-directory/,MCA of Iowa member directory,2026-10-01
Plumb Supply Company (Des Moines),directory,https://www.mcaofiowa.org/member-directory/,MCA of Iowa member directory,2026-10-01
Plumb Tech Mechanical Inc.,directory,https://www.mcaofiowa.org/member-directory/,MCA of Iowa member directory,2026-10-01
Setpoint Mechanical Solutions,directory,https://www.mcaofiowa.org/member-directory/,MCA of Iowa member directory,2026-10-01
The Waldinger Corporation (Des Moines),directory,https://www.mcaofiowa.org/member-directory/,MCA of Iowa member directory,2026-10-01
Thrasher Service Corporation,directory,https://www.mcaofiowa.org/member-directory/,MCA of Iowa member directory,2026-10-01
Absolute Group,directory,https://members.agcia.org/active-member-directory,AGC of Iowa active member directory,2026-10-01
"Agriland FS, Inc.",directory,https://members.agcia.org/active-member-directory,AGC of Iowa active member directory,2026-10-01
All Concrete Cutting Company,directory,https://members.agcia.org/active-member-directory,AGC of Iowa active member directory,2026-10-01
"All Star Concrete, LLC",directory,https://members.agcia.org/active-member-directory,AGC of Iowa active member directory,2026-10-01
"Alliance Construction Group, LLC",directory,https://members.agcia.org/active-member-directory,AGC of Iowa active member directory,2026-10-01
ALPHA Landscapes,directory,https://members.agcia.org/active-member-directory,AGC of Iowa active member directory,2026-10-01
Argee Transport Co.,directory,https://members.agcia.org/active-member-directory,AGC of Iowa active member directory,2026-10-01
"Arthur J. Gallagher Risk Management Services, Inc.",directory,https://members.agcia.org/active-member-directory,AGC of Iowa active member directory,2026-10-01
Ascendance Truck Centers,directory,https://members.agcia.org/active-member-directory,AGC of Iowa active member directory,2026-10-01
"Aspen Equipment, LLC",directory,https://members.agcia.org/active-member-directory,AGC of Iowa active member directory,2026-10-01
"B.T. Construction, LLC",directory,https://members.agcia.org/active-member-directory,AGC of Iowa active member directory,2026-10-01
Bankers Trust Company,directory,https://members.agcia.org/active-member-directory,AGC of Iowa active member directory,2026-10-01
"Bening Financial Organization, Inc.",directory,https://members.agcia.org/active-member-directory,AGC of Iowa active member directory,2026-10-01
Bituminous Material & Supply L.P.,directory,https://members.agcia.org/active-member-directory,AGC of Iowa active member directory,2026-10-01
Black Fox Technology Inc.,directory,https://members.agcia.org/active-member-directory,AGC of Iowa active member directory,2026-10-01
"Bonnie's Barricades, Inc.",directory,https://members.agcia.org/active-member-directory,AGC of Iowa active member directory,2026-10-01
"Brackin Land Improvement, Inc.",directory,https://members.agcia.org/active-member-directory,AGC of Iowa active member directory,2026-10-01
"Brown, Winick, Graves, Gross & Baskerville, PLC",directory,https://members.agcia.org/active-member-directory,AGC of Iowa active member directory,2026-10-01
"Brown's Heavy Equipment, Inc.",directory,https://members.agcia.org/active-member-directory,AGC of Iowa active member directory,2026-10-01
Capital City Equipment Company,directory,https://members.agcia.org/active-member-directory,AGC of Iowa active member directory,2026-10-01
"Cemen Tech, Inc.",directory,https://members.agcia.org/active-member-directory,AGC of Iowa active member directory,2026-10-01
Central Service & Supply,directory,https://members.agcia.org/active-member-directory,AGC of Iowa active member directory,2026-10-01
CliftonLarsonAllen LLP (CLA),directory,https://members.agcia.org/active-member-directory,AGC of Iowa active member directory,2026-10-01
Coleman Moore Company,directory,https://members.agcia.org/active-member-directory,AGC of Iowa active member directory,2026-10-01
Commercial Supply Co.,directory,https://members.agcia.org/active-member-directory,AGC of Iowa active member directory,2026-10-01
Concrete Supply,directory,https://members.agcia.org/active-member-directory,AGC of Iowa active member directory,2026-10-01
Concrete Technologies Inc.,directory,https://members.agcia.org/active-member-directory,AGC of Iowa active member directory,2026-10-01
"Construction & Aggregate Products, Inc.",directory,https://members.agcia.org/active-member-directory,AGC of Iowa active member directory,2026-10-01
Construction Leaders Company,directory,https://members.agcia.org/active-member-directory,AGC of Iowa active member directory,2026-10-01
"Construction Materials Testing, Inc.",directory,https://members.agcia.org/active-member-directory,AGC of Iowa active member directory,2026-10-01
Contech Engineered Solutions,directory,https://members.agcia.org/active-member-directory,AGC of Iowa active member directory,2026-10-01
Contractor Solutions,directory,https://members.agcia.org/active-member-directory,AGC of Iowa active member directory,2026-10-01
"Cramer & Associates, Inc.",directory,https://members.agcia.org/active-member-directory,AGC of Iowa active member directory,2026-10-01
"Cutler Law Firm, PC",directory,https://members.agcia.org/active-member-directory,AGC of Iowa active member directory,2026-10-01
DeCarlo Demolition Company,directory,https://members.agcia.org/active-member-directory,AGC of Iowa active member directory,2026-10-01
Denco Highway Construction Corp.,directory,https://members.agcia.org/active-member-directory,AGC of Iowa active member directory,2026-10-01
Diamond Blade Systems,directory,https://members.agcia.org/active-member-directory,AGC of Iowa active member directory,2026-10-01
Dirty 30 Excavating & Trucking LLC,directory,https://members.agcia.org/active-member-directory,AGC of Iowa active member directory,2026-10-01
Dormark Construction Company,directory,https://members.agcia.org/active-member-directory,AGC of Iowa active member directory,2026-10-01
EFCO,directory,https://members.agcia.org/active-member-directory,AGC of Iowa active member directory,2026-10-01
Elder Corporation,directory,https://members.agcia.org/active-member-directory,AGC of Iowa active member directory,2026-10-01
EMC Bond,directory,https://members.agcia.org/active-member-directory,AGC of Iowa active member directory,2026-10-01
Enterprise Fleet Management,directory,https://members.agcia.org/active-member-directory,AGC of Iowa active member directory,2026-10-01
"Eslinger Contracting, Inc.",directory,https://members.agcia.org/active-member-directory,AGC of Iowa active member directory,2026-10-01
Evolution Contracting,directory,https://members.agcia.org/active-member-directory,AGC of Iowa active member directory,2026-10-01
First Interstate Bank,directory,https://members.agcia.org/active-member-directory,AGC of Iowa active member directory,2026-10-01
Flagger Pros USA,directory,https://members.agcia.org/active-member-directory,AGC of Iowa active member directory,2026-10-01
Fredrikson,directory,https://members.agcia.org/active-member-directory,AGC of Iowa active member directory,2026-10-01
Gilliland Group at RBC Wealth Management,directory,https://members.agcia.org/active-member-directory,AGC of Iowa active member directory,2026-10-01
Grimes Asphalt and Paving Corporation,directory,https://members.agcia.org/active-member-directory,AGC of Iowa active member directory,2026-10-01
Hale Trailer Brake & Wheel,directory,https://members.agcia.org/active-member-directory,AGC of Iowa active member directory,2026-10-01
Harms Oil Inc.,directory,https://members.agcia.org/active-member-directory,AGC of Iowa active member directory,2026-10-01
Hawkeye Truck Equipment,directory,https://members.agcia.org/active-member-directory,AGC of Iowa active member directory,2026-10-01
"Henriksen Washout Systems, Inc.",directory,https://members.agcia.org/active-member-directory,AGC of Iowa active member directory,2026-10-01
"Herberger Construction Co., Inc.",directory,https://members.agcia.org/active-member-directory,AGC of Iowa active member directory,2026-10-01
"Holmes Murphy & Associates, LLC",directory,https://members.agcia.org/active-member-directory,AGC of Iowa active member directory,2026-10-01
HOUSBY,directory,https://members.agcia.org/active-member-directory,AGC of Iowa active member directory,2026-10-01
Hub Midwest,directory,https://members.agcia.org/active-member-directory,AGC of Iowa active member directory,2026-10-01
"Huber Grading & Land Development, Inc.",directory,https://members.agcia.org/active-member-directory,AGC of Iowa active member directory,2026-10-01
I-80 Concrete,directory,https://members.agcia.org/active-member-directory,AGC of Iowa active member directory,2026-10-01
"Iowa Plains Signing, Inc.",directory,https://members.agcia.org/active-member-directory,AGC of Iowa active member directory,2026-10-01
Iowa Re-Con LLC,directory,https://members.agcia.org/active-member-directory,AGC of Iowa active member directory,2026-10-01
J. Pettiecord Inc.,directory,https://members.agcia.org/active-member-directory,AGC of Iowa active member directory,2026-10-01
Jackson Contracting LLC,directory,https://members.agcia.org/active-member-directory,AGC of Iowa active member directory,2026-10-01
"Jasper Construction Services, Inc.",directory,https://members.agcia.org/active-member-directory,AGC of Iowa active member directory,2026-10-01
"Jim Hawk Truck Trailers, Inc./Hawk Equipment",directory,https://members.agcia.org/active-member-directory,AGC of Iowa active member directory,2026-10-01
JMT Trucking Company,directory,https://members.agcia.org/active-member-directory,AGC of Iowa active member directory,2026-10-01
Karl Auto Group,directory,https://members.agcia.org/active-member-directory,AGC of Iowa active member directory,2026-10-01
"Knife River-Midwest, LLC",directory,https://members.agcia.org/active-member-directory,AGC of Iowa active member directory,2026-10-01
"Kustom Concrete Pumping, Inc.",directory,https://members.agcia.org/active-member-directory,AGC of Iowa active member directory,2026-10-01
"Kustom Truck & Tire, LLC",directory,https://members.agcia.org/active-member-directory,AGC of Iowa active member directory,2026-10-01
"Larry Fleck & Son Trucking, LLC",directory,https://members.agcia.org/active-member-directory,AGC of Iowa active member directory,2026-10-01
Liberty Ready Mix,directory,https://members.agcia.org/active-member-directory,AGC of Iowa active member directory,2026-10-01
Lincoln Savings Bank,directory,https://members.agcia.org/active-member-directory,AGC of Iowa active member directory,2026-10-01
"Logan Contractors Supply, Inc.",directory,https://members.agcia.org/active-member-directory,AGC of Iowa active member directory,2026-10-01
Lube-Tech,directory,https://members.agcia.org/active-member-directory,AGC of Iowa active member directory,2026-10-01
Manatt's,directory,https://members.agcia.org/active-member-directory,AGC of Iowa active member directory,2026-10-01
Martin Marietta,directory,https://members.agcia.org/active-member-directory,AGC of Iowa active member directory,2026-10-01
McAninch Corporation,directory,https://members.agcia.org/active-member-directory,AGC of Iowa active member directory,2026-10-01
Merchants Bonding Company (Mutual),directory,https://members.agcia.org/active-member-directory,AGC of Iowa active member directory,2026-10-01
MHC Kenworth Des Moines,directory,https://members.agcia.org/active-member-directory,AGC of Iowa active member directory,2026-10-01
MHCS P.C.,directory,https://members.agcia.org/active-member-directory,AGC of Iowa active member directory,2026-10-01
Midstates Precast Products Inc.,directory,https://members.agcia.org/active-member-directory,AGC of Iowa active member directory,2026-10-01
"Midwest Underground Supply, LLC",directory,https://members.agcia.org/active-member-directory,AGC of Iowa active member directory,2026-10-01
"Monarch Cement of Iowa, Inc.",directory,https://members.agcia.org/active-member-directory,AGC of Iowa active member directory,2026-10-01
"Murphy Tractor & Equipment Co., Inc.",directory,https://members.agcia.org/active-member-directory,AGC of Iowa active member directory,2026-10-01
Nationwide - Surety & Fidelity,directory,https://members.agcia.org/active-member-directory,AGC of Iowa active member directory,2026-10-01
Nichols Equipment LLC,directory,https://members.agcia.org/active-member-directory,AGC of Iowa active member directory,2026-10-01
North Risk Partners,directory,https://members.agcia.org/active-member-directory,AGC of Iowa active member directory,2026-10-01
"Norwalk Ready-Mix Concrete, Inc.",directory,https://members.agcia.org/active-member-directory,AGC of Iowa active member directory,2026-10-01
Nucor Harris Rebar,directory,https://members.agcia.org/active-member-directory,AGC of Iowa active member directory,2026-10-01
Old Republic BITCO,directory,https://members.agcia.org/active-member-directory,AGC of Iowa active member directory,2026-10-01
Oldcastle Infrastructure,directory,https://members.agcia.org/active-member-directory,AGC of Iowa active member directory,2026-10-01
"OMG Midwest, Inc., a CRH Company",directory,https://members.agcia.org/active-member-directory,AGC of Iowa active member directory,2026-10-01
"On Track Construction, LLC",directory,https://members.agcia.org/active-member-directory,AGC of Iowa active member directory,2026-10-01
Quality Striping Inc.,directory,https://members.agcia.org/active-member-directory,AGC of Iowa active member directory,2026-10-01
"Quality Traffic Control, Inc.",directory,https://members.agcia.org/active-member-directory,AGC of Iowa active member directory,2026-10-01
Quick Supply Company,directory,https://members.agcia.org/active-member-directory,AGC of Iowa active member directory,2026-10-01
R.W. Engineering & Surveying,directory,https://members.agcia.org/active-member-directory,AGC of Iowa active member directory,2026-10-01
RBS Safety Training LLC,directory,https://members.agcia.org/active-member-directory,AGC of Iowa active member directory,2026-10-01
"Rinker Materials, a QUIKRETE Company",directory,https://members.agcia.org/active-member-directory,AGC of Iowa active member directory,2026-10-01
Road Machinery & Supplies Co.,directory,https://members.agcia.org/active-member-directory,AGC of Iowa active member directory,2026-10-01
RSM US LLP,directory,https://members.agcia.org/active-member-directory,AGC of Iowa active member directory,2026-10-01
Rueter's,directory,https://members.agcia.org/active-member-directory,AGC of Iowa active member directory,2026-10-01
"Star Equipment, Ltd.",directory,https://members.agcia.org/active-member-directory,AGC of Iowa active member directory,2026-10-01
Sternquist Const. Inc.,directory,https://members.agcia.org/active-member-directory,AGC of Iowa active member directory,2026-10-01
Sunbelt Rentals,directory,https://members.agcia.org/active-member-directory,AGC of Iowa active member directory,2026-10-01
T12 Distillery @ The Foundry,directory,https://members.agcia.org/active-member-directory,AGC of Iowa active member directory,2026-10-01
The Accel Group,directory,https://members.agcia.org/active-member-directory,AGC of Iowa active member directory,2026-10-01
The Dana Company,directory,https://members.agcia.org/active-member-directory,AGC of Iowa active member directory,2026-10-01
"The Driller, LLC",directory,https://members.agcia.org/active-member-directory,AGC of Iowa active member directory,2026-10-01
The Underground Company,directory,https://members.agcia.org/active-member-directory,AGC of Iowa active member directory,2026-10-01
Thunder Creek Equipment,directory,https://members.agcia.org/active-member-directory,AGC of Iowa active member directory,2026-10-01
Titan Machinery,directory,https://members.agcia.org/active-member-directory,AGC of Iowa active member directory,2026-10-01
"Truck Equipment, Inc.",directory,https://members.agcia.org/active-member-directory,AGC of Iowa active member directory,2026-10-01
"Unified Contracting Services, Inc.",directory,https://members.agcia.org/active-member-directory,AGC of Iowa active member directory,2026-10-01
"United Contractors, Inc.",directory,https://members.agcia.org/active-member-directory,AGC of Iowa active member directory,2026-10-01
United Rentals Trench Safety,directory,https://members.agcia.org/active-member-directory,AGC of Iowa active member directory,2026-10-01
USI Insurance Services,directory,https://members.agcia.org/active-member-directory,AGC of Iowa active member directory,2026-10-01
Valley Environmental Services,directory,https://members.agcia.org/active-member-directory,AGC of Iowa active member directory,2026-10-01
Vermeer Iowa and N. Missouri,directory,https://members.agcia.org/active-member-directory,AGC of Iowa active member directory,2026-10-01
Viking Aggregates,directory,https://members.agcia.org/active-member-directory,AGC of Iowa active member directory,2026-10-01
West Bank,directory,https://members.agcia.org/active-member-directory,AGC of Iowa active member directory,2026-10-01
Whitfield & Eddy Law,directory,https://members.agcia.org/active-member-directory,AGC of Iowa active member directory,2026-10-01
Ziegler CAT,directory,https://members.agcia.org/active-member-directory,AGC of Iowa active member directory,2026-10-01
Magnolia Homes,directory,https://www.dsmhba.com/members/?mt[0]=Builder+Members,HBA of Greater Des Moines member directory,2026-10-01
"Mainbuilt, LLC",directory,https://www.dsmhba.com/members/?mt[0]=Builder+Members,HBA of Greater Des Moines member directory,2026-10-01
Matheson Creations,directory,https://www.dsmhba.com/members/?mt[0]=Builder+Members,HBA of Greater Des Moines member directory,2026-10-01
MBG Renovation,directory,https://www.dsmhba.com/members/?mt[0]=Builder+Members,HBA of Greater Des Moines member directory,2026-10-01
McAninch Corporation,directory,https://www.dsmhba.com/members/?mt[0]=Builder+Members,HBA of Greater Des Moines member directory,2026-10-01
MinAko Homes,directory,https://www.dsmhba.com/members/?mt[0]=Builder+Members,HBA of Greater Des Moines member directory,2026-10-01
"Mir Homes, Inc.",directory,https://www.dsmhba.com/members/?mt[0]=Builder+Members,HBA of Greater Des Moines member directory,2026-10-01
MJ Custom Homes,directory,https://www.dsmhba.com/members/?mt[0]=Builder+Members,HBA of Greater Des Moines member directory,2026-10-01
"Neighborhood Builders, LLC",directory,https://www.dsmhba.com/members/?mt[0]=Builder+Members,HBA of Greater Des Moines member directory,2026-10-01
Newcastle Home Builders LLC,directory,https://www.dsmhba.com/members/?mt[0]=Builder+Members,HBA of Greater Des Moines member directory,2026-10-01
Nico Construction LLC,directory,https://www.dsmhba.com/members/?mt[0]=Builder+Members,HBA of Greater Des Moines member directory,2026-10-01
Northridge Homes Inc,directory,https://www.dsmhba.com/members/?mt[0]=Builder+Members,HBA of Greater Des Moines member directory,2026-10-01
Oakwood Builders Group,directory,https://www.dsmhba.com/members/?mt[0]=Builder+Members,HBA of Greater Des Moines member directory,2026-10-01
On Track Construction,directory,https://www.dsmhba.com/members/?mt[0]=Builder+Members,HBA of Greater Des Moines member directory,2026-10-01
Parks Custom Homes,directory,https://www.dsmhba.com/members/?mt[0]=Builder+Members,HBA of Greater Des Moines member directory,2026-10-01
"Partners By Design Homes, Inc",directory,https://www.dsmhba.com/members/?mt[0]=Builder+Members,HBA of Greater Des Moines member directory,2026-10-01
Patriot Communities,directory,https://www.dsmhba.com/members/?mt[0]=Builder+Members,HBA of Greater Des Moines member directory,2026-10-01
Peoples Company,directory,https://www.dsmhba.com/members/?mt[0]=Builder+Members,HBA of Greater Des Moines member directory,2026-10-01
Precision Homes & Remodeling,directory,https://www.dsmhba.com/members/?mt[0]=Builder+Members,HBA of Greater Des Moines member directory,2026-10-01
Progressive Builders,directory,https://www.dsmhba.com/members/?mt[0]=Builder+Members,HBA of Greater Des Moines member directory,2026-10-01
R&R Realty Group,directory,https://www.dsmhba.com/members/?mt[0]=Builder+Members,HBA of Greater Des Moines member directory,2026-10-01
"RCI Builders Inc, LLC",directory,https://www.dsmhba.com/members/?mt[0]=Builder+Members,HBA of Greater Des Moines member directory,2026-10-01
Reese Design + Build,directory,https://www.dsmhba.com/members/?mt[0]=Builder+Members,HBA of Greater Des Moines member directory,2026-10-01
Trust Builders,directory,https://www.dsmhba.com/members/?mt[0]=Builder+Members,HBA of Greater Des Moines member directory,2026-10-01
Truview Enterprises Inc,directory,https://www.dsmhba.com/members/?mt[0]=Builder+Members,HBA of Greater Des Moines member directory,2026-10-01
United Services,directory,https://www.dsmhba.com/members/?mt[0]=Builder+Members,HBA of Greater Des Moines member directory,2026-10-01
VanDerKamp Homebuilders,directory,https://www.dsmhba.com/members/?mt[0]=Builder+Members,HBA of Greater Des Moines member directory,2026-10-01
Vaughan Builders,directory,https://www.dsmhba.com/members/?mt[0]=Builder+Members,HBA of Greater Des Moines member directory,2026-10-01
View Homes,directory,https://www.dsmhba.com/members/?mt[0]=Builder+Members,HBA of Greater Des Moines member directory,2026-10-01
Vista Real Estate & Investment Corp,directory,https://www.dsmhba.com/members/?mt[0]=Builder+Members,HBA of Greater Des Moines member directory,2026-10-01
Vogue Builders,directory,https://www.dsmhba.com/members/?mt[0]=Builder+Members,HBA of Greater Des Moines member directory,2026-10-01
Whitey Exteriors/ Whitey Remodeling & Interiors,directory,https://www.dsmhba.com/members/?mt[0]=Builder+Members,HBA of Greater Des Moines member directory,2026-10-01
Williams Remodeling LLC,directory,https://www.dsmhba.com/members/?mt[0]=Builder+Members,HBA of Greater Des Moines member directory,2026-10-01
Woodharbor of DSM LLC,directory,https://www.dsmhba.com/members/?mt[0]=Builder+Members,HBA of Greater Des Moines member directory,2026-10-01
Zenith Design + Build,directory,https://www.dsmhba.com/members/?mt[0]=Builder+Members,HBA of Greater Des Moines member directory,2026-10-01
ZJ Design Build,directory,https://www.dsmhba.com/members/?mt[0]=Builder+Members,HBA of Greater Des Moines member directory,2026-10-01
A & N8 LLC DBA Manning Homes,directory,https://www.dsmhba.com/members/?mt[0]=Builder+Members,HBA of Greater Des Moines member directory,2026-10-01
Absolute Group,directory,https://www.dsmhba.com/members/?mt[0]=Builder+Members,HBA of Greater Des Moines member directory,2026-10-01
Accurate Development Inc,directory,https://www.dsmhba.com/members/?mt[0]=Builder+Members,HBA of Greater Des Moines member directory,2026-10-01
All Iowa Construction Services,directory,https://www.dsmhba.com/members/?mt[0]=Builder+Members,HBA of Greater Des Moines member directory,2026-10-01
American Dream Exteriors LLC,directory,https://www.dsmhba.com/members/?mt[0]=Builder+Members,HBA of Greater Des Moines member directory,2026-10-01
ATI Group,directory,https://www.dsmhba.com/members/?mt[0]=Builder+Members,HBA of Greater Des Moines member directory,2026-10-01
Axiom Design Build,directory,https://www.dsmhba.com/members/?mt[0]=Builder+Members,HBA of Greater Des Moines member directory,2026-10-01
"B St. Construction + Design, Inc",directory,https://www.dsmhba.com/members/?mt[0]=Builder+Members,HBA of Greater Des Moines member directory,2026-10-01
BAM! Basements and Masons,directory,https://www.dsmhba.com/members/?mt[0]=Builder+Members,HBA of Greater Des Moines member directory,2026-10-01
"Benchmark Builders Iowa, LC",directory,https://www.dsmhba.com/members/?mt[0]=Builder+Members,HBA of Greater Des Moines member directory,2026-10-01
Black Birch Homes & Design LLC,directory,https://www.dsmhba.com/members/?mt[0]=Builder+Members,HBA of Greater Des Moines member directory,2026-10-01
Black Horse Custom Homes,directory,https://www.dsmhba.com/members/?mt[0]=Builder+Members,HBA of Greater Des Moines member directory,2026-10-01
Brenner Built,directory,https://www.dsmhba.com/members/?mt[0]=Builder+Members,HBA of Greater Des Moines member directory,2026-10-01
"Bryan Companies, LLC",directory,https://www.dsmhba.com/members/?mt[0]=Builder+Members,HBA of Greater Des Moines member directory,2026-10-01
Buresh Home Solutions,directory,https://www.dsmhba.com/members/?mt[0]=Builder+Members,HBA of Greater Des Moines member directory,2026-10-01
Caliber Homes of Iowa,directory,https://www.dsmhba.com/members/?mt[0]=Builder+Members,HBA of Greater Des Moines member directory,2026-10-01
CDM Real Estate Services,directory,https://www.dsmhba.com/members/?mt[0]=Builder+Members,HBA of Greater Des Moines member directory,2026-10-01
CEC Homes,directory,https://www.dsmhba.com/members/?mt[0]=Builder+Members,HBA of Greater Des Moines member directory,2026-10-01
Cedarbrook Builders LLC,directory,https://www.dsmhba.com/members/?mt[0]=Builder+Members,HBA of Greater Des Moines member directory,2026-10-01
Civil Design Advantage,directory,https://www.dsmhba.com/members/?mt[0]=Builder+Members,HBA of Greater Des Moines member directory,2026-10-01
Claman Custom Homes,directory,https://www.dsmhba.com/members/?mt[0]=Builder+Members,HBA of Greater Des Moines member directory,2026-10-01
Clarity Construction,directory,https://www.dsmhba.com/members/?mt[0]=Builder+Members,HBA of Greater Des Moines member directory,2026-10-01
CLG Homes,directory,https://www.dsmhba.com/members/?mt[0]=Builder+Members,HBA of Greater Des Moines member directory,2026-10-01
Compelling Homes,directory,https://www.dsmhba.com/members/?mt[0]=Builder+Members,HBA of Greater Des Moines member directory,2026-10-01
Remodeling Contractors,directory,https://www.dsmhba.com/members/?mt[0]=Builder+Members,HBA of Greater Des Moines member directory,2026-10-01
Revived Interiors,directory,https://www.dsmhba.com/members/?mt[0]=Builder+Members,HBA of Greater Des Moines member directory,2026-10-01
RM Madden Construction Inc,directory,https://www.dsmhba.com/members/?mt[0]=Builder+Members,HBA of Greater Des Moines member directory,2026-10-01
"Royalty Homes, L.C.",directory,https://www.dsmhba.com/members/?mt[0]=Builder+Members,HBA of Greater Des Moines member directory,2026-10-01
Sage Homes Inc,directory,https://www.dsmhba.com/members/?mt[0]=Builder+Members,HBA of Greater Des Moines member directory,2026-10-01
Sender's Construction,directory,https://www.dsmhba.com/members/?mt[0]=Builder+Members,HBA of Greater Des Moines member directory,2026-10-01
Serenity Homes,directory,https://www.dsmhba.com/members/?mt[0]=Builder+Members,HBA of Greater Des Moines member directory,2026-10-01
Showtime Homes,directory,https://www.dsmhba.com/members/?mt[0]=Builder+Members,HBA of Greater Des Moines member directory,2026-10-01
Signature Companies,directory,https://www.dsmhba.com/members/?mt[0]=Builder+Members,HBA of Greater Des Moines member directory,2026-10-01
Silent Rivers Design+Build,directory,https://www.dsmhba.com/members/?mt[0]=Builder+Members,HBA of Greater Des Moines member directory,2026-10-01
SJM Construction,directory,https://www.dsmhba.com/members/?mt[0]=Builder+Members,HBA of Greater Des Moines member directory,2026-10-01
"Solid Ground, LLC",directory,https://www.dsmhba.com/members/?mt[0]=Builder+Members,HBA of Greater Des Moines member directory,2026-10-01
Superior Exteriors,directory,https://www.dsmhba.com/members/?mt[0]=Builder+Members,HBA of Greater Des Moines member directory,2026-10-01
Synergy Homes,directory,https://www.dsmhba.com/members/?mt[0]=Builder+Members,HBA of Greater Des Moines member directory,2026-10-01
Tanzanite Homes Co Inc,directory,https://www.dsmhba.com/members/?mt[0]=Builder+Members,HBA of Greater Des Moines member directory,2026-10-01
Taylor Exteriors & Construction,directory,https://www.dsmhba.com/members/?mt[0]=Builder+Members,HBA of Greater Des Moines member directory,2026-10-01
Teal Creek Homes LLC,directory,https://www.dsmhba.com/members/?mt[0]=Builder+Members,HBA of Greater Des Moines member directory,2026-10-01
Temple Real Estate Services,directory,https://www.dsmhba.com/members/?mt[0]=Builder+Members,HBA of Greater Des Moines member directory,2026-10-01
The Duerson Corporation,directory,https://www.dsmhba.com/members/?mt[0]=Builder+Members,HBA of Greater Des Moines member directory,2026-10-01
Thrasher Foundation Repair,directory,https://www.dsmhba.com/members/?mt[0]=Builder+Members,HBA of Greater Des Moines member directory,2026-10-01
"Titan Builders, LLC",directory,https://www.dsmhba.com/members/?mt[0]=Builder+Members,HBA of Greater Des Moines member directory,2026-10-01
Erickson Balmer Construction LLC,directory,https://www.dsmhba.com/members/?mt[0]=Builder+Members,HBA of Greater Des Moines member directory,2026-10-01
Firstcall Iowa,directory,https://www.dsmhba.com/members/?mt[0]=Builder+Members,HBA of Greater Des Moines member directory,2026-10-01
Frampton Homes,directory,https://www.dsmhba.com/members/?mt[0]=Builder+Members,HBA of Greater Des Moines member directory,2026-10-01
Fundamental GC Services,directory,https://www.dsmhba.com/members/?mt[0]=Builder+Members,HBA of Greater Des Moines member directory,2026-10-01
Genesis Homes of Iowa LLC,directory,https://www.dsmhba.com/members/?mt[0]=Builder+Members,HBA of Greater Des Moines member directory,2026-10-01
"Grace Allen Homes, Inc.",directory,https://www.dsmhba.com/members/?mt[0]=Builder+Members,HBA of Greater Des Moines member directory,2026-10-01
Grand Homes & Renovations,directory,https://www.dsmhba.com/members/?mt[0]=Builder+Members,HBA of Greater Des Moines member directory,2026-10-01
Gratias Homes LLC,directory,https://www.dsmhba.com/members/?mt[0]=Builder+Members,HBA of Greater Des Moines member directory,2026-10-01
Greater Des Moines Habitat for Humanity,directory,https://www.dsmhba.com/members/?mt[0]=Builder+Members,HBA of Greater Des Moines member directory,2026-10-01
Greenland Homes Inc,directory,https://www.dsmhba.com/members/?mt[0]=Builder+Members,HBA of Greater Des Moines member directory,2026-10-01
Ground Breaker Homes,directory,https://www.dsmhba.com/members/?mt[0]=Builder+Members,HBA of Greater Des Moines member directory,2026-10-01
Growth Construction LLC,directory,https://www.dsmhba.com/members/?mt[0]=Builder+Members,HBA of Greater Des Moines member directory,2026-10-01
Grubb Interests,directory,https://www.dsmhba.com/members/?mt[0]=Builder+Members,HBA of Greater Des Moines member directory,2026-10-01
Hale Development Co LLC,directory,https://www.dsmhba.com/members/?mt[0]=Builder+Members,HBA of Greater Des Moines member directory,2026-10-01
Haven Homes Design Build,directory,https://www.dsmhba.com/members/?mt[0]=Builder+Members,HBA of Greater Des Moines member directory,2026-10-01
Heartland Custom Homes,directory,https://www.dsmhba.com/members/?mt[0]=Builder+Members,HBA of Greater Des Moines member directory,2026-10-01
Henkel Construction,directory,https://www.dsmhba.com/members/?mt[0]=Builder+Members,HBA of Greater Des Moines member directory,2026-10-01
"HOME, Inc",directory,https://www.dsmhba.com/members/?mt[0]=Builder+Members,HBA of Greater Des Moines member directory,2026-10-01
Homes by Advantage LLC,directory,https://www.dsmhba.com/members/?mt[0]=Builder+Members,HBA of Greater Des Moines member directory,2026-10-01
Hubbell Homes LC,directory,https://www.dsmhba.com/members/?mt[0]=Builder+Members,HBA of Greater Des Moines member directory,2026-10-01
Huber Grading & Land Development Inc,directory,https://www.dsmhba.com/members/?mt[0]=Builder+Members,HBA of Greater Des Moines member directory,2026-10-01
"Iowa Home Crafters, Inc.",directory,https://www.dsmhba.com/members/?mt[0]=Builder+Members,HBA of Greater Des Moines member directory,2026-10-01
J Larson Homes,directory,https://www.dsmhba.com/members/?mt[0]=Builder+Members,HBA of Greater Des Moines member directory,2026-10-01
Conlin Construction Services LLC,directory,https://www.dsmhba.com/members/?mt[0]=Builder+Members,HBA of Greater Des Moines member directory,2026-10-01
Construction Professionals LLC,directory,https://www.dsmhba.com/members/?mt[0]=Builder+Members,HBA of Greater Des Moines member directory,2026-10-01
Cramer & Associates Inc,directory,https://www.dsmhba.com/members/?mt[0]=Builder+Members,HBA of Greater Des Moines member directory,2026-10-01
D.R. Horton Iowa,directory,https://www.dsmhba.com/members/?mt[0]=Builder+Members,HBA of Greater Des Moines member directory,2026-10-01
Dean Paulsen & Sons Contractors Inc,directory,https://www.dsmhba.com/members/?mt[0]=Builder+Members,HBA of Greater Des Moines member directory,2026-10-01
Denton Homes,directory,https://www.dsmhba.com/members/?mt[0]=Builder+Members,HBA of Greater Des Moines member directory,2026-10-01
Design2Build,directory,https://www.dsmhba.com/members/?mt[0]=Builder+Members,HBA of Greater Des Moines member directory,2026-10-01
Destination Homes Inc,directory,https://www.dsmhba.com/members/?mt[0]=Builder+Members,HBA of Greater Des Moines member directory,2026-10-01
Destiny Homes,directory,https://www.dsmhba.com/members/?mt[0]=Builder+Members,HBA of Greater Des Moines member directory,2026-10-01
DRA Properties,directory,https://www.dsmhba.com/members/?mt[0]=Builder+Members,HBA of Greater Des Moines member directory,2026-10-01
Drake Homes,directory,https://www.dsmhba.com/members/?mt[0]=Builder+Members,HBA of Greater Des Moines member directory,2026-10-01
Duer & Sons Remodeling Inc,directory,https://www.dsmhba.com/members/?mt[0]=Builder+Members,HBA of Greater Des Moines member directory,2026-10-01
Dynasty Homes,directory,https://www.dsmhba.com/members/?mt[0]=Builder+Members,HBA of Greater Des Moines member directory,2026-10-01
Eagle Homes,directory,https://www.dsmhba.com/members/?mt[0]=Builder+Members,HBA of Greater Des Moines member directory,2026-10-01
Ed Hildreth Construction,directory,https://www.dsmhba.com/members/?mt[0]=Builder+Members,HBA of Greater Des Moines member directory,2026-10-01
Eden Custom Homes LLC,directory,https://www.dsmhba.com/members/?mt[0]=Builder+Members,HBA of Greater Des Moines member directory,2026-10-01
Element 119 LLC,directory,https://www.dsmhba.com/members/?mt[0]=Builder+Members,HBA of Greater Des Moines member directory,2026-10-01
Elevate Homes,directory,https://www.dsmhba.com/members/?mt[0]=Builder+Members,HBA of Greater Des Moines member directory,2026-10-01
Elk River Contracting LLC,directory,https://www.dsmhba.com/members/?mt[0]=Builder+Members,HBA of Greater Des Moines member directory,2026-10-01
Embarq Signature Homes,directory,https://www.dsmhba.com/members/?mt[0]=Builder+Members,HBA of Greater Des Moines member directory,2026-10-01
Epcon Communities,directory,https://www.dsmhba.com/members/?mt[0]=Builder+Members,HBA of Greater Des Moines member directory,2026-10-01
J Thompson Builders LC,directory,https://www.dsmhba.com/members/?mt[0]=Builder+Members,HBA of Greater Des Moines member directory,2026-10-01
"JCorp DB, LLC",directory,https://www.dsmhba.com/members/?mt[0]=Builder+Members,HBA of Greater Des Moines member directory,2026-10-01
Jerry's Homes Inc,directory,https://www.dsmhba.com/members/?mt[0]=Builder+Members,HBA of Greater Des Moines member directory,2026-10-01
JM Services of Iowa LLC,directory,https://www.dsmhba.com/members/?mt[0]=Builder+Members,HBA of Greater Des Moines member directory,2026-10-01
Johnson Construction,directory,https://www.dsmhba.com/members/?mt[0]=Builder+Members,HBA of Greater Des Moines member directory,2026-10-01
JRL Builders,directory,https://www.dsmhba.com/members/?mt[0]=Builder+Members,HBA of Greater Des Moines member directory,2026-10-01
K-B Builders,directory,https://www.dsmhba.com/members/?mt[0]=Builder+Members,HBA of Greater Des Moines member directory,2026-10-01
K&V Construction Services LLC,directory,https://www.dsmhba.com/members/?mt[0]=Builder+Members,HBA of Greater Des Moines member directory,2026-10-01
K&V Homes Inc,directory,https://www.dsmhba.com/members/?mt[0]=Builder+Members,HBA of Greater Des Moines member directory,2026-10-01
Kading Construction,directory,https://www.dsmhba.com/members/?mt[0]=Builder+Members,HBA of Greater Des Moines member directory,2026-10-01
Kaufman Construction,directory,https://www.dsmhba.com/members/?mt[0]=Builder+Members,HBA of Greater Des Moines member directory,2026-10-01
KC Handyman Service,directory,https://www.dsmhba.com/members/?mt[0]=Builder+Members,HBA of Greater Des Moines member directory,2026-10-01
Keystone Homes LLC,directory,https://www.dsmhba.com/members/?mt[0]=Builder+Members,HBA of Greater Des Moines member directory,2026-10-01
Kimberley Development Corp,directory,https://www.dsmhba.com/members/?mt[0]=Builder+Members,HBA of Greater Des Moines member directory,2026-10-01
Knapp Properties,directory,https://www.dsmhba.com/members/?mt[0]=Builder+Members,HBA of Greater Des Moines member directory,2026-10-01
KRM Development LLC,directory,https://www.dsmhba.com/members/?mt[0]=Builder+Members,HBA of Greater Des Moines member directory,2026-10-01
"Landmark Development Services, Inc",directory,https://www.dsmhba.com/members/?mt[0]=Builder+Members,HBA of Greater Des Moines member directory,2026-10-01
Lantz Elite Carpentry & Construction Inc,directory,https://www.dsmhba.com/members/?mt[0]=Builder+Members,HBA of Greater Des Moines member directory,2026-10-01
Leever Homes Inc,directory,https://www.dsmhba.com/members/?mt[0]=Builder+Members,HBA of Greater Des Moines member directory,2026-10-01
Legacy Home Builders,directory,https://www.dsmhba.com/members/?mt[0]=Builder+Members,HBA of Greater Des Moines member directory,2026-10-01
Lil Brother Construction,directory,https://www.dsmhba.com/members/?mt[0]=Builder+Members,HBA of Greater Des Moines member directory,2026-10-01
Lost Planet Development,directory,https://www.dsmhba.com/members/?mt[0]=Builder+Members,HBA of Greater Des Moines member directory,2026-10-01
Lukins LLC,directory,https://www.dsmhba.com/members/?mt[0]=Builder+Members,HBA of Greater Des Moines member directory,2026-10-01
Luxury Remodeling,directory,https://www.dsmhba.com/members/?mt[0]=Builder+Members,HBA of Greater Des Moines member directory,2026-10-01
Whitey Exteriors/ Whitey Remodeling & Interiors,directory,https://www.dsmhba.com/members/?mt[0]=Remodeler+Members,HBA of Greater Des Moines member directory,2026-10-01
Williams Remodeling LLC,directory,https://www.dsmhba.com/members/?mt[0]=Remodeler+Members,HBA of Greater Des Moines member directory,2026-10-01
Windsor Windows & Doors,directory,https://www.dsmhba.com/members/?mt[0]=Remodeler+Members,HBA of Greater Des Moines member directory,2026-10-01
Woodharbor of DSM LLC,directory,https://www.dsmhba.com/members/?mt[0]=Remodeler+Members,HBA of Greater Des Moines member directory,2026-10-01
Zenith Design + Build,directory,https://www.dsmhba.com/members/?mt[0]=Remodeler+Members,HBA of Greater Des Moines member directory,2026-10-01
A Tech/Easy Living Store,directory,https://www.dsmhba.com/members/?mt[0]=Remodeler+Members,HBA of Greater Des Moines member directory,2026-10-01
Air Free Duct Cleaning,directory,https://www.dsmhba.com/members/?mt[0]=Remodeler+Members,HBA of Greater Des Moines member directory,2026-10-01
Arc Electric,directory,https://www.dsmhba.com/members/?mt[0]=Remodeler+Members,HBA of Greater Des Moines member directory,2026-10-01
Arnest Architecture,directory,https://www.dsmhba.com/members/?mt[0]=Remodeler+Members,HBA of Greater Des Moines member directory,2026-10-01
Axiom Design Build,directory,https://www.dsmhba.com/members/?mt[0]=Remodeler+Members,HBA of Greater Des Moines member directory,2026-10-01
"B St. Construction + Design, Inc",directory,https://www.dsmhba.com/members/?mt[0]=Remodeler+Members,HBA of Greater Des Moines member directory,2026-10-01
Baker Electric Inc,directory,https://www.dsmhba.com/members/?mt[0]=Remodeler+Members,HBA of Greater Des Moines member directory,2026-10-01
Beisser Lumber Co,directory,https://www.dsmhba.com/members/?mt[0]=Remodeler+Members,HBA of Greater Des Moines member directory,2026-10-01
Builders FirstSource,directory,https://www.dsmhba.com/members/?mt[0]=Remodeler+Members,HBA of Greater Des Moines member directory,2026-10-01
CKF,directory,https://www.dsmhba.com/members/?mt[0]=Remodeler+Members,HBA of Greater Des Moines member directory,2026-10-01
Compelling Homes,directory,https://www.dsmhba.com/members/?mt[0]=Remodeler+Members,HBA of Greater Des Moines member directory,2026-10-01
Construction Professionals LLC,directory,https://www.dsmhba.com/members/?mt[0]=Remodeler+Members,HBA of Greater Des Moines member directory,2026-10-01
Contractor Services of Iowa,directory,https://www.dsmhba.com/members/?mt[0]=Remodeler+Members,HBA of Greater Des Moines member directory,2026-10-01
CR Painting,directory,https://www.dsmhba.com/members/?mt[0]=Remodeler+Members,HBA of Greater Des Moines member directory,2026-10-01
Design2Build,directory,https://www.dsmhba.com/members/?mt[0]=Remodeler+Members,HBA of Greater Des Moines member directory,2026-10-01
Duer & Sons Remodeling Inc,directory,https://www.dsmhba.com/members/?mt[0]=Remodeler+Members,HBA of Greater Des Moines member directory,2026-10-01
Elizabeth Erin Designs LLC,directory,https://www.dsmhba.com/members/?mt[0]=Remodeler+Members,HBA of Greater Des Moines member directory,2026-10-01
Ferguson Home,directory,https://www.dsmhba.com/members/?mt[0]=Remodeler+Members,HBA of Greater Des Moines member directory,2026-10-01
Fine Line Woodworks,directory,https://www.dsmhba.com/members/?mt[0]=Remodeler+Members,HBA of Greater Des Moines member directory,2026-10-01
Fireplace Stone & Patio,directory,https://www.dsmhba.com/members/?mt[0]=Remodeler+Members,HBA of Greater Des Moines member directory,2026-10-01
Firstcall Iowa,directory,https://www.dsmhba.com/members/?mt[0]=Remodeler+Members,HBA of Greater Des Moines member directory,2026-10-01
Five G's Construction,directory,https://www.dsmhba.com/members/?mt[0]=Remodeler+Members,HBA of Greater Des Moines member directory,2026-10-01
Flooring America,directory,https://www.dsmhba.com/members/?mt[0]=Remodeler+Members,HBA of Greater Des Moines member directory,2026-10-01
Fox Countertops,directory,https://www.dsmhba.com/members/?mt[0]=Remodeler+Members,HBA of Greater Des Moines member directory,2026-10-01
Remodeling Contractors,directory,https://www.dsmhba.com/members/?mt[0]=Remodeler+Members,HBA of Greater Des Moines member directory,2026-10-01
Revived Interiors,directory,https://www.dsmhba.com/members/?mt[0]=Remodeler+Members,HBA of Greater Des Moines member directory,2026-10-01
Riesberg Group Design,directory,https://www.dsmhba.com/members/?mt[0]=Remodeler+Members,HBA of Greater Des Moines member directory,2026-10-01
Rising Star Wholesale,directory,https://www.dsmhba.com/members/?mt[0]=Remodeler+Members,HBA of Greater Des Moines member directory,2026-10-01
RockWay Wealth Partners,directory,https://www.dsmhba.com/members/?mt[0]=Remodeler+Members,HBA of Greater Des Moines member directory,2026-10-01
S&M Tileworks LLC,directory,https://www.dsmhba.com/members/?mt[0]=Remodeler+Members,HBA of Greater Des Moines member directory,2026-10-01
Sassman Glass & Mirror,directory,https://www.dsmhba.com/members/?mt[0]=Remodeler+Members,HBA of Greater Des Moines member directory,2026-10-01
Sender's Construction,directory,https://www.dsmhba.com/members/?mt[0]=Remodeler+Members,HBA of Greater Des Moines member directory,2026-10-01
Sherwin-Williams,directory,https://www.dsmhba.com/members/?mt[0]=Remodeler+Members,HBA of Greater Des Moines member directory,2026-10-01
Silent Rivers Design+Build,directory,https://www.dsmhba.com/members/?mt[0]=Remodeler+Members,HBA of Greater Des Moines member directory,2026-10-01
SJM Construction,directory,https://www.dsmhba.com/members/?mt[0]=Remodeler+Members,HBA of Greater Des Moines member directory,2026-10-01
Spectrum Lighting & Interiors,directory,https://www.dsmhba.com/members/?mt[0]=Remodeler+Members,HBA of Greater Des Moines member directory,2026-10-01
Taylor Exteriors & Construction,directory,https://www.dsmhba.com/members/?mt[0]=Remodeler+Members,HBA of Greater Des Moines member directory,2026-10-01
The Dana Company,directory,https://www.dsmhba.com/members/?mt[0]=Remodeler+Members,HBA of Greater Des Moines member directory,2026-10-01
The Kitchen & Bath Company,directory,https://www.dsmhba.com/members/?mt[0]=Remodeler+Members,HBA of Greater Des Moines member directory,2026-10-01
Thrasher Foundation Repair,directory,https://www.dsmhba.com/members/?mt[0]=Remodeler+Members,HBA of Greater Des Moines member directory,2026-10-01
TRICOR Insurance,directory,https://www.dsmhba.com/members/?mt[0]=Remodeler+Members,HBA of Greater Des Moines member directory,2026-10-01
Vibrant Insurance Group,directory,https://www.dsmhba.com/members/?mt[0]=Remodeler+Members,HBA of Greater Des Moines member directory,2026-10-01
Warners' Stellian Appliance,directory,https://www.dsmhba.com/members/?mt[0]=Remodeler+Members,HBA of Greater Des Moines member directory,2026-10-01
WD Door,directory,https://www.dsmhba.com/members/?mt[0]=Remodeler+Members,HBA of Greater Des Moines member directory,2026-10-01
Webspec,directory,https://www.dsmhba.com/members/?mt[0]=Remodeler+Members,HBA of Greater Des Moines member directory,2026-10-01
Weller Brothers,directory,https://www.dsmhba.com/members/?mt[0]=Remodeler+Members,HBA of Greater Des Moines member directory,2026-10-01
Fredrikson & Byron Law Firm,directory,https://www.dsmhba.com/members/?mt[0]=Remodeler+Members,HBA of Greater Des Moines member directory,2026-10-01
GAF,directory,https://www.dsmhba.com/members/?mt[0]=Remodeler+Members,HBA of Greater Des Moines member directory,2026-10-01
Gilcrest/Jewett Lumber Co,directory,https://www.dsmhba.com/members/?mt[0]=Remodeler+Members,HBA of Greater Des Moines member directory,2026-10-01
Grand Homes & Renovations,directory,https://www.dsmhba.com/members/?mt[0]=Remodeler+Members,HBA of Greater Des Moines member directory,2026-10-01
Greater Des Moines Habitat for Humanity,directory,https://www.dsmhba.com/members/?mt[0]=Remodeler+Members,HBA of Greater Des Moines member directory,2026-10-01
Heritage Interiors,directory,https://www.dsmhba.com/members/?mt[0]=Remodeler+Members,HBA of Greater Des Moines member directory,2026-10-01
James Hardie Building Products,directory,https://www.dsmhba.com/members/?mt[0]=Remodeler+Members,HBA of Greater Des Moines member directory,2026-10-01
K-B Builders,directory,https://www.dsmhba.com/members/?mt[0]=Remodeler+Members,HBA of Greater Des Moines member directory,2026-10-01
K&V Construction Services LLC,directory,https://www.dsmhba.com/members/?mt[0]=Remodeler+Members,HBA of Greater Des Moines member directory,2026-10-01
Kaufman Construction,directory,https://www.dsmhba.com/members/?mt[0]=Remodeler+Members,HBA of Greater Des Moines member directory,2026-10-01
Kinzler Construction Services,directory,https://www.dsmhba.com/members/?mt[0]=Remodeler+Members,HBA of Greater Des Moines member directory,2026-10-01
Kohler Co,directory,https://www.dsmhba.com/members/?mt[0]=Remodeler+Members,HBA of Greater Des Moines member directory,2026-10-01
Kohles & Bach Heating & Cooling,directory,https://www.dsmhba.com/members/?mt[0]=Remodeler+Members,HBA of Greater Des Moines member directory,2026-10-01
Leachman Lumber Co,directory,https://www.dsmhba.com/members/?mt[0]=Remodeler+Members,HBA of Greater Des Moines member directory,2026-10-01
Marvin,directory,https://www.dsmhba.com/members/?mt[0]=Remodeler+Members,HBA of Greater Des Moines member directory,2026-10-01
MBG Renovation,directory,https://www.dsmhba.com/members/?mt[0]=Remodeler+Members,HBA of Greater Des Moines member directory,2026-10-01
Munn Lumber Company,directory,https://www.dsmhba.com/members/?mt[0]=Remodeler+Members,HBA of Greater Des Moines member directory,2026-10-01
Nebraska Furniture Mart,directory,https://www.dsmhba.com/members/?mt[0]=Remodeler+Members,HBA of Greater Des Moines member directory,2026-10-01
Northwest Bank,directory,https://www.dsmhba.com/members/?mt[0]=Remodeler+Members,HBA of Greater Des Moines member directory,2026-10-01
Oakwood Builders Group,directory,https://www.dsmhba.com/members/?mt[0]=Remodeler+Members,HBA of Greater Des Moines member directory,2026-10-01
Pella Windows and Doors of Central Iowa,directory,https://www.dsmhba.com/members/?mt[0]=Remodeler+Members,HBA of Greater Des Moines member directory,2026-10-01
Plumb Supply Kitchens & Baths,directory,https://www.dsmhba.com/members/?mt[0]=Remodeler+Members,HBA of Greater Des Moines member directory,2026-10-01
"5 Sons, Landscape & Design LLC",directory,https://www.dsmhba.com/members/,HBA of Greater Des Moines member directory,2026-10-01
515 Concrete Floor Polishing,directory,https://www.dsmhba.com/members/,HBA of Greater Des Moines member directory,2026-10-01
A & N8 LLC DBA Manning Homes,directory,https://www.dsmhba.com/members/,HBA of Greater Des Moines member directory,2026-10-01
A-WYE Electric Inc,directory,https://www.dsmhba.com/members/,HBA of Greater Des Moines member directory,2026-10-01
A+ Lawn & Landscape,directory,https://www.dsmhba.com/members/,HBA of Greater Des Moines member directory,2026-10-01
Absolute Garage & Closets,directory,https://www.dsmhba.com/members/,HBA of Greater Des Moines member directory,2026-10-01
"After Shock Heating & Cooling, LLC",directory,https://www.dsmhba.com/members/,HBA of Greater Des Moines member directory,2026-10-01
All Iowa Construction Services,directory,https://www.dsmhba.com/members/,HBA of Greater Des Moines member directory,2026-10-01
Ferguson Home,directory,https://www.dsmhba.com/members/,HBA of Greater Des Moines member directory,2026-10-01
Ferguson Home,directory,https://www.dsmhba.com/members/,HBA of Greater Des Moines member directory,2026-10-01
Ferguson Home,directory,https://www.dsmhba.com/members/,HBA of Greater Des Moines member directory,2026-10-01
Five G's Construction,directory,https://www.dsmhba.com/members/,HBA of Greater Des Moines member directory,2026-10-01
Floor Trader Outlet,directory,https://www.dsmhba.com/members/,HBA of Greater Des Moines member directory,2026-10-01
Floor&Decor,directory,https://www.dsmhba.com/members/,HBA of Greater Des Moines member directory,2026-10-01
Flooring America,directory,https://www.dsmhba.com/members/,HBA of Greater Des Moines member directory,2026-10-01
Frampton Homes,directory,https://www.dsmhba.com/members/,HBA of Greater Des Moines member directory,2026-10-01
Friend Landscaping,directory,https://www.dsmhba.com/members/,HBA of Greater Des Moines member directory,2026-10-01
Garage Force of Des Moines,directory,https://www.dsmhba.com/members/,HBA of Greater Des Moines member directory,2026-10-01
Allstate Gutter & Siding,directory,https://www.dsmhba.com/members/,HBA of Greater Des Moines member directory,2026-10-01
ALPHA Landscapes dba Tidy Site Services,directory,https://www.dsmhba.com/members/,HBA of Greater Des Moines member directory,2026-10-01
Another Drywall Company,directory,https://www.dsmhba.com/members/,HBA of Greater Des Moines member directory,2026-10-01
Apex Architectural Building Supply,directory,https://www.dsmhba.com/members/,HBA of Greater Des Moines member directory,2026-10-01
Arc Electric,directory,https://www.dsmhba.com/members/,HBA of Greater Des Moines member directory,2026-10-01
Armor Electric,directory,https://www.dsmhba.com/members/,HBA of Greater Des Moines member directory,2026-10-01
Atlas Roofing,directory,https://www.dsmhba.com/members/,HBA of Greater Des Moines member directory,2026-10-01
Avis Drywall Inc,directory,https://www.dsmhba.com/members/,HBA of Greater Des Moines member directory,2026-10-01
Axiom Design Build,directory,https://www.dsmhba.com/members/,HBA of Greater Des Moines member directory,2026-10-01
"B St. Construction + Design, Inc",directory,https://www.dsmhba.com/members/,HBA of Greater Des Moines member directory,2026-10-01
Baker Electric Inc,directory,https://www.dsmhba.com/members/,HBA of Greater Des Moines member directory,2026-10-01
Barnum Floors,directory,https://www.dsmhba.com/members/,HBA of Greater Des Moines member directory,2026-10-01
Barnum Floors,directory,https://www.dsmhba.com/members/,HBA of Greater Des Moines member directory,2026-10-01
"Benchmark Builders Iowa, LC",directory,https://www.dsmhba.com/members/,HBA of Greater Des Moines member directory,2026-10-01
Black Birch Homes & Design LLC,directory,https://www.dsmhba.com/members/,HBA of Greater Des Moines member directory,2026-10-01
Black Horse Custom Homes,directory,https://www.dsmhba.com/members/,HBA of Greater Des Moines member directory,2026-10-01
Bryant Iowa Heating and Cooling,directory,https://www.dsmhba.com/members/,HBA of Greater Des Moines member directory,2026-10-01
Builders FirstSource,directory,https://www.dsmhba.com/members/,HBA of Greater Des Moines member directory,2026-10-01
Buresh Home Solutions,directory,https://www.dsmhba.com/members/,HBA of Greater Des Moines member directory,2026-10-01
Burkhead Electric,directory,https://www.dsmhba.com/members/,HBA of Greater Des Moines member directory,2026-10-01
Cabinet Boutique,directory,https://www.dsmhba.com/members/,HBA of Greater Des Moines member directory,2026-10-01
Caliber Homes of Iowa,directory,https://www.dsmhba.com/members/,HBA of Greater Des Moines member directory,2026-10-01
CEC Homes,directory,https://www.dsmhba.com/members/,HBA of Greater Des Moines member directory,2026-10-01
Cedarbrook Builders LLC,directory,https://www.dsmhba.com/members/,HBA of Greater Des Moines member directory,2026-10-01
Central Iowa Ready Mix dba Concrete Supply,directory,https://www.dsmhba.com/members/,HBA of Greater Des Moines member directory,2026-10-01
CertainTeed Roofing,directory,https://www.dsmhba.com/members/,HBA of Greater Des Moines member directory,2026-10-01
CertaPro Painters,directory,https://www.dsmhba.com/members/,HBA of Greater Des Moines member directory,2026-10-01
City Wide Heating & Air Conditioning Inc,directory,https://www.dsmhba.com/members/,HBA of Greater Des Moines member directory,2026-10-01
Citywide Insulation Inc,directory,https://www.dsmhba.com/members/,HBA of Greater Des Moines member directory,2026-10-01
Claman Custom Homes,directory,https://www.dsmhba.com/members/,HBA of Greater Des Moines member directory,2026-10-01
Clarity Construction,directory,https://www.dsmhba.com/members/,HBA of Greater Des Moines member directory,2026-10-01
CLG Homes,directory,https://www.dsmhba.com/members/,HBA of Greater Des Moines member directory,2026-10-01
CLK Landscape Construction,directory,https://www.dsmhba.com/members/,HBA of Greater Des Moines member directory,2026-10-01
CLK Landscape Construction,directory,https://www.dsmhba.com/members/,HBA of Greater Des Moines member directory,2026-10-01
Colby's Lawn & Landscape,directory,https://www.dsmhba.com/members/,HBA of Greater Des Moines member directory,2026-10-01
Compelling Homes,directory,https://www.dsmhba.com/members/,HBA of Greater Des Moines member directory,2026-10-01
Conlin Construction Services LLC,directory,https://www.dsmhba.com/members/,HBA of Greater Des Moines member directory,2026-10-01
Construction Professionals LLC,directory,https://www.dsmhba.com/members/,HBA of Greater Des Moines member directory,2026-10-01
Contractors Plumbing Inc,directory,https://www.dsmhba.com/members/,HBA of Greater Des Moines member directory,2026-10-01
Cook Plumbing Corporation,directory,https://www.dsmhba.com/members/,HBA of Greater Des Moines member directory,2026-10-01
CoolVu of Des Moines,directory,https://www.dsmhba.com/members/,HBA of Greater Des Moines member directory,2026-10-01
CR Painting,directory,https://www.dsmhba.com/members/,HBA of Greater Des Moines member directory,2026-10-01
D&B Painting LLC,directory,https://www.dsmhba.com/members/,HBA of Greater Des Moines member directory,2026-10-01
DeMir Homes & Design Inc,directory,https://www.dsmhba.com/members/,HBA of Greater Des Moines member directory,2026-10-01
Denton Homes,directory,https://www.dsmhba.com/members/,HBA of Greater Des Moines member directory,2026-10-01
Des Moines Landscapes,directory,https://www.dsmhba.com/members/,HBA of Greater Des Moines member directory,2026-10-01
Des Moines Metro Concrete Council Inc,directory,https://www.dsmhba.com/members/,HBA of Greater Des Moines member directory,2026-10-01
Design2Build,directory,https://www.dsmhba.com/members/,HBA of Greater Des Moines member directory,2026-10-01
Destination Homes Inc,directory,https://www.dsmhba.com/members/,HBA of Greater Des Moines member directory,2026-10-01
Destiny Homes,directory,https://www.dsmhba.com/members/,HBA of Greater Des Moines member directory,2026-10-01
Diamond Flooring & Coatings,directory,https://www.dsmhba.com/members/,HBA of Greater Des Moines member directory,2026-10-01
Don White & Son Sodding & Landscape,directory,https://www.dsmhba.com/members/,HBA of Greater Des Moines member directory,2026-10-01
Dorrian Heating & Cooling,directory,https://www.dsmhba.com/members/,HBA of Greater Des Moines member directory,2026-10-01
Drake Homes,directory,https://www.dsmhba.com/members/,HBA of Greater Des Moines member directory,2026-10-01
Duer & Sons Remodeling Inc,directory,https://www.dsmhba.com/members/,HBA of Greater Des Moines member directory,2026-10-01
Dynasty Homes,directory,https://www.dsmhba.com/members/,HBA of Greater Des Moines member directory,2026-10-01
Eagle Homes,directory,https://www.dsmhba.com/members/,HBA of Greater Des Moines member directory,2026-10-01
Ed Hildreth Construction,directory,https://www.dsmhba.com/members/,HBA of Greater Des Moines member directory,2026-10-01
Eden Custom Homes LLC,directory,https://www.dsmhba.com/members/,HBA of Greater Des Moines member directory,2026-10-01
Electrical Works of Iowa,directory,https://www.dsmhba.com/members/,HBA of Greater Des Moines member directory,2026-10-01
Elevate Homes,directory,https://www.dsmhba.com/members/,HBA of Greater Des Moines member directory,2026-10-01
"Elite Irrigation and landscaping, llc",directory,https://www.dsmhba.com/members/,HBA of Greater Des Moines member directory,2026-10-01
Embarq Signature Homes,directory,https://www.dsmhba.com/members/,HBA of Greater Des Moines member directory,2026-10-01
Endless Floors,directory,https://www.dsmhba.com/members/,HBA of Greater Des Moines member directory,2026-10-01
"Energy Panel Structures, Inc (EPS Buildings)",directory,https://www.dsmhba.com/members/,HBA of Greater Des Moines member directory,2026-10-01
Erickson Balmer Construction LLC,directory,https://www.dsmhba.com/members/,HBA of Greater Des Moines member directory,2026-10-01
DCI Group,directory,https://members.dsmpartnership.com/list/search?c=1074,Greater Des Moines Partnership member directory,2026-10-01
Firstcall Restoration,directory,https://members.dsmpartnership.com/list/search?c=1074,Greater Des Moines Partnership member directory,2026-10-01
Premier Ceiling Systems LLC,directory,https://members.dsmpartnership.com/list/search?c=1074,Greater Des Moines Partnership member directory,2026-10-01
Tri-City Group - Tri-City Electric Co.,directory,https://members.dsmpartnership.com/list/search?c=1074,Greater Des Moines Partnership member directory,2026-10-01
HRTLND Companies,directory,https://members.dsmpartnership.com/list/search?c=1074,Greater Des Moines Partnership member directory,2026-10-01
JC Toland Painting,directory,https://members.dsmpartnership.com/list/search?c=1074,Greater Des Moines Partnership member directory,2026-10-01
Adel & Winterset TV & Appliance,directory,https://members.dsmpartnership.com/list/search?c=818,Greater Des Moines Partnership member directory,2026-10-01
After Shock Heating & Cooling,directory,https://members.dsmpartnership.com/list/search?c=818,Greater Des Moines Partnership member directory,2026-10-01
Baldon Plumbing and Heating,directory,https://members.dsmpartnership.com/list/search?c=818,Greater Des Moines Partnership member directory,2026-10-01
City Wide Facility Solutions Des Moines Iowa,directory,https://members.dsmpartnership.com/list/search?c=818,Greater Des Moines Partnership member directory,2026-10-01
"Dalton Plumbing, Heating, Cooling, Electric and Fireplace",directory,https://members.dsmpartnership.com/list/search?c=818,Greater Des Moines Partnership member directory,2026-10-01
"Dayton Heating & Air Conditioning, LLC.  ",directory,https://members.dsmpartnership.com/list/search?c=818,Greater Des Moines Partnership member directory,2026-10-01
"Holt Plumbing, Heating, Cooling & Electrical LLC",directory,https://members.dsmpartnership.com/list/search?c=818,Greater Des Moines Partnership member directory,2026-10-01
Kohles & Bach Heating & Cooling - Fireplaces,directory,https://members.dsmpartnership.com/list/search?c=818,Greater Des Moines Partnership member directory,2026-10-01
L. A. Fulton & Sons Inc.,directory,https://members.dsmpartnership.com/list/search?c=818,Greater Des Moines Partnership member directory,2026-10-01
Lenz Heating and Cooling,directory,https://members.dsmpartnership.com/list/search?c=818,Greater Des Moines Partnership member directory,2026-10-01
Modern Heating & Air,directory,https://members.dsmpartnership.com/list/search?c=818,Greater Des Moines Partnership member directory,2026-10-01
Tigges Comfort Services ,directory,https://members.dsmpartnership.com/list/search?c=818,Greater Des Moines Partnership member directory,2026-10-01
Varsity Zone HVAC of Urbandale,directory,https://members.dsmpartnership.com/list/search?c=818,Greater Des Moines Partnership member directory,2026-10-01
Aspen Aire Heating & Cooling,directory,https://members.dsmpartnership.com/list/search?c=818,Greater Des Moines Partnership member directory,2026-10-01
Bussanmas Heating & Cooling,directory,https://members.dsmpartnership.com/list/search?c=818,Greater Des Moines Partnership member directory,2026-10-01
"Holt Plumbing, Heating, Cooling & Electrical",directory,https://members.dsmpartnership.com/list/search?c=818,Greater Des Moines Partnership member directory,2026-10-01
"Schaal Plumbing, Heating, Cooling",directory,https://members.dsmpartnership.com/list/search?c=818,Greater Des Moines Partnership member directory,2026-10-01
Triple A Home Services,directory,https://members.dsmpartnership.com/list/search?c=818,Greater Des Moines Partnership member directory,2026-10-01
Varsity Zone HVAC of Urbandale,directory,https://members.dsmpartnership.com/list/search?c=818,Greater Des Moines Partnership member directory,2026-10-01
A+ Lawn and Landscape,directory,https://members.dsmpartnership.com/list/search?c=864,Greater Des Moines Partnership member directory,2026-10-01
Brilliant Borders Landscaping,directory,https://members.dsmpartnership.com/list/search?c=864,Greater Des Moines Partnership member directory,2026-10-01
C&C Lawn Services ,directory,https://members.dsmpartnership.com/list/search?c=864,Greater Des Moines Partnership member directory,2026-10-01
CLK Landscape Construction,directory,https://members.dsmpartnership.com/list/search?c=864,Greater Des Moines Partnership member directory,2026-10-01
Colby's Lawn & Landscape ,directory,https://members.dsmpartnership.com/list/search?c=864,Greater Des Moines Partnership member directory,2026-10-01
Deck and Drive Solutions,directory,https://members.dsmpartnership.com/list/search?c=864,Greater Des Moines Partnership member directory,2026-10-01
Edwards Landscaping LLC,directory,https://members.dsmpartnership.com/list/search?c=864,Greater Des Moines Partnership member directory,2026-10-01
Excel Lawns & Landscape,directory,https://members.dsmpartnership.com/list/search?c=864,Greater Des Moines Partnership member directory,2026-10-01
Green Tree Care & Habitat Restoration,directory,https://members.dsmpartnership.com/list/search?c=864,Greater Des Moines Partnership member directory,2026-10-01
Herrick Outdoor Solutions,directory,https://members.dsmpartnership.com/list/search?c=864,Greater Des Moines Partnership member directory,2026-10-01
"Innovative Home & Outdoor Solutions, LLC",directory,https://members.dsmpartnership.com/list/search?c=864,Greater Des Moines Partnership member directory,2026-10-01
Perficut Site Management,directory,https://members.dsmpartnership.com/list/search?c=864,Greater Des Moines Partnership member directory,2026-10-01
The Tree Service,directory,https://members.dsmpartnership.com/list/search?c=864,Greater Des Moines Partnership member directory,2026-10-01
WOW Windowboxes - Des Moines,directory,https://members.dsmpartnership.com/list/search?c=864,Greater Des Moines Partnership member directory,2026-10-01
Alpha Landscapes LLC,directory,https://members.dsmpartnership.com/list/search?c=864,Greater Des Moines Partnership member directory,2026-10-01
Des Moines Landscapes,directory,https://members.dsmpartnership.com/list/search?c=864,Greater Des Moines Partnership member directory,2026-10-01
Norwalk Seasonal / Creative Nature,directory,https://members.dsmpartnership.com/list/search?c=864,Greater Des Moines Partnership member directory,2026-10-01
RJ Lawn and Landscape,directory,https://members.dsmpartnership.com/list/search?c=864,Greater Des Moines Partnership member directory,2026-10-01
Schwinger Lawn Service,directory,https://members.dsmpartnership.com/list/search?c=864,Greater Des Moines Partnership member directory,2026-10-01
TeBock's Landscape,directory,https://members.dsmpartnership.com/list/search?c=864,Greater Des Moines Partnership member directory,2026-10-01
A New Look Exteriors,directory,https://members.dsmpartnership.com/list/search?c=848,Greater Des Moines Partnership member directory,2026-10-01
Archadeck,directory,https://members.dsmpartnership.com/list/search?c=848,Greater Des Moines Partnership member directory,2026-10-01
Compelling Homes,directory,https://members.dsmpartnership.com/list/search?c=848,Greater Des Moines Partnership member directory,2026-10-01
CPIA Home Renovations,directory,https://members.dsmpartnership.com/list/search?c=848,Greater Des Moines Partnership member directory,2026-10-01
"Dalton Plumbing, Heating, Cooling, Electric and Fireplace",directory,https://members.dsmpartnership.com/list/search?c=848,Greater Des Moines Partnership member directory,2026-10-01
City Wide Facility Solutions Des Moines Iowa,directory,https://members.dsmpartnership.com/list/search?c=1135,Greater Des Moines Partnership member directory,2026-10-01
"Dalton Plumbing, Heating, Cooling, Electric and Fireplace",directory,https://members.dsmpartnership.com/list/search?c=1135,Greater Des Moines Partnership member directory,2026-10-01
Firstcall Restoration,directory,https://members.dsmpartnership.com/list/search?c=1135,Greater Des Moines Partnership member directory,2026-10-01
Green Home Solutions,directory,https://members.dsmpartnership.com/list/search?c=1135,Greater Des Moines Partnership member directory,2026-10-01
MacPro Restore Cleaning & Restoration,directory,https://members.dsmpartnership.com/list/search?c=1135,Greater Des Moines Partnership member directory,2026-10-01
ServiceMaster by Rice,directory,https://members.dsmpartnership.com/list/search?c=1135,Greater Des Moines Partnership member directory,2026-10-01
Restoration 1 of Des Moines,directory,https://members.dsmpartnership.com/list/search?c=1135,Greater Des Moines Partnership member directory,2026-10-01
Better Builders,directory,https://members.dsmpartnership.com/list/search?c=823,Greater Des Moines Partnership member directory,2026-10-01
D.R. Horton Iowa,directory,https://members.dsmpartnership.com/list/search?c=823,Greater Des Moines Partnership member directory,2026-10-01
Dynasty Homes,directory,https://members.dsmpartnership.com/list/search?c=823,Greater Des Moines Partnership member directory,2026-10-01
Firstcall Restoration,directory,https://members.dsmpartnership.com/list/search?c=823,Greater Des Moines Partnership member directory,2026-10-01
Heartland Roofing Siding and Solar,directory,https://members.dsmpartnership.com/list/search?c=823,Greater Des Moines Partnership member directory,2026-10-01
Hubbell Realty Company,directory,https://members.dsmpartnership.com/list/search?c=823,Greater Des Moines Partnership member directory,2026-10-01
J. Thompson Builders,directory,https://members.dsmpartnership.com/list/search?c=823,Greater Des Moines Partnership member directory,2026-10-01
"K and V Homes, Inc.",directory,https://members.dsmpartnership.com/list/search?c=823,Greater Des Moines Partnership member directory,2026-10-01
KRM Development LLC,directory,https://members.dsmpartnership.com/list/search?c=823,Greater Des Moines Partnership member directory,2026-10-01
"Landmark Companies, Inc",directory,https://members.dsmpartnership.com/list/search?c=823,Greater Des Moines Partnership member directory,2026-10-01
Morris Lare Interior Design,directory,https://members.dsmpartnership.com/list/search?c=823,Greater Des Moines Partnership member directory,2026-10-01
Premier Companies & Paramount Homes,directory,https://members.dsmpartnership.com/list/search?c=823,Greater Des Moines Partnership member directory,2026-10-01
Re-Bath Des Moines,directory,https://members.dsmpartnership.com/list/search?c=823,Greater Des Moines Partnership member directory,2026-10-01
Robison Roofing,directory,https://members.dsmpartnership.com/list/search?c=823,Greater Des Moines Partnership member directory,2026-10-01
"Construction By Cambron, LLC",directory,https://members.dsmpartnership.com/list/search?c=823,Greater Des Moines Partnership member directory,2026-10-01
Destination Homes,directory,https://members.dsmpartnership.com/list/search?c=823,Greater Des Moines Partnership member directory,2026-10-01
"Downing Construction, Inc.",directory,https://members.dsmpartnership.com/list/search?c=823,Greater Des Moines Partnership member directory,2026-10-01
Dynasty Homes,directory,https://members.dsmpartnership.com/list/search?c=823,Greater Des Moines Partnership member directory,2026-10-01
Dynasty Homes,directory,https://members.dsmpartnership.com/list/search?c=823,Greater Des Moines Partnership member directory,2026-10-01
Eden + Gray Design Build,directory,https://members.dsmpartnership.com/list/search?c=823,Greater Des Moines Partnership member directory,2026-10-01
Graystone Companies,directory,https://members.dsmpartnership.com/list/search?c=823,Greater Des Moines Partnership member directory,2026-10-01
Jerry's Homes,directory,https://members.dsmpartnership.com/list/search?c=823,Greater Des Moines Partnership member directory,2026-10-01
Kimberley Development Corp and Benchmark Builders,directory,https://members.dsmpartnership.com/list/search?c=823,Greater Des Moines Partnership member directory,2026-10-01
"Krier Homes, INC ",directory,https://members.dsmpartnership.com/list/search?c=823,Greater Des Moines Partnership member directory,2026-10-01
Savannah Homes,directory,https://members.dsmpartnership.com/list/search?c=823,Greater Des Moines Partnership member directory,2026-10-01
Slingshot Architecture,directory,https://members.dsmpartnership.com/list/search?c=823,Greater Des Moines Partnership member directory,2026-10-01
"Vanderpool Construction, Inc.",directory,https://members.dsmpartnership.com/list/search?c=823,Greater Des Moines Partnership member directory,2026-10-01
3E (Electrical Engineering & Equipment Co.),directory,https://members.dsmpartnership.com/list/search?c=767,Greater Des Moines Partnership member directory,2026-10-01
Premier Ceiling Systems LLC,directory,https://members.dsmpartnership.com/list/search?c=767,Greater Des Moines Partnership member directory,2026-10-01
Tri-City Group - Tri-City Electric Co.,directory,https://members.dsmpartnership.com/list/search?c=767,Greater Des Moines Partnership member directory,2026-10-01
Kitchen Refresh by KnoPros,directory,https://members.dsmpartnership.com/list/search?c=859,Greater Des Moines Partnership member directory,2026-10-01
Bryan Companies,directory,https://members.dsmpartnership.com/list/search?c=654,Greater Des Moines Partnership member directory,2026-10-01
City Design,directory,https://members.dsmpartnership.com/list/search?c=654,Greater Des Moines Partnership member directory,2026-10-01
CPIA Home Renovations,directory,https://members.dsmpartnership.com/list/search?c=654,Greater Des Moines Partnership member directory,2026-10-01
Heritage Interiors,directory,https://members.dsmpartnership.com/list/search?c=654,Greater Des Moines Partnership member directory,2026-10-01
Ankeny Sanitation,directory,https://members.dsmpartnership.com/list/search?c=689,Greater Des Moines Partnership member directory,2026-10-01
Fidium,directory,https://members.dsmpartnership.com/list/search?c=689,Greater Des Moines Partnership member directory,2026-10-01
A New Look Exteriors,directory,https://members.dsmpartnership.com/list/search?c=1052,Greater Des Moines Partnership member directory,2026-10-01
Big Roofing,directory,https://members.dsmpartnership.com/list/search?c=1052,Greater Des Moines Partnership member directory,2026-10-01
Bryan Companies,directory,https://members.dsmpartnership.com/list/search?c=1052,Greater Des Moines Partnership member directory,2026-10-01
Buresh Home Solutions,directory,https://members.dsmpartnership.com/list/search?c=1052,Greater Des Moines Partnership member directory,2026-10-01
Firstcall Restoration,directory,https://members.dsmpartnership.com/list/search?c=1052,Greater Des Moines Partnership member directory,2026-10-01
Haggerty Windows and Siding,directory,https://members.dsmpartnership.com/list/search?c=1052,Greater Des Moines Partnership member directory,2026-10-01
Harmony Painting,directory,https://members.dsmpartnership.com/list/search?c=1052,Greater Des Moines Partnership member directory,2026-10-01
Heartland Roofing Siding and Solar,directory,https://members.dsmpartnership.com/list/search?c=1052,Greater Des Moines Partnership member directory,2026-10-01
Hokel General Contracting,directory,https://members.dsmpartnership.com/list/search?c=1052,Greater Des Moines Partnership member directory,2026-10-01
Mighty Dog Roofing of Greater Des Moines,directory,https://members.dsmpartnership.com/list/search?c=1052,Greater Des Moines Partnership member directory,2026-10-01
Peterson Painting,directory,https://members.dsmpartnership.com/list/search?c=1052,Greater Des Moines Partnership member directory,2026-10-01
"Right Roofing & Siding, Inc.",directory,https://members.dsmpartnership.com/list/search?c=1052,Greater Des Moines Partnership member directory,2026-10-01
Robison Roofing,directory,https://members.dsmpartnership.com/list/search?c=1052,Greater Des Moines Partnership member directory,2026-10-01
Superior Exteriors,directory,https://members.dsmpartnership.com/list/search?c=1052,Greater Des Moines Partnership member directory,2026-10-01
Superior Exteriors (HarleyQuinn LLC),directory,https://members.dsmpartnership.com/list/search?c=1052,Greater Des Moines Partnership member directory,2026-10-01
VernCo Roofing,directory,https://members.dsmpartnership.com/list/search?c=1052,Greater Des Moines Partnership member directory,2026-10-01
Wagoner Roofing,directory,https://members.dsmpartnership.com/list/search?c=1052,Greater Des Moines Partnership member directory,2026-10-01
Walter Roofing,directory,https://members.dsmpartnership.com/list/search?c=1052,Greater Des Moines Partnership member directory,2026-10-01
Rebel's Custom Design ,directory,https://members.dsmpartnership.com/list/search?c=1052,Greater Des Moines Partnership member directory,2026-10-01
Ridge Craft Exteriors,directory,https://members.dsmpartnership.com/list/search?c=1052,Greater Des Moines Partnership member directory,2026-10-01
Wagoner Roofing ,directory,https://members.dsmpartnership.com/list/search?c=1052,Greater Des Moines Partnership member directory,2026-10-01
Glen-Gery,directory,https://members.dsmpartnership.com/list/search?c=641,Greater Des Moines Partnership member directory,2026-10-01
Better Builders,directory,https://members.dsmpartnership.com/list/search?c=892,Greater Des Moines Partnership member directory,2026-10-01
Logan Contractors Supply Inc.,directory,https://members.dsmpartnership.com/list/search?c=892,Greater Des Moines Partnership member directory,2026-10-01
Martin Marietta,directory,https://members.dsmpartnership.com/list/search?c=892,Greater Des Moines Partnership member directory,2026-10-01
Premier Ceiling Systems LLC,directory,https://members.dsmpartnership.com/list/search?c=892,Greater Des Moines Partnership member directory,2026-10-01
Samuels Group,directory,https://members.dsmpartnership.com/list/search?c=892,Greater Des Moines Partnership member directory,2026-10-01
Circle B Home Center,directory,https://members.dsmpartnership.com/list/search?c=892,Greater Des Moines Partnership member directory,2026-10-01
Kinzler Construction Services,directory,https://members.dsmpartnership.com/list/search?c=892,Greater Des Moines Partnership member directory,2026-10-01
Reliable Garage Services,directory,https://members.dsmpartnership.com/list/search?c=931,Greater Des Moines Partnership member directory,2026-10-01
Hicklin Garage Doors,directory,https://members.dsmpartnership.com/list/search?c=931,Greater Des Moines Partnership member directory,2026-10-01
Precision Garage Door of Des Moines,directory,https://members.dsmpartnership.com/list/search?c=931,Greater Des Moines Partnership member directory,2026-10-01
"Budget Pro Painting, LLC",directory,https://members.dsmpartnership.com/list/search?c=937,Greater Des Moines Partnership member directory,2026-10-01
CertaPro Painters of Des Moines,directory,https://members.dsmpartnership.com/list/search?c=937,Greater Des Moines Partnership member directory,2026-10-01
City Wide Facility Solutions Des Moines Iowa,directory,https://members.dsmpartnership.com/list/search?c=937,Greater Des Moines Partnership member directory,2026-10-01
CPIA Home Renovations,directory,https://members.dsmpartnership.com/list/search?c=937,Greater Des Moines Partnership member directory,2026-10-01
Ekman Painting,directory,https://members.dsmpartnership.com/list/search?c=937,Greater Des Moines Partnership member directory,2026-10-01
Haggerty Windows and Siding,directory,https://members.dsmpartnership.com/list/search?c=937,Greater Des Moines Partnership member directory,2026-10-01
Harmony Painting,directory,https://members.dsmpartnership.com/list/search?c=937,Greater Des Moines Partnership member directory,2026-10-01
JC Toland Painting,directory,https://members.dsmpartnership.com/list/search?c=937,Greater Des Moines Partnership member directory,2026-10-01
Peterson Painting,directory,https://members.dsmpartnership.com/list/search?c=937,Greater Des Moines Partnership member directory,2026-10-01
CertaPro Painters,directory,https://members.dsmpartnership.com/list/search?c=937,Greater Des Moines Partnership member directory,2026-10-01
CertaPro Painters of Des Moines,directory,https://members.dsmpartnership.com/list/search?c=937,Greater Des Moines Partnership member directory,2026-10-01
Freshcoat Painters of Des Moines,directory,https://members.dsmpartnership.com/list/search?c=937,Greater Des Moines Partnership member directory,2026-10-01
Iowa Home Consulting,directory,https://members.dsmpartnership.com/list/search?c=937,Greater Des Moines Partnership member directory,2026-10-01
Jayinary,directory,https://members.dsmpartnership.com/list/search?c=937,Greater Des Moines Partnership member directory,2026-10-01
"Nicks Painting Plus, LLC",directory,https://members.dsmpartnership.com/list/search?c=937,Greater Des Moines Partnership member directory,2026-10-01
"DPT Companies, Inc.",directory,https://members.dsmpartnership.com/list/search?c=1192,Greater Des Moines Partnership member directory,2026-10-01
Edge Commercial,directory,https://members.dsmpartnership.com/list/search?c=1192,Greater Des Moines Partnership member directory,2026-10-01
Baker Group,directory,https://members.dsmpartnership.com/list/search?c=896,Greater Des Moines Partnership member directory,2026-10-01
"DPT Companies, Inc.",directory,https://members.dsmpartnership.com/list/search?c=896,Greater Des Moines Partnership member directory,2026-10-01
Metro Elevator,directory,https://members.dsmpartnership.com/list/search?c=896,Greater Des Moines Partnership member directory,2026-10-01
Proctor Mechanical Corporation,directory,https://members.dsmpartnership.com/list/search?c=896,Greater Des Moines Partnership member directory,2026-10-01
The Waldinger Corporation,directory,https://members.dsmpartnership.com/list/search?c=896,Greater Des Moines Partnership member directory,2026-10-01
Cerris Systems,directory,https://members.dsmpartnership.com/list/search?c=896,Greater Des Moines Partnership member directory,2026-10-01
"Holt Plumbing, Heating, Cooling & Electrical",directory,https://members.dsmpartnership.com/list/search?c=896,Greater Des Moines Partnership member directory,2026-10-01
MMC Contractors,directory,https://members.dsmpartnership.com/list/search?c=896,Greater Des Moines Partnership member directory,2026-10-01
Turner Construction,directory,https://members.dsmpartnership.com/list/search?c=896,Greater Des Moines Partnership member directory,2026-10-01
A New Look Exteriors,directory,https://members.dsmpartnership.com/list/search?c=605,Greater Des Moines Partnership member directory,2026-10-01
Archadeck,directory,https://members.dsmpartnership.com/list/search?c=605,Greater Des Moines Partnership member directory,2026-10-01
Parking Lot Specialties,directory,https://members.dsmpartnership.com/list/search?c=605,Greater Des Moines Partnership member directory,2026-10-01
After Shock Heating & Cooling,directory,https://members.dsmpartnership.com/list/search?c=674,Greater Des Moines Partnership member directory,2026-10-01
American Softwash,directory,https://members.dsmpartnership.com/list/search?c=674,Greater Des Moines Partnership member directory,2026-10-01
Big Roofing,directory,https://members.dsmpartnership.com/list/search?c=674,Greater Des Moines Partnership member directory,2026-10-01
Boyd Jones ,directory,https://members.dsmpartnership.com/list/search?c=674,Greater Des Moines Partnership member directory,2026-10-01
Breiholz Construction Company,directory,https://members.dsmpartnership.com/list/search?c=674,Greater Des Moines Partnership member directory,2026-10-01
Bryan Companies,directory,https://members.dsmpartnership.com/list/search?c=674,Greater Des Moines Partnership member directory,2026-10-01
"Budget Pro Painting, LLC",directory,https://members.dsmpartnership.com/list/search?c=674,Greater Des Moines Partnership member directory,2026-10-01
Buresh Home Solutions,directory,https://members.dsmpartnership.com/list/search?c=674,Greater Des Moines Partnership member directory,2026-10-01
"Dalton Plumbing, Heating, Cooling, Electric and Fireplace",directory,https://members.dsmpartnership.com/list/search?c=674,Greater Des Moines Partnership member directory,2026-10-01
DCI Group,directory,https://members.dsmpartnership.com/list/search?c=674,Greater Des Moines Partnership member directory,2026-10-01
Edge Commercial,directory,https://members.dsmpartnership.com/list/search?c=674,Greater Des Moines Partnership member directory,2026-10-01
Edwards Landscaping LLC,directory,https://members.dsmpartnership.com/list/search?c=674,Greater Des Moines Partnership member directory,2026-10-01
Excel Lawns & Landscape,directory,https://members.dsmpartnership.com/list/search?c=674,Greater Des Moines Partnership member directory,2026-10-01
Firstcall Restoration,directory,https://members.dsmpartnership.com/list/search?c=674,Greater Des Moines Partnership member directory,2026-10-01
Greiner Construction,directory,https://members.dsmpartnership.com/list/search?c=674,Greater Des Moines Partnership member directory,2026-10-01
Harmony Painting,directory,https://members.dsmpartnership.com/list/search?c=674,Greater Des Moines Partnership member directory,2026-10-01
"HK Gutters, LLC",directory,https://members.dsmpartnership.com/list/search?c=674,Greater Des Moines Partnership member directory,2026-10-01
JM Services of Iowa,directory,https://members.dsmpartnership.com/list/search?c=674,Greater Des Moines Partnership member directory,2026-10-01
L. A. Fulton & Sons Inc.,directory,https://members.dsmpartnership.com/list/search?c=674,Greater Des Moines Partnership member directory,2026-10-01
McGough Construction,directory,https://members.dsmpartnership.com/list/search?c=674,Greater Des Moines Partnership member directory,2026-10-01
Metro Elevator,directory,https://members.dsmpartnership.com/list/search?c=674,Greater Des Moines Partnership member directory,2026-10-01
"Mid-Iowa Electric, Inc.",directory,https://members.dsmpartnership.com/list/search?c=674,Greater Des Moines Partnership member directory,2026-10-01
Peterson Painting,directory,https://members.dsmpartnership.com/list/search?c=674,Greater Des Moines Partnership member directory,2026-10-01
Premier Ceiling Systems LLC,directory,https://members.dsmpartnership.com/list/search?c=674,Greater Des Moines Partnership member directory,2026-10-01
Robison Roofing,directory,https://members.dsmpartnership.com/list/search?c=674,Greater Des Moines Partnership member directory,2026-10-01
Samuels Group,directory,https://members.dsmpartnership.com/list/search?c=674,Greater Des Moines Partnership member directory,2026-10-01
Tri-City Group - Tri-City Electric Co.,directory,https://members.dsmpartnership.com/list/search?c=674,Greater Des Moines Partnership member directory,2026-10-01
Varsity Zone HVAC of Urbandale,directory,https://members.dsmpartnership.com/list/search?c=674,Greater Des Moines Partnership member directory,2026-10-01
VernCo Roofing,directory,https://members.dsmpartnership.com/list/search?c=674,Greater Des Moines Partnership member directory,2026-10-01
Walter Roofing,directory,https://members.dsmpartnership.com/list/search?c=674,Greater Des Moines Partnership member directory,2026-10-01
Weston Companies-Construction Services,directory,https://members.dsmpartnership.com/list/search?c=674,Greater Des Moines Partnership member directory,2026-10-01
Downing Construction,directory,https://members.dsmpartnership.com/list/search?c=674,Greater Des Moines Partnership member directory,2026-10-01
"Downing Construction, Inc.",directory,https://members.dsmpartnership.com/list/search?c=674,Greater Des Moines Partnership member directory,2026-10-01
Edge Commercial,directory,https://members.dsmpartnership.com/list/search?c=674,Greater Des Moines Partnership member directory,2026-10-01
Estes Construction,directory,https://members.dsmpartnership.com/list/search?c=674,Greater Des Moines Partnership member directory,2026-10-01
Greiner Construction,directory,https://members.dsmpartnership.com/list/search?c=674,Greater Des Moines Partnership member directory,2026-10-01
Parking Lot Specialties,directory,https://members.dsmpartnership.com/list/search?c=674,Greater Des Moines Partnership member directory,2026-10-01
Ridge Craft Exteriors,directory,https://members.dsmpartnership.com/list/search?c=674,Greater Des Moines Partnership member directory,2026-10-01
Turner Construction,directory,https://members.dsmpartnership.com/list/search?c=674,Greater Des Moines Partnership member directory,2026-10-01
Monarch Materials Group,directory,https://members.dsmpartnership.com/list/search?c=1143,Greater Des Moines Partnership member directory,2026-10-01
Andersen Windows,directory,https://members.dsmpartnership.com/list/search?c=1143,Greater Des Moines Partnership member directory,2026-10-01
Pella Corporation,directory,https://members.dsmpartnership.com/list/search?c=1143,Greater Des Moines Partnership member directory,2026-10-01
Renewal by Andersen,directory,https://members.dsmpartnership.com/list/search?c=1143,Greater Des Moines Partnership member directory,2026-10-01
JR Carpentry Inc,directory,https://members.dsmpartnership.com/list/search?c=902,Greater Des Moines Partnership member directory,2026-10-01
Tri-City Group - Tri-City Electric Co.,directory,https://members.dsmpartnership.com/list/search?c=902,Greater Des Moines Partnership member directory,2026-10-01
Better Builders,directory,https://members.dsmpartnership.com/list/search?c=880,Greater Des Moines Partnership member directory,2026-10-01
"Greater Des Moines Habitat for Humanity, ReStore",directory,https://members.dsmpartnership.com/list/search?c=880,Greater Des Moines Partnership member directory,2026-10-01
Beisser Lumber,directory,https://members.dsmpartnership.com/list/search?c=880,Greater Des Moines Partnership member directory,2026-10-01
"Krier Homes, INC ",directory,https://members.dsmpartnership.com/list/search?c=880,Greater Des Moines Partnership member directory,2026-10-01
Edwards Landscaping LLC,directory,https://members.dsmpartnership.com/list/search?c=1024,Greater Des Moines Partnership member directory,2026-10-01
American Softwash,directory,https://members.dsmpartnership.com/list/search?c=773,Greater Des Moines Partnership member directory,2026-10-01
"Budget Pro Painting, LLC",directory,https://members.dsmpartnership.com/list/search?c=773,Greater Des Moines Partnership member directory,2026-10-01
Buresh Home Solutions,directory,https://members.dsmpartnership.com/list/search?c=773,Greater Des Moines Partnership member directory,2026-10-01
76 FENCE Greater Des Moines,directory,https://members.dsmpartnership.com/list/search?c=773,Greater Des Moines Partnership member directory,2026-10-01
Kinman Glass Inc.,directory,https://members.dsmpartnership.com/list/search?c=1168,Greater Des Moines Partnership member directory,2026-10-01
McGough Glass and Mirror,directory,https://members.dsmpartnership.com/list/search?c=1168,Greater Des Moines Partnership member directory,2026-10-01
Superior Exteriors,directory,https://members.dsmpartnership.com/list/search?c=1168,Greater Des Moines Partnership member directory,2026-10-01
3E (Electrical Engineering & Equipment Co.),directory,https://members.dsmpartnership.com/list/search?c=744,Greater Des Moines Partnership member directory,2026-10-01
B&L Electric LLC,directory,https://members.dsmpartnership.com/list/search?c=744,Greater Des Moines Partnership member directory,2026-10-01
Custom Electrical Services,directory,https://members.dsmpartnership.com/list/search?c=744,Greater Des Moines Partnership member directory,2026-10-01
"Dalton Plumbing, Heating, Cooling, Electric and Fireplace",directory,https://members.dsmpartnership.com/list/search?c=744,Greater Des Moines Partnership member directory,2026-10-01
"DPT Companies, Inc.",directory,https://members.dsmpartnership.com/list/search?c=744,Greater Des Moines Partnership member directory,2026-10-01
"Mid-Iowa Electric, Inc.",directory,https://members.dsmpartnership.com/list/search?c=744,Greater Des Moines Partnership member directory,2026-10-01
Premier Electric of Iowa,directory,https://members.dsmpartnership.com/list/search?c=744,Greater Des Moines Partnership member directory,2026-10-01
Rewired,directory,https://members.dsmpartnership.com/list/search?c=744,Greater Des Moines Partnership member directory,2026-10-01
Tri-City Group,directory,https://members.dsmpartnership.com/list/search?c=744,Greater Des Moines Partnership member directory,2026-10-01
Tri-City Group - Tri-City Electric Co.,directory,https://members.dsmpartnership.com/list/search?c=744,Greater Des Moines Partnership member directory,2026-10-01
Upfront Electrical,directory,https://members.dsmpartnership.com/list/search?c=744,Greater Des Moines Partnership member directory,2026-10-01
B&L Electric LLC,directory,https://members.dsmpartnership.com/list/search?c=744,Greater Des Moines Partnership member directory,2026-10-01
"Baker Electric, Inc.",directory,https://members.dsmpartnership.com/list/search?c=744,Greater Des Moines Partnership member directory,2026-10-01
"Baker Electric, Inc.",directory,https://members.dsmpartnership.com/list/search?c=744,Greater Des Moines Partnership member directory,2026-10-01
"Baker Electric, Inc.",directory,https://members.dsmpartnership.com/list/search?c=744,Greater Des Moines Partnership member directory,2026-10-01
Commonwealth Electric,directory,https://members.dsmpartnership.com/list/search?c=744,Greater Des Moines Partnership member directory,2026-10-01
Custom Electrical Services,directory,https://members.dsmpartnership.com/list/search?c=744,Greater Des Moines Partnership member directory,2026-10-01
"Holt Plumbing, Heating, Cooling & Electrical",directory,https://members.dsmpartnership.com/list/search?c=744,Greater Des Moines Partnership member directory,2026-10-01
I-80 Power Inc.,directory,https://members.dsmpartnership.com/list/search?c=744,Greater Des Moines Partnership member directory,2026-10-01
Miller Electric,directory,https://members.dsmpartnership.com/list/search?c=744,Greater Des Moines Partnership member directory,2026-10-01
MMC Contractors,directory,https://members.dsmpartnership.com/list/search?c=744,Greater Des Moines Partnership member directory,2026-10-01
Rewired Iowa,directory,https://members.dsmpartnership.com/list/search?c=744,Greater Des Moines Partnership member directory,2026-10-01
Robison Electric LLX,directory,https://members.dsmpartnership.com/list/search?c=744,Greater Des Moines Partnership member directory,2026-10-01
Tri-City Electric,directory,https://members.dsmpartnership.com/list/search?c=744,Greater Des Moines Partnership member directory,2026-10-01
All Types Moving,directory,https://members.dsmpartnership.com/list/search?c=677,Greater Des Moines Partnership member directory,2026-10-01
Express Logistics Inc.,directory,https://members.dsmpartnership.com/list/search?c=677,Greater Des Moines Partnership member directory,2026-10-01
Freightjoy Logistics,directory,https://members.dsmpartnership.com/list/search?c=677,Greater Des Moines Partnership member directory,2026-10-01
TWO MEN AND A TRUCK - Des Moines,directory,https://members.dsmpartnership.com/list/search?c=677,Greater Des Moines Partnership member directory,2026-10-01
WorldWide Logistics,directory,https://members.dsmpartnership.com/list/search?c=677,Greater Des Moines Partnership member directory,2026-10-01
Ohana Freight Carriers LLC,directory,https://members.dsmpartnership.com/list/search?c=677,Greater Des Moines Partnership member directory,2026-10-01
Ruan Transportation Management Systems,directory,https://members.dsmpartnership.com/list/search?c=677,Greater Des Moines Partnership member directory,2026-10-01
City Wide Facility Solutions Des Moines Iowa,directory,https://members.dsmpartnership.com/list/search?c=728,Greater Des Moines Partnership member directory,2026-10-01
First Onsite,directory,https://members.dsmpartnership.com/list/search?c=728,Greater Des Moines Partnership member directory,2026-10-01
Firstcall Restoration,directory,https://members.dsmpartnership.com/list/search?c=728,Greater Des Moines Partnership member directory,2026-10-01
Green Home Solutions,directory,https://members.dsmpartnership.com/list/search?c=728,Greater Des Moines Partnership member directory,2026-10-01
ServiceMaster by Rice,directory,https://members.dsmpartnership.com/list/search?c=728,Greater Des Moines Partnership member directory,2026-10-01
ServiceMaster by Rice,directory,https://members.dsmpartnership.com/list/search?c=728,Greater Des Moines Partnership member directory,2026-10-01
Rainbow International Restoration,directory,https://members.dsmpartnership.com/list/search?c=728,Greater Des Moines Partnership member directory,2026-10-01
ServiceMaster by Rice,directory,https://members.dsmpartnership.com/list/search?c=728,Greater Des Moines Partnership member directory,2026-10-01
ServiceMaster by Rice,directory,https://members.dsmpartnership.com/list/search?c=728,Greater Des Moines Partnership member directory,2026-10-01
SERVPRO of Grinnell & Pella,directory,https://members.dsmpartnership.com/list/search?c=728,Greater Des Moines Partnership member directory,2026-10-01
Voda Cleaning & Restoration of Grimes,directory,https://members.dsmpartnership.com/list/search?c=728,Greater Des Moines Partnership member directory,2026-10-01
All Types Moving,directory,https://members.dsmpartnership.com/list/search?c=906,Greater Des Moines Partnership member directory,2026-10-01
Express Logistics Inc.,directory,https://members.dsmpartnership.com/list/search?c=906,Greater Des Moines Partnership member directory,2026-10-01
Freightjoy Logistics,directory,https://members.dsmpartnership.com/list/search?c=906,Greater Des Moines Partnership member directory,2026-10-01
WorldWide Logistics,directory,https://members.dsmpartnership.com/list/search?c=906,Greater Des Moines Partnership member directory,2026-10-01
Check-All Valve Mfg Co.,directory,https://members.dsmpartnership.com/list/search?c=1123,Greater Des Moines Partnership member directory,2026-10-01
Kinzler Construction Services,directory,https://members.dsmpartnership.com/list/search?c=786,Greater Des Moines Partnership member directory,2026-10-01
Bryan Companies,directory,https://members.dsmpartnership.com/list/search?c=701,Greater Des Moines Partnership member directory,2026-10-01
Cabinet Boutique,directory,https://members.dsmpartnership.com/list/search?c=701,Greater Des Moines Partnership member directory,2026-10-01
City Design,directory,https://members.dsmpartnership.com/list/search?c=701,Greater Des Moines Partnership member directory,2026-10-01
DE Designs Inc. ,directory,https://members.dsmpartnership.com/list/search?c=701,Greater Des Moines Partnership member directory,2026-10-01
Heritage Interiors,directory,https://members.dsmpartnership.com/list/search?c=701,Greater Des Moines Partnership member directory,2026-10-01
Morris Lare Interior Design,directory,https://members.dsmpartnership.com/list/search?c=701,Greater Des Moines Partnership member directory,2026-10-01
Mullins Renovation & Construction,directory,https://members.dsmpartnership.com/list/search?c=701,Greater Des Moines Partnership member directory,2026-10-01
RCI Builders,directory,https://members.dsmpartnership.com/list/search?c=701,Greater Des Moines Partnership member directory,2026-10-01
Re-Bath Des Moines,directory,https://members.dsmpartnership.com/list/search?c=701,Greater Des Moines Partnership member directory,2026-10-01
Brilliant Borders Landscaping,directory,https://members.dsmpartnership.com/list/search?c=870,Greater Des Moines Partnership member directory,2026-10-01
City Wide Facility Solutions Des Moines Iowa,directory,https://members.dsmpartnership.com/list/search?c=870,Greater Des Moines Partnership member directory,2026-10-01
CLK Landscape Construction,directory,https://members.dsmpartnership.com/list/search?c=870,Greater Des Moines Partnership member directory,2026-10-01
Colby's Lawn & Landscape ,directory,https://members.dsmpartnership.com/list/search?c=870,Greater Des Moines Partnership member directory,2026-10-01
Edwards Landscaping LLC,directory,https://members.dsmpartnership.com/list/search?c=870,Greater Des Moines Partnership member directory,2026-10-01
Excel Lawns & Landscape,directory,https://members.dsmpartnership.com/list/search?c=870,Greater Des Moines Partnership member directory,2026-10-01
Grassy Knoll Lawn Care,directory,https://members.dsmpartnership.com/list/search?c=870,Greater Des Moines Partnership member directory,2026-10-01
Ground Control Services,directory,https://members.dsmpartnership.com/list/search?c=870,Greater Des Moines Partnership member directory,2026-10-01
"Innovative Home & Outdoor Solutions, LLC",directory,https://members.dsmpartnership.com/list/search?c=870,Greater Des Moines Partnership member directory,2026-10-01
Mfitz Services LLC,directory,https://members.dsmpartnership.com/list/search?c=870,Greater Des Moines Partnership member directory,2026-10-01
Mowtivated Lawncare LLC,directory,https://members.dsmpartnership.com/list/search?c=870,Greater Des Moines Partnership member directory,2026-10-01
Perficut Site Management,directory,https://members.dsmpartnership.com/list/search?c=870,Greater Des Moines Partnership member directory,2026-10-01
"Urbandale Lawn Solutions, Inc.",directory,https://members.dsmpartnership.com/list/search?c=870,Greater Des Moines Partnership member directory,2026-10-01
Windsor Mower,directory,https://members.dsmpartnership.com/list/search?c=870,Greater Des Moines Partnership member directory,2026-10-01
A+ Lawn and Landscape,directory,https://members.dsmpartnership.com/list/search?c=870,Greater Des Moines Partnership member directory,2026-10-01
Schwinger Lawn Service,directory,https://members.dsmpartnership.com/list/search?c=870,Greater Des Moines Partnership member directory,2026-10-01
Stripez Site Management,directory,https://members.dsmpartnership.com/list/search?c=870,Greater Des Moines Partnership member directory,2026-10-01
Thayer And Son's Lawn Services LLC,directory,https://members.dsmpartnership.com/list/search?c=870,Greater Des Moines Partnership member directory,2026-10-01
Total Quality,directory,https://members.dsmpartnership.com/list/search?c=870,Greater Des Moines Partnership member directory,2026-10-01
Archadeck,directory,https://members.dsmpartnership.com/list/search?c=1166,Greater Des Moines Partnership member directory,2026-10-01
Barnum Floors,directory,https://members.dsmpartnership.com/list/search?c=1166,Greater Des Moines Partnership member directory,2026-10-01
Bryan Companies,directory,https://members.dsmpartnership.com/list/search?c=1166,Greater Des Moines Partnership member directory,2026-10-01
Carpet One Floor & Home,directory,https://members.dsmpartnership.com/list/search?c=1166,Greater Des Moines Partnership member directory,2026-10-01
City Wide Facility Solutions Des Moines Iowa,directory,https://members.dsmpartnership.com/list/search?c=1166,Greater Des Moines Partnership member directory,2026-10-01
CPIA Home Renovations,directory,https://members.dsmpartnership.com/list/search?c=1166,Greater Des Moines Partnership member directory,2026-10-01
Garage Force of Des Moines LLC,directory,https://members.dsmpartnership.com/list/search?c=1166,Greater Des Moines Partnership member directory,2026-10-01
Harmony Painting,directory,https://members.dsmpartnership.com/list/search?c=1166,Greater Des Moines Partnership member directory,2026-10-01
Heritage Interiors,directory,https://members.dsmpartnership.com/list/search?c=1166,Greater Des Moines Partnership member directory,2026-10-01
Morris Lare Interior Design,directory,https://members.dsmpartnership.com/list/search?c=1166,Greater Des Moines Partnership member directory,2026-10-01
Mullins Renovation & Construction,directory,https://members.dsmpartnership.com/list/search?c=1166,Greater Des Moines Partnership member directory,2026-10-01
RCI Builders,directory,https://members.dsmpartnership.com/list/search?c=1166,Greater Des Moines Partnership member directory,2026-10-01
Weston Companies-Construction Services,directory,https://members.dsmpartnership.com/list/search?c=1166,Greater Des Moines Partnership member directory,2026-10-01
Iowa Home Consulting,directory,https://members.dsmpartnership.com/list/search?c=1166,Greater Des Moines Partnership member directory,2026-10-01
Accumold,directory,https://members.dsmpartnership.com/list/search?c=590,Greater Des Moines Partnership member directory,2026-10-01
"Dee Zee, Inc.",directory,https://members.dsmpartnership.com/list/search?c=590,Greater Des Moines Partnership member directory,2026-10-01
Vermeer Corporation,directory,https://members.dsmpartnership.com/list/search?c=590,Greater Des Moines Partnership member directory,2026-10-01
Metro Elevator,directory,https://members.dsmpartnership.com/list/search?c=747,Greater Des Moines Partnership member directory,2026-10-01
Midwest Polyfoam,directory,https://members.dsmpartnership.com/list/search?c=747,Greater Des Moines Partnership member directory,2026-10-01
Collins Aerospace  ,directory,https://members.dsmpartnership.com/list/search?c=583,Greater Des Moines Partnership member directory,2026-10-01
A New Look Exteriors,directory,https://members.dsmpartnership.com/list/search?c=679,Greater Des Moines Partnership member directory,2026-10-01
Bryan Companies,directory,https://members.dsmpartnership.com/list/search?c=679,Greater Des Moines Partnership member directory,2026-10-01
Buresh Home Solutions,directory,https://members.dsmpartnership.com/list/search?c=679,Greater Des Moines Partnership member directory,2026-10-01
Foundation Recovery Systems,directory,https://members.dsmpartnership.com/list/search?c=679,Greater Des Moines Partnership member directory,2026-10-01
Garage Force of Des Moines LLC,directory,https://members.dsmpartnership.com/list/search?c=679,Greater Des Moines Partnership member directory,2026-10-01
Midwest Polyfoam,directory,https://members.dsmpartnership.com/list/search?c=679,Greater Des Moines Partnership member directory,2026-10-01
CemenTech,directory,https://members.dsmpartnership.com/list/search?c=679,Greater Des Moines Partnership member directory,2026-10-01
Cemen-Tech,directory,https://members.dsmpartnership.com/list/search?c=679,Greater Des Moines Partnership member directory,2026-10-01
Indianola Ready-Mix,directory,https://members.dsmpartnership.com/list/search?c=679,Greater Des Moines Partnership member directory,2026-10-01
"Norwalk Ready Mix Concrete, Inc.",directory,https://members.dsmpartnership.com/list/search?c=679,Greater Des Moines Partnership member directory,2026-10-01
Parking Lot Specialties,directory,https://members.dsmpartnership.com/list/search?c=679,Greater Des Moines Partnership member directory,2026-10-01
A New Look Exteriors,directory,https://members.dsmpartnership.com/list/search?c=801,Greater Des Moines Partnership member directory,2026-10-01
Archadeck,directory,https://members.dsmpartnership.com/list/search?c=801,Greater Des Moines Partnership member directory,2026-10-01
"Ball Team, LLC",directory,https://members.dsmpartnership.com/list/search?c=801,Greater Des Moines Partnership member directory,2026-10-01
Beebe Drain and Sewer,directory,https://members.dsmpartnership.com/list/search?c=801,Greater Des Moines Partnership member directory,2026-10-01
Big Roofing,directory,https://members.dsmpartnership.com/list/search?c=801,Greater Des Moines Partnership member directory,2026-10-01
Bryan Companies,directory,https://members.dsmpartnership.com/list/search?c=801,Greater Des Moines Partnership member directory,2026-10-01
Colby's Lawn & Landscape ,directory,https://members.dsmpartnership.com/list/search?c=801,Greater Des Moines Partnership member directory,2026-10-01
CPIA Home Renovations,directory,https://members.dsmpartnership.com/list/search?c=801,Greater Des Moines Partnership member directory,2026-10-01
"Dalton Plumbing, Heating, Cooling, Electric and Fireplace",directory,https://members.dsmpartnership.com/list/search?c=801,Greater Des Moines Partnership member directory,2026-10-01
Deck and Drive Solutions,directory,https://members.dsmpartnership.com/list/search?c=801,Greater Des Moines Partnership member directory,2026-10-01
Design2Build,directory,https://members.dsmpartnership.com/list/search?c=801,Greater Des Moines Partnership member directory,2026-10-01
Edge Commercial,directory,https://members.dsmpartnership.com/list/search?c=801,Greater Des Moines Partnership member directory,2026-10-01
Firstcall Restoration,directory,https://members.dsmpartnership.com/list/search?c=801,Greater Des Moines Partnership member directory,2026-10-01
Haggerty Windows and Siding,directory,https://members.dsmpartnership.com/list/search?c=801,Greater Des Moines Partnership member directory,2026-10-01
Hokel General Contracting,directory,https://members.dsmpartnership.com/list/search?c=801,Greater Des Moines Partnership member directory,2026-10-01
Hubbell Realty Company,directory,https://members.dsmpartnership.com/list/search?c=801,Greater Des Moines Partnership member directory,2026-10-01
Hudson My Home,directory,https://members.dsmpartnership.com/list/search?c=801,Greater Des Moines Partnership member directory,2026-10-01
JC Toland Painting,directory,https://members.dsmpartnership.com/list/search?c=801,Greater Des Moines Partnership member directory,2026-10-01
JM Services of Iowa,directory,https://members.dsmpartnership.com/list/search?c=801,Greater Des Moines Partnership member directory,2026-10-01
JR Carpentry Inc,directory,https://members.dsmpartnership.com/list/search?c=801,Greater Des Moines Partnership member directory,2026-10-01
"K and V Homes, Inc.",directory,https://members.dsmpartnership.com/list/search?c=801,Greater Des Moines Partnership member directory,2026-10-01
Lil Brother Construction,directory,https://members.dsmpartnership.com/list/search?c=801,Greater Des Moines Partnership member directory,2026-10-01
McGough Construction,directory,https://members.dsmpartnership.com/list/search?c=801,Greater Des Moines Partnership member directory,2026-10-01
Mfitz Services LLC,directory,https://members.dsmpartnership.com/list/search?c=801,Greater Des Moines Partnership member directory,2026-10-01
"Mid-Iowa Electric, Inc.",directory,https://members.dsmpartnership.com/list/search?c=801,Greater Des Moines Partnership member directory,2026-10-01
Morris Lare Interior Design,directory,https://members.dsmpartnership.com/list/search?c=801,Greater Des Moines Partnership member directory,2026-10-01
Mullins Renovation & Construction,directory,https://members.dsmpartnership.com/list/search?c=801,Greater Des Moines Partnership member directory,2026-10-01
Robison Roofing,directory,https://members.dsmpartnership.com/list/search?c=801,Greater Des Moines Partnership member directory,2026-10-01
Southbridge/Cramer & Associates,directory,https://members.dsmpartnership.com/list/search?c=801,Greater Des Moines Partnership member directory,2026-10-01
Superior Exteriors,directory,https://members.dsmpartnership.com/list/search?c=801,Greater Des Moines Partnership member directory,2026-10-01
Titan Roofing and Exteriors,directory,https://members.dsmpartnership.com/list/search?c=801,Greater Des Moines Partnership member directory,2026-10-01
VernCo Roofing,directory,https://members.dsmpartnership.com/list/search?c=801,Greater Des Moines Partnership member directory,2026-10-01
Walter Roofing,directory,https://members.dsmpartnership.com/list/search?c=801,Greater Des Moines Partnership member directory,2026-10-01
Weston Companies-Construction Services,directory,https://members.dsmpartnership.com/list/search?c=801,Greater Des Moines Partnership member directory,2026-10-01
"Downing Construction, Inc.",directory,https://members.dsmpartnership.com/list/search?c=801,Greater Des Moines Partnership member directory,2026-10-01
Graham Construction Company,directory,https://members.dsmpartnership.com/list/search?c=801,Greater Des Moines Partnership member directory,2026-10-01
Iowa Home Consulting,directory,https://members.dsmpartnership.com/list/search?c=801,Greater Des Moines Partnership member directory,2026-10-01
JM Services of Iowa,directory,https://members.dsmpartnership.com/list/search?c=801,Greater Des Moines Partnership member directory,2026-10-01
O'Leary Enterprises LLC,directory,https://members.dsmpartnership.com/list/search?c=801,Greater Des Moines Partnership member directory,2026-10-01
R3 Roofing and Exteriors,directory,https://members.dsmpartnership.com/list/search?c=801,Greater Des Moines Partnership member directory,2026-10-01
Ridge Craft Exteriors,directory,https://members.dsmpartnership.com/list/search?c=801,Greater Des Moines Partnership member directory,2026-10-01
Taylor Exteriors and Construction LLC,directory,https://members.dsmpartnership.com/list/search?c=801,Greater Des Moines Partnership member directory,2026-10-01
"Vanderpool Construction, Inc.",directory,https://members.dsmpartnership.com/list/search?c=801,Greater Des Moines Partnership member directory,2026-10-01
America's Best Choice of Des Moines,directory,https://members.dsmpartnership.com/list/search?c=1288,Greater Des Moines Partnership member directory,2026-10-01
HRTLND Companies,directory,https://members.dsmpartnership.com/list/search?c=1288,Greater Des Moines Partnership member directory,2026-10-01
Baldon Plumbing and Heating,directory,https://members.dsmpartnership.com/list/search?c=967,Greater Des Moines Partnership member directory,2026-10-01
Beebe Drain and Sewer,directory,https://members.dsmpartnership.com/list/search?c=967,Greater Des Moines Partnership member directory,2026-10-01
City Wide Facility Solutions Des Moines Iowa,directory,https://members.dsmpartnership.com/list/search?c=967,Greater Des Moines Partnership member directory,2026-10-01
Clog Busters Drain Cleaning & Repair,directory,https://members.dsmpartnership.com/list/search?c=967,Greater Des Moines Partnership member directory,2026-10-01
"Dalton Plumbing, Heating, Cooling, Electric and Fireplace",directory,https://members.dsmpartnership.com/list/search?c=967,Greater Des Moines Partnership member directory,2026-10-01
L. A. Fulton & Sons Inc.,directory,https://members.dsmpartnership.com/list/search?c=967,Greater Des Moines Partnership member directory,2026-10-01
Schlievert Plumbing Inc.,directory,https://members.dsmpartnership.com/list/search?c=967,Greater Des Moines Partnership member directory,2026-10-01
1-Tom Plumber Des Moines,directory,https://members.dsmpartnership.com/list/search?c=967,Greater Des Moines Partnership member directory,2026-10-01
Holt Plumbing & Heating Inc.,directory,https://members.dsmpartnership.com/list/search?c=967,Greater Des Moines Partnership member directory,2026-10-01
"Holt Plumbing, Heating, Cooling & Electrical",directory,https://members.dsmpartnership.com/list/search?c=967,Greater Des Moines Partnership member directory,2026-10-01
SCHLIEVERT PLUMBING,directory,https://members.dsmpartnership.com/list/search?c=967,Greater Des Moines Partnership member directory,2026-10-01
"Schlievert Plumbing, Inc.",directory,https://members.dsmpartnership.com/list/search?c=967,Greater Des Moines Partnership member directory,2026-10-01
MCA Metal Fabrication,directory,https://members.dsmpartnership.com/list/search?c=1048,Greater Des Moines Partnership member directory,2026-10-01
Robison Roofing,directory,https://members.dsmpartnership.com/list/search?c=1048,Greater Des Moines Partnership member directory,2026-10-01
Ridge Craft Exteriors,directory,https://members.dsmpartnership.com/list/search?c=1048,Greater Des Moines Partnership member directory,2026-10-01
A New Look Exteriors,directory,https://members.dsmpartnership.com/list/search?c=1002,Greater Des Moines Partnership member directory,2026-10-01
Archadeck,directory,https://members.dsmpartnership.com/list/search?c=1002,Greater Des Moines Partnership member directory,2026-10-01
Better Builders,directory,https://members.dsmpartnership.com/list/search?c=1002,Greater Des Moines Partnership member directory,2026-10-01
Bryan Companies,directory,https://members.dsmpartnership.com/list/search?c=1002,Greater Des Moines Partnership member directory,2026-10-01
"Budget Pro Painting, LLC",directory,https://members.dsmpartnership.com/list/search?c=1002,Greater Des Moines Partnership member directory,2026-10-01
Buresh Home Solutions,directory,https://members.dsmpartnership.com/list/search?c=1002,Greater Des Moines Partnership member directory,2026-10-01
Cabinet Boutique,directory,https://members.dsmpartnership.com/list/search?c=1002,Greater Des Moines Partnership member directory,2026-10-01
Compelling Homes,directory,https://members.dsmpartnership.com/list/search?c=1002,Greater Des Moines Partnership member directory,2026-10-01
CPIA Home Renovations,directory,https://members.dsmpartnership.com/list/search?c=1002,Greater Des Moines Partnership member directory,2026-10-01
Deck and Drive Solutions,directory,https://members.dsmpartnership.com/list/search?c=1002,Greater Des Moines Partnership member directory,2026-10-01
Design2Build,directory,https://members.dsmpartnership.com/list/search?c=1002,Greater Des Moines Partnership member directory,2026-10-01
Dynasty Homes,directory,https://members.dsmpartnership.com/list/search?c=1002,Greater Des Moines Partnership member directory,2026-10-01
Edge Commercial,directory,https://members.dsmpartnership.com/list/search?c=1002,Greater Des Moines Partnership member directory,2026-10-01
Firstcall Restoration,directory,https://members.dsmpartnership.com/list/search?c=1002,Greater Des Moines Partnership member directory,2026-10-01
Heartland Handcrafted,directory,https://members.dsmpartnership.com/list/search?c=1002,Greater Des Moines Partnership member directory,2026-10-01
Hokel General Contracting,directory,https://members.dsmpartnership.com/list/search?c=1002,Greater Des Moines Partnership member directory,2026-10-01
Hubbell Realty Company,directory,https://members.dsmpartnership.com/list/search?c=1002,Greater Des Moines Partnership member directory,2026-10-01
JM Services of Iowa,directory,https://members.dsmpartnership.com/list/search?c=1002,Greater Des Moines Partnership member directory,2026-10-01
JR Carpentry Inc,directory,https://members.dsmpartnership.com/list/search?c=1002,Greater Des Moines Partnership member directory,2026-10-01
"K and V Homes, Inc.",directory,https://members.dsmpartnership.com/list/search?c=1002,Greater Des Moines Partnership member directory,2026-10-01
Lil Brother Construction,directory,https://members.dsmpartnership.com/list/search?c=1002,Greater Des Moines Partnership member directory,2026-10-01
Morris Lare Interior Design,directory,https://members.dsmpartnership.com/list/search?c=1002,Greater Des Moines Partnership member directory,2026-10-01
Mullins Renovation & Construction,directory,https://members.dsmpartnership.com/list/search?c=1002,Greater Des Moines Partnership member directory,2026-10-01
Peterson Painting,directory,https://members.dsmpartnership.com/list/search?c=1002,Greater Des Moines Partnership member directory,2026-10-01
RCI Builders,directory,https://members.dsmpartnership.com/list/search?c=1002,Greater Des Moines Partnership member directory,2026-10-01
Superior Exteriors,directory,https://members.dsmpartnership.com/list/search?c=1002,Greater Des Moines Partnership member directory,2026-10-01
Texturious Designs,directory,https://members.dsmpartnership.com/list/search?c=1002,Greater Des Moines Partnership member directory,2026-10-01
Weston Companies-Construction Services,directory,https://members.dsmpartnership.com/list/search?c=1002,Greater Des Moines Partnership member directory,2026-10-01
"Woodharbor Kitchen, Bath & Home Remodeling",directory,https://members.dsmpartnership.com/list/search?c=1002,Greater Des Moines Partnership member directory,2026-10-01
Zenith Design + Build,directory,https://members.dsmpartnership.com/list/search?c=1002,Greater Des Moines Partnership member directory,2026-10-01
"Construction By Cambron, LLC",directory,https://members.dsmpartnership.com/list/search?c=1002,Greater Des Moines Partnership member directory,2026-10-01
Iowa Home Consulting,directory,https://members.dsmpartnership.com/list/search?c=1002,Greater Des Moines Partnership member directory,2026-10-01
"Pivot Construction, LLC",directory,https://members.dsmpartnership.com/list/search?c=1002,Greater Des Moines Partnership member directory,2026-10-01
Red House Remodeling,directory,https://members.dsmpartnership.com/list/search?c=1002,Greater Des Moines Partnership member directory,2026-10-01
Remodelworks,directory,https://members.dsmpartnership.com/list/search?c=1002,Greater Des Moines Partnership member directory,2026-10-01
Ridge Craft Exteriors,directory,https://members.dsmpartnership.com/list/search?c=1002,Greater Des Moines Partnership member directory,2026-10-01
Terracon,directory,https://members.dsmpartnership.com/list/search?c=1002,Greater Des Moines Partnership member directory,2026-10-01
Dynasty Homes,directory,https://members.dsmpartnership.com/list/search?c=826,Greater Des Moines Partnership member directory,2026-10-01
A New Look Exteriors,directory,https://members.dsmpartnership.com/list/search?c=1016,Greater Des Moines Partnership member directory,2026-10-01
Advantage Home Pros,directory,https://members.dsmpartnership.com/list/search?c=1016,Greater Des Moines Partnership member directory,2026-10-01
American Softwash,directory,https://members.dsmpartnership.com/list/search?c=1016,Greater Des Moines Partnership member directory,2026-10-01
Big Roofing,directory,https://members.dsmpartnership.com/list/search?c=1016,Greater Des Moines Partnership member directory,2026-10-01
Black Shield Roofing and Construction,directory,https://members.dsmpartnership.com/list/search?c=1016,Greater Des Moines Partnership member directory,2026-10-01
Bryan Companies,directory,https://members.dsmpartnership.com/list/search?c=1016,Greater Des Moines Partnership member directory,2026-10-01
Buresh Home Solutions,directory,https://members.dsmpartnership.com/list/search?c=1016,Greater Des Moines Partnership member directory,2026-10-01
Firstcall Restoration,directory,https://members.dsmpartnership.com/list/search?c=1016,Greater Des Moines Partnership member directory,2026-10-01
Heartland Roofing Siding and Solar,directory,https://members.dsmpartnership.com/list/search?c=1016,Greater Des Moines Partnership member directory,2026-10-01
"Heartland Roofing, Siding, and Solar",directory,https://members.dsmpartnership.com/list/search?c=1016,Greater Des Moines Partnership member directory,2026-10-01
"HK Gutters, LLC",directory,https://members.dsmpartnership.com/list/search?c=1016,Greater Des Moines Partnership member directory,2026-10-01
Hokel General Contracting,directory,https://members.dsmpartnership.com/list/search?c=1016,Greater Des Moines Partnership member directory,2026-10-01
Mighty Dog Roofing of Greater Des Moines,directory,https://members.dsmpartnership.com/list/search?c=1016,Greater Des Moines Partnership member directory,2026-10-01
"Right Roofing & Siding, Inc.",directory,https://members.dsmpartnership.com/list/search?c=1016,Greater Des Moines Partnership member directory,2026-10-01
Robison Roofing,directory,https://members.dsmpartnership.com/list/search?c=1016,Greater Des Moines Partnership member directory,2026-10-01
Superior Exteriors,directory,https://members.dsmpartnership.com/list/search?c=1016,Greater Des Moines Partnership member directory,2026-10-01
Titan Roofing and Exteriors,directory,https://members.dsmpartnership.com/list/search?c=1016,Greater Des Moines Partnership member directory,2026-10-01
VernCo Roofing,directory,https://members.dsmpartnership.com/list/search?c=1016,Greater Des Moines Partnership member directory,2026-10-01
Wagoner Roofing,directory,https://members.dsmpartnership.com/list/search?c=1016,Greater Des Moines Partnership member directory,2026-10-01
Walter Roofing,directory,https://members.dsmpartnership.com/list/search?c=1016,Greater Des Moines Partnership member directory,2026-10-01
Walter Roofing,directory,https://members.dsmpartnership.com/list/search?c=1016,Greater Des Moines Partnership member directory,2026-10-01
Advantage Home Pros,directory,https://members.dsmpartnership.com/list/search?c=1016,Greater Des Moines Partnership member directory,2026-10-01
Apple Roofing,directory,https://members.dsmpartnership.com/list/search?c=1016,Greater Des Moines Partnership member directory,2026-10-01
BIG Roofing,directory,https://members.dsmpartnership.com/list/search?c=1016,Greater Des Moines Partnership member directory,2026-10-01
Einsel Homes LLC dba E4 Construction,directory,https://members.dsmpartnership.com/list/search?c=1016,Greater Des Moines Partnership member directory,2026-10-01
Legacy Restoration LLC,directory,https://members.dsmpartnership.com/list/search?c=1016,Greater Des Moines Partnership member directory,2026-10-01
Mighty Dog Roofing of Greater Des Moines,directory,https://members.dsmpartnership.com/list/search?c=1016,Greater Des Moines Partnership member directory,2026-10-01
R3 Roofing and Exteriors,directory,https://members.dsmpartnership.com/list/search?c=1016,Greater Des Moines Partnership member directory,2026-10-01
Rebels All American Exteriors,directory,https://members.dsmpartnership.com/list/search?c=1016,Greater Des Moines Partnership member directory,2026-10-01
Rebel's Custom Design ,directory,https://members.dsmpartnership.com/list/search?c=1016,Greater Des Moines Partnership member directory,2026-10-01
Ridge Craft Exteriors,directory,https://members.dsmpartnership.com/list/search?c=1016,Greater Des Moines Partnership member directory,2026-10-01
"Siders Roofing, LLC",directory,https://members.dsmpartnership.com/list/search?c=1016,Greater Des Moines Partnership member directory,2026-10-01
Wagoner Roofing,directory,https://members.dsmpartnership.com/list/search?c=1016,Greater Des Moines Partnership member directory,2026-10-01
Wagoner Roofing ,directory,https://members.dsmpartnership.com/list/search?c=1016,Greater Des Moines Partnership member directory,2026-10-01
Wagoner Roofing and Construction,directory,https://members.dsmpartnership.com/list/search?c=1016,Greater Des Moines Partnership member directory,2026-10-01
Walter Roofing,directory,https://members.dsmpartnership.com/list/search?c=1016,Greater Des Moines Partnership member directory,2026-10-01
"Corell Contractor, Inc.",directory,https://members.dsmpartnership.com/list/search?c=762,Greater Des Moines Partnership member directory,2026-10-01
Kelly Cortum Inc,directory,https://members.dsmpartnership.com/list/search?c=762,Greater Des Moines Partnership member directory,2026-10-01
"Vanderpool Construction, Inc.",directory,https://members.dsmpartnership.com/list/search?c=762,Greater Des Moines Partnership member directory,2026-10-01
Adel & Winterset TV & Appliance,directory,https://members.dsmpartnership.com/list/search?c=802,Greater Des Moines Partnership member directory,2026-10-01
"Dalton Plumbing, Heating, Cooling, Electric and Fireplace",directory,https://members.dsmpartnership.com/list/search?c=802,Greater Des Moines Partnership member directory,2026-10-01
Terracon,directory,https://members.dsmpartnership.com/list/search?c=802,Greater Des Moines Partnership member directory,2026-10-01
Ace Handyman Services Des Moines,directory,https://members.dsmpartnership.com/list/search?c=812,Greater Des Moines Partnership member directory,2026-10-01
Big Roofing,directory,https://members.dsmpartnership.com/list/search?c=812,Greater Des Moines Partnership member directory,2026-10-01
City Wide Facility Solutions Des Moines Iowa,directory,https://members.dsmpartnership.com/list/search?c=812,Greater Des Moines Partnership member directory,2026-10-01
CPIA Home Renovations,directory,https://members.dsmpartnership.com/list/search?c=812,Greater Des Moines Partnership member directory,2026-10-01
Heartland Handcrafted,directory,https://members.dsmpartnership.com/list/search?c=812,Greater Des Moines Partnership member directory,2026-10-01
Hokel General Contracting,directory,https://members.dsmpartnership.com/list/search?c=812,Greater Des Moines Partnership member directory,2026-10-01
Hudson My Home,directory,https://members.dsmpartnership.com/list/search?c=812,Greater Des Moines Partnership member directory,2026-10-01
"K and V Homes, Inc.",directory,https://members.dsmpartnership.com/list/search?c=812,Greater Des Moines Partnership member directory,2026-10-01
Lil Brother Construction,directory,https://members.dsmpartnership.com/list/search?c=812,Greater Des Moines Partnership member directory,2026-10-01
Mfitz Services LLC,directory,https://members.dsmpartnership.com/list/search?c=812,Greater Des Moines Partnership member directory,2026-10-01
"Mid-Iowa Electric, Inc.",directory,https://members.dsmpartnership.com/list/search?c=812,Greater Des Moines Partnership member directory,2026-10-01
RCI Builders,directory,https://members.dsmpartnership.com/list/search?c=812,Greater Des Moines Partnership member directory,2026-10-01
Simple Clean Out,directory,https://members.dsmpartnership.com/list/search?c=812,Greater Des Moines Partnership member directory,2026-10-01
Iowa Home Consulting,directory,https://members.dsmpartnership.com/list/search?c=812,Greater Des Moines Partnership member directory,2026-10-01
Archadeck,directory,https://members.dsmpartnership.com/list/search?c=1165,Greater Des Moines Partnership member directory,2026-10-01
Better Builders,directory,https://members.dsmpartnership.com/list/search?c=1165,Greater Des Moines Partnership member directory,2026-10-01
Big Roofing,directory,https://members.dsmpartnership.com/list/search?c=1165,Greater Des Moines Partnership member directory,2026-10-01
Boyd Jones ,directory,https://members.dsmpartnership.com/list/search?c=1165,Greater Des Moines Partnership member directory,2026-10-01
Breiholz Construction Company,directory,https://members.dsmpartnership.com/list/search?c=1165,Greater Des Moines Partnership member directory,2026-10-01
DCI Group,directory,https://members.dsmpartnership.com/list/search?c=1165,Greater Des Moines Partnership member directory,2026-10-01
Greiner Construction,directory,https://members.dsmpartnership.com/list/search?c=1165,Greater Des Moines Partnership member directory,2026-10-01
Hubbell Realty Company,directory,https://members.dsmpartnership.com/list/search?c=1165,Greater Des Moines Partnership member directory,2026-10-01
McGough Construction,directory,https://members.dsmpartnership.com/list/search?c=1165,Greater Des Moines Partnership member directory,2026-10-01
Samuels Group,directory,https://members.dsmpartnership.com/list/search?c=1165,Greater Des Moines Partnership member directory,2026-10-01
Weston Companies-Construction Services,directory,https://members.dsmpartnership.com/list/search?c=1165,Greater Des Moines Partnership member directory,2026-10-01
Accurate Commercial,directory,https://members.dsmpartnership.com/list/search?c=1165,Greater Des Moines Partnership member directory,2026-10-01
Advance Guard Solutions,directory,https://members.dsmpartnership.com/list/search?c=1165,Greater Des Moines Partnership member directory,2026-10-01
Allied Construction Services,directory,https://members.dsmpartnership.com/list/search?c=1165,Greater Des Moines Partnership member directory,2026-10-01
Baker Group,directory,https://members.dsmpartnership.com/list/search?c=1165,Greater Des Moines Partnership member directory,2026-10-01
Beal Derkenne Construction,directory,https://members.dsmpartnership.com/list/search?c=1165,Greater Des Moines Partnership member directory,2026-10-01
Boyd Jones,directory,https://members.dsmpartnership.com/list/search?c=1165,Greater Des Moines Partnership member directory,2026-10-01
Denovo Construction Solutions,directory,https://members.dsmpartnership.com/list/search?c=1165,Greater Des Moines Partnership member directory,2026-10-01
Elder Corporation,directory,https://members.dsmpartnership.com/list/search?c=1165,Greater Des Moines Partnership member directory,2026-10-01
Graham Construction Company,directory,https://members.dsmpartnership.com/list/search?c=1165,Greater Des Moines Partnership member directory,2026-10-01
Hildreth Construction Services,directory,https://members.dsmpartnership.com/list/search?c=1165,Greater Des Moines Partnership member directory,2026-10-01
Hubbell Realty Company,directory,https://members.dsmpartnership.com/list/search?c=1165,Greater Des Moines Partnership member directory,2026-10-01
J.E. Dunn Construction,directory,https://members.dsmpartnership.com/list/search?c=1165,Greater Des Moines Partnership member directory,2026-10-01
Kraus-Anderson Construction,directory,https://members.dsmpartnership.com/list/search?c=1165,Greater Des Moines Partnership member directory,2026-10-01
LEE Chamberlin Consultant Engineers,directory,https://members.dsmpartnership.com/list/search?c=1165,Greater Des Moines Partnership member directory,2026-10-01
Master Builders of Iowa,directory,https://members.dsmpartnership.com/list/search?c=1165,Greater Des Moines Partnership member directory,2026-10-01
McGough Construction,directory,https://members.dsmpartnership.com/list/search?c=1165,Greater Des Moines Partnership member directory,2026-10-01
Neumann Brothers,directory,https://members.dsmpartnership.com/list/search?c=1165,Greater Des Moines Partnership member directory,2026-10-01
"Samuels Group, Inc.",directory,https://members.dsmpartnership.com/list/search?c=1165,Greater Des Moines Partnership member directory,2026-10-01
The Rasmussen Group,directory,https://members.dsmpartnership.com/list/search?c=1165,Greater Des Moines Partnership member directory,2026-10-01
The Waldinger Corporation,directory,https://members.dsmpartnership.com/list/search?c=1165,Greater Des Moines Partnership member directory,2026-10-01
The Weitz Company,directory,https://members.dsmpartnership.com/list/search?c=1165,Greater Des Moines Partnership member directory,2026-10-01
Turner Construction,directory,https://members.dsmpartnership.com/list/search?c=1165,Greater Des Moines Partnership member directory,2026-10-01
BIG Roofing,directory,https://members.dsmpartnership.com/list/search?c=1234,Greater Des Moines Partnership member directory,2026-10-01
1 Source Solar,directory,https://members.dsmpartnership.com/list/search?c=1234,Greater Des Moines Partnership member directory,2026-10-01
8x8 Electrical Contracting,directory,https://members.dsmpartnership.com/list/search?c=1234,Greater Des Moines Partnership member directory,2026-10-01
All Joyful Lights,directory,https://members.dsmpartnership.com/list/search?c=1234,Greater Des Moines Partnership member directory,2026-10-01
Andrew's Roofing Company,directory,https://members.dsmpartnership.com/list/search?c=1234,Greater Des Moines Partnership member directory,2026-10-01
"Aspen Aire Heating & Cooling, Inc.",directory,https://members.dsmpartnership.com/list/search?c=1234,Greater Des Moines Partnership member directory,2026-10-01
B.A.M! Basements and Masons of Des Moines,directory,https://members.dsmpartnership.com/list/search?c=1234,Greater Des Moines Partnership member directory,2026-10-01
Baker Electric,directory,https://members.dsmpartnership.com/list/search?c=1234,Greater Des Moines Partnership member directory,2026-10-01
Baker Group,directory,https://members.dsmpartnership.com/list/search?c=1234,Greater Des Moines Partnership member directory,2026-10-01
Baxter Heating & Air,directory,https://members.dsmpartnership.com/list/search?c=1234,Greater Des Moines Partnership member directory,2026-10-01
BB Roofing,directory,https://members.dsmpartnership.com/list/search?c=1234,Greater Des Moines Partnership member directory,2026-10-01
"Bell Brothers Heating & Air Conditioning, Inc.",directory,https://members.dsmpartnership.com/list/search?c=1234,Greater Des Moines Partnership member directory,2026-10-01
Better Builders,directory,https://members.dsmpartnership.com/list/search?c=1234,Greater Des Moines Partnership member directory,2026-10-01
Better Builders Iowa,directory,https://members.dsmpartnership.com/list/search?c=1234,Greater Des Moines Partnership member directory,2026-10-01
Boyd Jones Construction,directory,https://members.dsmpartnership.com/list/search?c=1234,Greater Des Moines Partnership member directory,2026-10-01
Bryan Exteriors,directory,https://members.dsmpartnership.com/list/search?c=1234,Greater Des Moines Partnership member directory,2026-10-01
Bryant Iowa Heating & Cooling,directory,https://members.dsmpartnership.com/list/search?c=1234,Greater Des Moines Partnership member directory,2026-10-01
Buresh Home Solutions ,directory,https://members.dsmpartnership.com/list/search?c=1234,Greater Des Moines Partnership member directory,2026-10-01
Cruiser Electric,directory,https://members.dsmpartnership.com/list/search?c=1234,Greater Des Moines Partnership member directory,2026-10-01
D.R. Horton,directory,https://members.dsmpartnership.com/list/search?c=1234,Greater Des Moines Partnership member directory,2026-10-01
Dean Snyder Construction,directory,https://members.dsmpartnership.com/list/search?c=1234,Greater Des Moines Partnership member directory,2026-10-01
Dean Snyder Construction Company,directory,https://members.dsmpartnership.com/list/search?c=1234,Greater Des Moines Partnership member directory,2026-10-01
Denny Elwell Companies,directory,https://members.dsmpartnership.com/list/search?c=1234,Greater Des Moines Partnership member directory,2026-10-01
Eagle Point Solar - Des Moines,directory,https://members.dsmpartnership.com/list/search?c=1234,Greater Des Moines Partnership member directory,2026-10-01
Ed Hildreth Construction LLC,directory,https://members.dsmpartnership.com/list/search?c=1234,Greater Des Moines Partnership member directory,2026-10-01
Edge Companies,directory,https://members.dsmpartnership.com/list/search?c=1234,Greater Des Moines Partnership member directory,2026-10-01
Five Star Bath Solutions of Central Iowa,directory,https://members.dsmpartnership.com/list/search?c=1234,Greater Des Moines Partnership member directory,2026-10-01
Graphite Construction Group,directory,https://members.dsmpartnership.com/list/search?c=1234,Greater Des Moines Partnership member directory,2026-10-01
Gurnsey Electric,directory,https://members.dsmpartnership.com/list/search?c=1234,Greater Des Moines Partnership member directory,2026-10-01
"Hale Development Co., LLC",directory,https://members.dsmpartnership.com/list/search?c=1234,Greater Des Moines Partnership member directory,2026-10-01
Happe Homes LLP,directory,https://members.dsmpartnership.com/list/search?c=1234,Greater Des Moines Partnership member directory,2026-10-01
Henkel Construction Company,directory,https://members.dsmpartnership.com/list/search?c=1234,Greater Des Moines Partnership member directory,2026-10-01
"Holt Plumbing, Heating, Cooling, & Electrical",directory,https://members.dsmpartnership.com/list/search?c=1234,Greater Des Moines Partnership member directory,2026-10-01
"HPC, LLC",directory,https://members.dsmpartnership.com/list/search?c=1234,Greater Des Moines Partnership member directory,2026-10-01
HRTLND Companies,directory,https://members.dsmpartnership.com/list/search?c=1234,Greater Des Moines Partnership member directory,2026-10-01
"Jensen Builders, LTD",directory,https://members.dsmpartnership.com/list/search?c=1234,Greater Des Moines Partnership member directory,2026-10-01
Keen Project Solutions,directory,https://members.dsmpartnership.com/list/search?c=1234,Greater Des Moines Partnership member directory,2026-10-01
Kimberley Development Corporation,directory,https://members.dsmpartnership.com/list/search?c=1234,Greater Des Moines Partnership member directory,2026-10-01
Mission Painting LLC,directory,https://members.dsmpartnership.com/list/search?c=1234,Greater Des Moines Partnership member directory,2026-10-01
Modern Heating & Air,directory,https://members.dsmpartnership.com/list/search?c=1234,Greater Des Moines Partnership member directory,2026-10-01
Neu Blinds,directory,https://members.dsmpartnership.com/list/search?c=1234,Greater Des Moines Partnership member directory,2026-10-01
"Neumann Brothers, Inc.",directory,https://members.dsmpartnership.com/list/search?c=1234,Greater Des Moines Partnership member directory,2026-10-01
Painting by Jen,directory,https://members.dsmpartnership.com/list/search?c=1234,Greater Des Moines Partnership member directory,2026-10-01
Peterson Painting,directory,https://members.dsmpartnership.com/list/search?c=1234,Greater Des Moines Partnership member directory,2026-10-01
Polk County Heating & Cooling,directory,https://members.dsmpartnership.com/list/search?c=1234,Greater Des Moines Partnership member directory,2026-10-01
"Premier Plumbing, Inc.",directory,https://members.dsmpartnership.com/list/search?c=1234,Greater Des Moines Partnership member directory,2026-10-01
"RCS Millwork, L.C.",directory,https://members.dsmpartnership.com/list/search?c=1234,Greater Des Moines Partnership member directory,2026-10-01
"Rebel's All American Exteriors, INC. ",directory,https://members.dsmpartnership.com/list/search?c=1234,Greater Des Moines Partnership member directory,2026-10-01
Reliable Roofing,directory,https://members.dsmpartnership.com/list/search?c=1234,Greater Des Moines Partnership member directory,2026-10-01
Restoration 1,directory,https://members.dsmpartnership.com/list/search?c=1234,Greater Des Moines Partnership member directory,2026-10-01
Restoration 1 of Des Moines,directory,https://members.dsmpartnership.com/list/search?c=1234,Greater Des Moines Partnership member directory,2026-10-01
Rising Star Wholesale,directory,https://members.dsmpartnership.com/list/search?c=1234,Greater Des Moines Partnership member directory,2026-10-01
Roof Iowa,directory,https://members.dsmpartnership.com/list/search?c=1234,Greater Des Moines Partnership member directory,2026-10-01
"Septagon Construction Co., Inc.",directory,https://members.dsmpartnership.com/list/search?c=1234,Greater Des Moines Partnership member directory,2026-10-01
"Septagon Construction Co., Inc.",directory,https://members.dsmpartnership.com/list/search?c=1234,Greater Des Moines Partnership member directory,2026-10-01
Snyder & Associates Inc ,directory,https://members.dsmpartnership.com/list/search?c=1234,Greater Des Moines Partnership member directory,2026-10-01
"Sternquist Construction, Inc",directory,https://members.dsmpartnership.com/list/search?c=1234,Greater Des Moines Partnership member directory,2026-10-01
"Stone Age Granite, LLC",directory,https://members.dsmpartnership.com/list/search?c=1234,Greater Des Moines Partnership member directory,2026-10-01
Tesdell Electric,directory,https://members.dsmpartnership.com/list/search?c=1234,Greater Des Moines Partnership member directory,2026-10-01
The Kitchen and Bath Company,directory,https://members.dsmpartnership.com/list/search?c=1234,Greater Des Moines Partnership member directory,2026-10-01
Titan Roofing and Exteriors,directory,https://members.dsmpartnership.com/list/search?c=1234,Greater Des Moines Partnership member directory,2026-10-01
TMJ Construction Grimes,directory,https://members.dsmpartnership.com/list/search?c=1234,Greater Des Moines Partnership member directory,2026-10-01
Tri-City Electric Co.,directory,https://members.dsmpartnership.com/list/search?c=1234,Greater Des Moines Partnership member directory,2026-10-01
Wagoner Roofing,directory,https://members.dsmpartnership.com/list/search?c=1234,Greater Des Moines Partnership member directory,2026-10-01
Walter Roofing,directory,https://members.dsmpartnership.com/list/search?c=1234,Greater Des Moines Partnership member directory,2026-10-01
WD Door | A Kinzler Employee-Owned Company,directory,https://members.dsmpartnership.com/list/search?c=1234,Greater Des Moines Partnership member directory,2026-10-01
Weather Ready Exteriors,directory,https://members.dsmpartnership.com/list/search?c=1234,Greater Des Moines Partnership member directory,2026-10-01
White Castle Roofing,directory,https://members.dsmpartnership.com/list/search?c=1234,Greater Des Moines Partnership member directory,2026-10-01
Adams Family Realty - RE/MAX Precision,directory,https://members.dsmpartnership.com/list/search?c=1233,Greater Des Moines Partnership member directory,2026-10-01
Iowa Realty - Beaverdale,directory,https://members.dsmpartnership.com/list/search?c=1233,Greater Des Moines Partnership member directory,2026-10-01
Lil' Brother Construction,directory,https://members.dsmpartnership.com/list/search?c=1233,Greater Des Moines Partnership member directory,2026-10-01
All Iowa Roofing,directory,https://members.dsmpartnership.com/list/search?c=1233,Greater Des Moines Partnership member directory,2026-10-01
Beal Derkenne Construction,directory,https://members.dsmpartnership.com/list/search?c=1233,Greater Des Moines Partnership member directory,2026-10-01
Bob The Builder LLC,directory,https://members.dsmpartnership.com/list/search?c=1233,Greater Des Moines Partnership member directory,2026-10-01
Boyd Jones Construction,directory,https://members.dsmpartnership.com/list/search?c=1233,Greater Des Moines Partnership member directory,2026-10-01
Caliber Homes,directory,https://members.dsmpartnership.com/list/search?c=1233,Greater Des Moines Partnership member directory,2026-10-01
Capital Homes II LLC,directory,https://members.dsmpartnership.com/list/search?c=1233,Greater Des Moines Partnership member directory,2026-10-01
Compelling Homes,directory,https://members.dsmpartnership.com/list/search?c=1233,Greater Des Moines Partnership member directory,2026-10-01
Dean Snyder Construction,directory,https://members.dsmpartnership.com/list/search?c=1233,Greater Des Moines Partnership member directory,2026-10-01
Denny Elwell Companies,directory,https://members.dsmpartnership.com/list/search?c=1233,Greater Des Moines Partnership member directory,2026-10-01
Denovo Construction Solutions,directory,https://members.dsmpartnership.com/list/search?c=1233,Greater Des Moines Partnership member directory,2026-10-01
Des Moines Deck LLC,directory,https://members.dsmpartnership.com/list/search?c=1233,Greater Des Moines Partnership member directory,2026-10-01
DLR Group,directory,https://members.dsmpartnership.com/list/search?c=1233,Greater Des Moines Partnership member directory,2026-10-01
Door To Door Quality Service LLC,directory,https://members.dsmpartnership.com/list/search?c=1233,Greater Des Moines Partnership member directory,2026-10-01
Downing,directory,https://members.dsmpartnership.com/list/search?c=1233,Greater Des Moines Partnership member directory,2026-10-01
Dynasty Homes,directory,https://members.dsmpartnership.com/list/search?c=1233,Greater Des Moines Partnership member directory,2026-10-01
Elder Corporation,directory,https://members.dsmpartnership.com/list/search?c=1233,Greater Des Moines Partnership member directory,2026-10-01
Estes Construction,directory,https://members.dsmpartnership.com/list/search?c=1233,Greater Des Moines Partnership member directory,2026-10-01
Graphite Construction Group,directory,https://members.dsmpartnership.com/list/search?c=1233,Greater Des Moines Partnership member directory,2026-10-01
"Greiner Construction, Inc.",directory,https://members.dsmpartnership.com/list/search?c=1233,Greater Des Moines Partnership member directory,2026-10-01
Ground Breaker Homes,directory,https://members.dsmpartnership.com/list/search?c=1233,Greater Des Moines Partnership member directory,2026-10-01
"Hale Development Co., LLC",directory,https://members.dsmpartnership.com/list/search?c=1233,Greater Des Moines Partnership member directory,2026-10-01
Henkel Construction Company,directory,https://members.dsmpartnership.com/list/search?c=1233,Greater Des Moines Partnership member directory,2026-10-01
HQCC (High Quality Construction and Consulting),directory,https://members.dsmpartnership.com/list/search?c=1233,Greater Des Moines Partnership member directory,2026-10-01
Hubbell Realty Company,directory,https://members.dsmpartnership.com/list/search?c=1233,Greater Des Moines Partnership member directory,2026-10-01
Iowa Elevator Systems and Service,directory,https://members.dsmpartnership.com/list/search?c=1233,Greater Des Moines Partnership member directory,2026-10-01
JEO Consulting Group,directory,https://members.dsmpartnership.com/list/search?c=1233,Greater Des Moines Partnership member directory,2026-10-01
Keen Project Solutions,directory,https://members.dsmpartnership.com/list/search?c=1233,Greater Des Moines Partnership member directory,2026-10-01
King Construction,directory,https://members.dsmpartnership.com/list/search?c=1233,Greater Des Moines Partnership member directory,2026-10-01
Kinzler Construction Services,directory,https://members.dsmpartnership.com/list/search?c=1233,Greater Des Moines Partnership member directory,2026-10-01
Koester Construction,directory,https://members.dsmpartnership.com/list/search?c=1233,Greater Des Moines Partnership member directory,2026-10-01
Kraus-Anderson Construction Company,directory,https://members.dsmpartnership.com/list/search?c=1233,Greater Des Moines Partnership member directory,2026-10-01
McAninch Corporation,directory,https://members.dsmpartnership.com/list/search?c=1233,Greater Des Moines Partnership member directory,2026-10-01
McGough Construction,directory,https://members.dsmpartnership.com/list/search?c=1233,Greater Des Moines Partnership member directory,2026-10-01
Mercer Zimmerman,directory,https://members.dsmpartnership.com/list/search?c=1233,Greater Des Moines Partnership member directory,2026-10-01
MJ Construction,directory,https://members.dsmpartnership.com/list/search?c=1233,Greater Des Moines Partnership member directory,2026-10-01
"Pivot Construction, LLC",directory,https://members.dsmpartnership.com/list/search?c=1233,Greater Des Moines Partnership member directory,2026-10-01
Precision Garage Door of Des Moines,directory,https://members.dsmpartnership.com/list/search?c=1233,Greater Des Moines Partnership member directory,2026-10-01
Premier Tech Systems and Automation ,directory,https://members.dsmpartnership.com/list/search?c=1233,Greater Des Moines Partnership member directory,2026-10-01
"Rebel's All American Exteriors, INC. ",directory,https://members.dsmpartnership.com/list/search?c=1233,Greater Des Moines Partnership member directory,2026-10-01
Reese Builders,directory,https://members.dsmpartnership.com/list/search?c=1233,Greater Des Moines Partnership member directory,2026-10-01
Rewired Iowa,directory,https://members.dsmpartnership.com/list/search?c=1233,Greater Des Moines Partnership member directory,2026-10-01
Roof Iowa,directory,https://members.dsmpartnership.com/list/search?c=1233,Greater Des Moines Partnership member directory,2026-10-01
Rush Rolloffs,directory,https://members.dsmpartnership.com/list/search?c=1233,Greater Des Moines Partnership member directory,2026-10-01
Rush Rolloffs,directory,https://members.dsmpartnership.com/list/search?c=1233,Greater Des Moines Partnership member directory,2026-10-01
Sage Homes,directory,https://members.dsmpartnership.com/list/search?c=1233,Greater Des Moines Partnership member directory,2026-10-01
SERVPRO of Marshalltown,directory,https://members.dsmpartnership.com/list/search?c=1233,Greater Des Moines Partnership member directory,2026-10-01
Slingshot Architecture,directory,https://members.dsmpartnership.com/list/search?c=1233,Greater Des Moines Partnership member directory,2026-10-01
Snyder & Associates Inc ,directory,https://members.dsmpartnership.com/list/search?c=1233,Greater Des Moines Partnership member directory,2026-10-01
Spahn and Rose Lumber Co.,directory,https://members.dsmpartnership.com/list/search?c=1233,Greater Des Moines Partnership member directory,2026-10-01
Spring Lake Construction LLC,directory,https://members.dsmpartnership.com/list/search?c=1233,Greater Des Moines Partnership member directory,2026-10-01
"Sternquist Construction, Inc",directory,https://members.dsmpartnership.com/list/search?c=1233,Greater Des Moines Partnership member directory,2026-10-01
Taylor Exteriors,directory,https://members.dsmpartnership.com/list/search?c=1233,Greater Des Moines Partnership member directory,2026-10-01
Terracon,directory,https://members.dsmpartnership.com/list/search?c=1233,Greater Des Moines Partnership member directory,2026-10-01
TMJ Construction Grimes,directory,https://members.dsmpartnership.com/list/search?c=1233,Greater Des Moines Partnership member directory,2026-10-01
Turner Construction,directory,https://members.dsmpartnership.com/list/search?c=1233,Greater Des Moines Partnership member directory,2026-10-01
Turner Construction Company,directory,https://members.dsmpartnership.com/list/search?c=1233,Greater Des Moines Partnership member directory,2026-10-01
Veit,directory,https://members.dsmpartnership.com/list/search?c=1233,Greater Des Moines Partnership member directory,2026-10-01
Vermeer Iowa & N. Missouri,directory,https://members.dsmpartnership.com/list/search?c=1233,Greater Des Moines Partnership member directory,2026-10-01
Walter Roofing,directory,https://members.dsmpartnership.com/list/search?c=1233,Greater Des Moines Partnership member directory,2026-10-01
Weather Ready Exteriors,directory,https://members.dsmpartnership.com/list/search?c=1233,Greater Des Moines Partnership member directory,2026-10-01
Woodruff Construction,directory,https://members.dsmpartnership.com/list/search?c=1233,Greater Des Moines Partnership member directory,2026-10-01
Arcosa,directory,https://members.dsmpartnership.com/list/search?c=1262,Greater Des Moines Partnership member directory,2026-10-01
"Graphic Packaging International, Inc.",directory,https://members.dsmpartnership.com/list/search?c=1262,Greater Des Moines Partnership member directory,2026-10-01
Kamps Pallets,directory,https://members.dsmpartnership.com/list/search?c=1262,Greater Des Moines Partnership member directory,2026-10-01
Nucor Fab Midwest,directory,https://members.dsmpartnership.com/list/search?c=1262,Greater Des Moines Partnership member directory,2026-10-01
Renewable Energy Group,directory,https://members.dsmpartnership.com/list/search?c=1262,Greater Des Moines Partnership member directory,2026-10-01
Thombert Inc,directory,https://members.dsmpartnership.com/list/search?c=1262,Greater Des Moines Partnership member directory,2026-10-01
TPI Composites Iowa LLC,directory,https://members.dsmpartnership.com/list/search?c=1262,Greater Des Moines Partnership member directory,2026-10-01
Agilent Technologies,directory,https://members.dsmpartnership.com/list/search?c=1262,Greater Des Moines Partnership member directory,2026-10-01
All-State Industries,directory,https://members.dsmpartnership.com/list/search?c=1262,Greater Des Moines Partnership member directory,2026-10-01
Auto Jet Muffler Corporation,directory,https://members.dsmpartnership.com/list/search?c=1262,Greater Des Moines Partnership member directory,2026-10-01
"B & G Foods, Inc.",directory,https://members.dsmpartnership.com/list/search?c=1262,Greater Des Moines Partnership member directory,2026-10-01
CemenTech,directory,https://members.dsmpartnership.com/list/search?c=1262,Greater Des Moines Partnership member directory,2026-10-01
"Chesnut Sign Co., Inc.",directory,https://members.dsmpartnership.com/list/search?c=1262,Greater Des Moines Partnership member directory,2026-10-01
"General Mills Operations, Inc.",directory,https://members.dsmpartnership.com/list/search?c=1262,Greater Des Moines Partnership member directory,2026-10-01
"Iowa Pallets, Ltd.",directory,https://members.dsmpartnership.com/list/search?c=1262,Greater Des Moines Partnership member directory,2026-10-01
John Deere Des Moines Works,directory,https://members.dsmpartnership.com/list/search?c=1262,Greater Des Moines Partnership member directory,2026-10-01
Kreg Tool Company,directory,https://members.dsmpartnership.com/list/search?c=1262,Greater Des Moines Partnership member directory,2026-10-01
Maytag Dairy Farms,directory,https://members.dsmpartnership.com/list/search?c=1262,Greater Des Moines Partnership member directory,2026-10-01
"Northstar Power, LLC",directory,https://members.dsmpartnership.com/list/search?c=1262,Greater Des Moines Partnership member directory,2026-10-01
PurFoods,directory,https://members.dsmpartnership.com/list/search?c=1262,Greater Des Moines Partnership member directory,2026-10-01
Siegwerk USA Co.,directory,https://members.dsmpartnership.com/list/search?c=1262,Greater Des Moines Partnership member directory,2026-10-01
Tension Corporation,directory,https://members.dsmpartnership.com/list/search?c=1262,Greater Des Moines Partnership member directory,2026-10-01
Alpha Landscapes LLC,directory,https://iowanla.org/directory/?wpbdp_view=all_listings,Iowa Nursery and Landscape Association directory,2026-10-01
"Anderzhon Nursery Sales, Inc.",directory,https://iowanla.org/directory/?wpbdp_view=all_listings,Iowa Nursery and Landscape Association directory,2026-10-01
Bentley Ridge Tree Farm & Nursery,directory,https://iowanla.org/directory/?wpbdp_view=all_listings,Iowa Nursery and Landscape Association directory,2026-10-01
Capital City Equipment Co,directory,https://iowanla.org/directory/?wpbdp_view=all_listings,Iowa Nursery and Landscape Association directory,2026-10-01
Country Landscapes Inc.,directory,https://iowanla.org/directory/?wpbdp_view=all_listings,Iowa Nursery and Landscape Association directory,2026-10-01
DeVries Outdoors,directory,https://iowanla.org/directory/?wpbdp_view=all_listings,Iowa Nursery and Landscape Association directory,2026-10-01
Ferguson’s Garden Center,directory,https://iowanla.org/directory/?wpbdp_view=all_listings,Iowa Nursery and Landscape Association directory,2026-10-01
"Ferguson’s Garden Center, Inc.",directory,https://iowanla.org/directory/?wpbdp_view=all_listings,Iowa Nursery and Landscape Association directory,2026-10-01
"Golden Valley Hardscapes/Xylem, LTD",directory,https://iowanla.org/directory/?wpbdp_view=all_listings,Iowa Nursery and Landscape Association directory,2026-10-01
Goode Greenhouses Inc.,directory,https://iowanla.org/directory/?wpbdp_view=all_listings,Iowa Nursery and Landscape Association directory,2026-10-01
King’s Material Inc.,directory,https://iowanla.org/directory/?wpbdp_view=all_listings,Iowa Nursery and Landscape Association directory,2026-10-01
Lounsbury Landscaping Sand & Gravel,directory,https://iowanla.org/directory/?wpbdp_view=all_listings,Iowa Nursery and Landscape Association directory,2026-10-01
Miller Nursery Company,directory,https://iowanla.org/directory/?wpbdp_view=all_listings,Iowa Nursery and Landscape Association directory,2026-10-01
Miller Nursery Company,directory,https://iowanla.org/directory/?wpbdp_view=all_listings,Iowa Nursery and Landscape Association directory,2026-10-01
Miller Nursery Company,directory,https://iowanla.org/directory/?wpbdp_view=all_listings,Iowa Nursery and Landscape Association directory,2026-10-01
MTI Distributers,directory,https://iowanla.org/directory/?wpbdp_view=all_listings,Iowa Nursery and Landscape Association directory,2026-10-01
Perficut Lawn and Landscape,directory,https://iowanla.org/directory/?wpbdp_view=all_listings,Iowa Nursery and Landscape Association directory,2026-10-01
Plant Life Designs,directory,https://iowanla.org/directory/?wpbdp_view=all_listings,Iowa Nursery and Landscape Association directory,2026-10-01
Quick Supply Company,directory,https://iowanla.org/directory/?wpbdp_view=all_listings,Iowa Nursery and Landscape Association directory,2026-10-01
Redbud LLC,directory,https://iowanla.org/directory/?wpbdp_view=all_listings,Iowa Nursery and Landscape Association directory,2026-10-01
"Ted Lare Design Build, Inc.",directory,https://iowanla.org/directory/?wpbdp_view=all_listings,Iowa Nursery and Landscape Association directory,2026-10-01
TNT Landscaping & Nursery,directory,https://iowanla.org/directory/?wpbdp_view=all_listings,Iowa Nursery and Landscape Association directory,2026-10-01
Vermeer Sales & Service,directory,https://iowanla.org/directory/?wpbdp_view=all_listings,Iowa Nursery and Landscape Association directory,2026-10-01
"Wright Outdoor Solutions, Inc.",directory,https://iowanla.org/directory/?wpbdp_view=all_listings,Iowa Nursery and Landscape Association directory,2026-10-01
Zimco Supply,directory,https://iowanla.org/directory/?wpbdp_view=all_listings,Iowa Nursery and Landscape Association directory,2026-10-01
Zimco Supply,directory,https://iowanla.org/directory/?wpbdp_view=all_listings,Iowa Nursery and Landscape Association directory,2026-10-01
Connett Services,directory,https://www.yellowpages.com/des-moines-ia/,Yellow Pages Des Moines trade listings,2026-10-01
Central Iowa Mechanical,directory,https://www.yellowpages.com/des-moines-ia/,Yellow Pages Des Moines trade listings,2026-10-01
Comfort Systems Inc,directory,https://www.yellowpages.com/des-moines-ia/,Yellow Pages Des Moines trade listings,2026-10-01
Pat Combs Htg & Clg,directory,https://www.yellowpages.com/des-moines-ia/,Yellow Pages Des Moines trade listings,2026-10-01
Bob Clemons,directory,https://www.yellowpages.com/des-moines-ia/,Yellow Pages Des Moines trade listings,2026-10-01
G A Larson Co,directory,https://www.yellowpages.com/des-moines-ia/,Yellow Pages Des Moines trade listings,2026-10-01
Servicelegends,directory,https://www.yellowpages.com/des-moines-ia/,Yellow Pages Des Moines trade listings,2026-10-01
Jz Refrigeration,directory,https://www.yellowpages.com/des-moines-ia/,Yellow Pages Des Moines trade listings,2026-10-01
Charleston Inc,directory,https://www.yellowpages.com/des-moines-ia/,Yellow Pages Des Moines trade listings,2026-10-01
The Comfort Group co LLC,directory,https://www.yellowpages.com/des-moines-ia/,Yellow Pages Des Moines trade listings,2026-10-01
"TWC Services, Inc",directory,https://www.yellowpages.com/des-moines-ia/,Yellow Pages Des Moines trade listings,2026-10-01
Engineering Excellence,directory,https://www.yellowpages.com/des-moines-ia/,Yellow Pages Des Moines trade listings,2026-10-01
Arona Corporation,directory,https://www.yellowpages.com/des-moines-ia/,Yellow Pages Des Moines trade listings,2026-10-01
Punelli Heating & Air Conditioning,directory,https://www.yellowpages.com/des-moines-ia/,Yellow Pages Des Moines trade listings,2026-10-01
Overman's Indoor Comfort Systems,directory,https://www.yellowpages.com/des-moines-ia/,Yellow Pages Des Moines trade listings,2026-10-01
Nicodemus Heating & Air Conditioning,directory,https://www.yellowpages.com/des-moines-ia/,Yellow Pages Des Moines trade listings,2026-10-01
Fini Conditioned Air,directory,https://www.yellowpages.com/des-moines-ia/,Yellow Pages Des Moines trade listings,2026-10-01
Bill Rhiner's Plumbing Heating & Cleaning,directory,https://www.yellowpages.com/des-moines-ia/,Yellow Pages Des Moines trade listings,2026-10-01
Marick Inc.,directory,https://www.yellowpages.com/des-moines-ia/,Yellow Pages Des Moines trade listings,2026-10-01
"BEST Heating, Cooling & Electric, Inc.",directory,https://www.yellowpages.com/des-moines-ia/,Yellow Pages Des Moines trade listings,2026-10-01
Saylorville Heating & Cooling Inc,directory,https://www.yellowpages.com/des-moines-ia/,Yellow Pages Des Moines trade listings,2026-10-01
"Lazer Home Services Plumbing, HVAC, & Electrical",directory,https://www.yellowpages.com/des-moines-ia/,Yellow Pages Des Moines trade listings,2026-10-01
Graham Construction Company,directory,https://www.yellowpages.com/des-moines-ia/,Yellow Pages Des Moines trade listings,2026-10-01
"True Comfort Heating, Cooling and Plumbing",directory,https://www.yellowpages.com/des-moines-ia/,Yellow Pages Des Moines trade listings,2026-10-01
Trane - Heating & Cooling Services,directory,https://www.yellowpages.com/des-moines-ia/,Yellow Pages Des Moines trade listings,2026-10-01
Sundberg America,directory,https://www.yellowpages.com/des-moines-ia/,Yellow Pages Des Moines trade listings,2026-10-01
Elite Heating And Cooling Inc.,directory,https://www.yellowpages.com/des-moines-ia/,Yellow Pages Des Moines trade listings,2026-10-01
Midwest Comfort Heating & Cooling,directory,https://www.yellowpages.com/des-moines-ia/,Yellow Pages Des Moines trade listings,2026-10-01
True Comfort Heating Cooling & Plumbing,directory,https://www.yellowpages.com/des-moines-ia/,Yellow Pages Des Moines trade listings,2026-10-01
Aerus of Des Moines,directory,https://www.yellowpages.com/des-moines-ia/,Yellow Pages Des Moines trade listings,2026-10-01
Heating & Cooling Supply,directory,https://www.yellowpages.com/des-moines-ia/,Yellow Pages Des Moines trade listings,2026-10-01
Des Moines Comfort,directory,https://www.yellowpages.com/des-moines-ia/,Yellow Pages Des Moines trade listings,2026-10-01
"Holt Plumbing, Heating, Cooling, & Electrical",directory,https://www.yellowpages.com/des-moines-ia/,Yellow Pages Des Moines trade listings,2026-10-01
Modern Heating & Air,directory,https://www.yellowpages.com/des-moines-ia/,Yellow Pages Des Moines trade listings,2026-10-01
Iowa All Pro Heating & Cooling,directory,https://www.yellowpages.com/des-moines-ia/,Yellow Pages Des Moines trade listings,2026-10-01
Sunbelt Rentals Power & HVAC,directory,https://www.yellowpages.com/des-moines-ia/,Yellow Pages Des Moines trade listings,2026-10-01
"Dalton Plumbing, Heating, Cooling, Electric and Fireplaces, Inc.",directory,https://www.yellowpages.com/des-moines-ia/,Yellow Pages Des Moines trade listings,2026-10-01
Home Services at The Home Depot,directory,https://www.yellowpages.com/des-moines-ia/,Yellow Pages Des Moines trade listings,2026-10-01
Advanced Problem Solutions,directory,https://www.yellowpages.com/des-moines-ia/,Yellow Pages Des Moines trade listings,2026-10-01
Iowa Duct Defense,directory,https://www.yellowpages.com/des-moines-ia/,Yellow Pages Des Moines trade listings,2026-10-01
Cerris Systems,directory,https://www.yellowpages.com/des-moines-ia/,Yellow Pages Des Moines trade listings,2026-10-01
Team Kline,directory,https://www.yellowpages.com/des-moines-ia/,Yellow Pages Des Moines trade listings,2026-10-01
Des Moines Heating & Cooling,directory,https://www.yellowpages.com/des-moines-ia/,Yellow Pages Des Moines trade listings,2026-10-01
Sanco Thermo King,directory,https://www.yellowpages.com/des-moines-ia/,Yellow Pages Des Moines trade listings,2026-10-01
Zupan Heating & Cooling,directory,https://www.yellowpages.com/des-moines-ia/,Yellow Pages Des Moines trade listings,2026-10-01
Iowa Boiler Co,directory,https://www.yellowpages.com/des-moines-ia/,Yellow Pages Des Moines trade listings,2026-10-01
Nichols Controls & Supply Inc,directory,https://www.yellowpages.com/des-moines-ia/,Yellow Pages Des Moines trade listings,2026-10-01
Connett Services,directory,https://www.yellowpages.com/des-moines-ia/,Yellow Pages Des Moines trade listings,2026-10-01
Alger Leechman Heating and Cooling,directory,https://www.yellowpages.com/des-moines-ia/,Yellow Pages Des Moines trade listings,2026-10-01
Northways,directory,https://www.yellowpages.com/des-moines-ia/,Yellow Pages Des Moines trade listings,2026-10-01
Obsidian Heating and Cooling,directory,https://www.yellowpages.com/des-moines-ia/,Yellow Pages Des Moines trade listings,2026-10-01
Des Moines Wins Supply,directory,https://www.yellowpages.com/des-moines-ia/,Yellow Pages Des Moines trade listings,2026-10-01
Ultra-Cool,directory,https://www.yellowpages.com/des-moines-ia/,Yellow Pages Des Moines trade listings,2026-10-01
Modern Climate Systems,directory,https://www.yellowpages.com/des-moines-ia/,Yellow Pages Des Moines trade listings,2026-10-01
Down the Drain Services,directory,https://www.yellowpages.com/des-moines-ia/,Yellow Pages Des Moines trade listings,2026-10-01
Affordable Drain & Sewer Service,directory,https://www.yellowpages.com/des-moines-ia/,Yellow Pages Des Moines trade listings,2026-10-01
Indianola Mechanical,directory,https://www.yellowpages.com/des-moines-ia/,Yellow Pages Des Moines trade listings,2026-10-01
Territory Heating & Cooling,directory,https://www.yellowpages.com/des-moines-ia/,Yellow Pages Des Moines trade listings,2026-10-01
Greens Appliance Heating & Cooling Inc,directory,https://www.yellowpages.com/des-moines-ia/,Yellow Pages Des Moines trade listings,2026-10-01
Leechman Heating & Cooling,directory,https://www.yellowpages.com/des-moines-ia/,Yellow Pages Des Moines trade listings,2026-10-01
Metro Heating & Cooling,directory,https://www.yellowpages.com/des-moines-ia/,Yellow Pages Des Moines trade listings,2026-10-01
Leonard Tinker Heating & Cooling,directory,https://www.yellowpages.com/des-moines-ia/,Yellow Pages Des Moines trade listings,2026-10-01
General Parts-Formely Lehman Commercial Service,directory,https://www.yellowpages.com/des-moines-ia/,Yellow Pages Des Moines trade listings,2026-10-01
True Temp Service,directory,https://www.yellowpages.com/des-moines-ia/,Yellow Pages Des Moines trade listings,2026-10-01
SME Mechanical Inc,directory,https://www.yellowpages.com/des-moines-ia/,Yellow Pages Des Moines trade listings,2026-10-01
American Heating & Cooling Service,directory,https://www.yellowpages.com/des-moines-ia/,Yellow Pages Des Moines trade listings,2026-10-01
Aj's Heating & Cooling,directory,https://www.yellowpages.com/des-moines-ia/,Yellow Pages Des Moines trade listings,2026-10-01
Lozier Heating & Cooling,directory,https://www.yellowpages.com/des-moines-ia/,Yellow Pages Des Moines trade listings,2026-10-01
Bryant Iowa Heating and Cooling,directory,https://www.yellowpages.com/des-moines-ia/,Yellow Pages Des Moines trade listings,2026-10-01
Calikeys,directory,https://www.yellowpages.com/des-moines-ia/,Yellow Pages Des Moines trade listings,2026-10-01
Randy Robinson Htg & Clg,directory,https://www.yellowpages.com/des-moines-ia/,Yellow Pages Des Moines trade listings,2026-10-01
"Des Moines Comfort, Inc.",directory,https://www.yellowpages.com/des-moines-ia/,Yellow Pages Des Moines trade listings,2026-10-01
Bill Rhiner's,directory,https://www.yellowpages.com/des-moines-ia/,Yellow Pages Des Moines trade listings,2026-10-01
Dalbey Joseph & Marla,directory,https://www.yellowpages.com/des-moines-ia/,Yellow Pages Des Moines trade listings,2026-10-01
Trane,directory,https://www.yellowpages.com/des-moines-ia/,Yellow Pages Des Moines trade listings,2026-10-01
Custom Air,directory,https://www.yellowpages.com/des-moines-ia/,Yellow Pages Des Moines trade listings,2026-10-01
Heating and Air Conditioning Service West Des Moines IA,directory,https://www.yellowpages.com/des-moines-ia/,Yellow Pages Des Moines trade listings,2026-10-01
CFM Distributors,directory,https://www.yellowpages.com/des-moines-ia/,Yellow Pages Des Moines trade listings,2026-10-01
Bob Oliver Heating & Air Conditioning,directory,https://www.yellowpages.com/des-moines-ia/,Yellow Pages Des Moines trade listings,2026-10-01
Ace Air Tools,directory,https://www.yellowpages.com/des-moines-ia/,Yellow Pages Des Moines trade listings,2026-10-01
Central Sales Inc,directory,https://www.yellowpages.com/des-moines-ia/,Yellow Pages Des Moines trade listings,2026-10-01
Air Support Inc. Heating & Air Conditioning,directory,https://www.yellowpages.com/des-moines-ia/,Yellow Pages Des Moines trade listings,2026-10-01
Central Sales Inc,directory,https://www.yellowpages.com/des-moines-ia/,Yellow Pages Des Moines trade listings,2026-10-01
Howe Sales Co,directory,https://www.yellowpages.com/des-moines-ia/,Yellow Pages Des Moines trade listings,2026-10-01
Specified Systems Inc,directory,https://www.yellowpages.com/des-moines-ia/,Yellow Pages Des Moines trade listings,2026-10-01
Paul A Halvorson Inc,directory,https://www.yellowpages.com/des-moines-ia/,Yellow Pages Des Moines trade listings,2026-10-01
Dickerson Mechanical Inc,directory,https://www.yellowpages.com/des-moines-ia/,Yellow Pages Des Moines trade listings,2026-10-01
The Original Evans Air,directory,https://www.yellowpages.com/des-moines-ia/,Yellow Pages Des Moines trade listings,2026-10-01
Bryant Iowa Heating & Cooling,directory,https://www.yellowpages.com/des-moines-ia/,Yellow Pages Des Moines trade listings,2026-10-01
Sherman Company Clive,directory,https://www.yellowpages.com/des-moines-ia/,Yellow Pages Des Moines trade listings,2026-10-01
City Wide Heating Air Conditioning Inc,directory,https://www.yellowpages.com/des-moines-ia/,Yellow Pages Des Moines trade listings,2026-10-01
Golden Rule Plumbing Heating & Cooling,directory,https://www.yellowpages.com/des-moines-ia/,Yellow Pages Des Moines trade listings,2026-10-01
"Chas W. Goering Plumbing, Heating, and Cooling",directory,https://www.yellowpages.com/des-moines-ia/,Yellow Pages Des Moines trade listings,2026-10-01
Systemworks,directory,https://www.yellowpages.com/des-moines-ia/,Yellow Pages Des Moines trade listings,2026-10-01
"Schaal Plumbing, Heating and Cooling",directory,https://www.yellowpages.com/des-moines-ia/,Yellow Pages Des Moines trade listings,2026-10-01
"Corn States Metal Fabricators, Inc.",directory,https://www.yellowpages.com/des-moines-ia/,Yellow Pages Des Moines trade listings,2026-10-01
Lenz Heating & Cooling,directory,https://www.yellowpages.com/des-moines-ia/,Yellow Pages Des Moines trade listings,2026-10-01
Central Iowa Mechanical,directory,https://www.yellowpages.com/des-moines-ia/,Yellow Pages Des Moines trade listings,2026-10-01
Home Services at The Home Depot,directory,https://www.yellowpages.com/des-moines-ia/,Yellow Pages Des Moines trade listings,2026-10-01
Home Services at The Home Depot,directory,https://www.yellowpages.com/des-moines-ia/,Yellow Pages Des Moines trade listings,2026-10-01
Bryant Iowa Heating & Cooling,directory,https://www.yellowpages.com/des-moines-ia/,Yellow Pages Des Moines trade listings,2026-10-01
Home Services at The Home Depot,directory,https://www.yellowpages.com/des-moines-ia/,Yellow Pages Des Moines trade listings,2026-10-01
Aspen Aire Heating & Cooling,directory,https://www.yellowpages.com/des-moines-ia/,Yellow Pages Des Moines trade listings,2026-10-01
P1 Service,directory,https://www.yellowpages.com/des-moines-ia/,Yellow Pages Des Moines trade listings,2026-10-01
"72 Degrees, A Holt Company",directory,https://www.yellowpages.com/des-moines-ia/,Yellow Pages Des Moines trade listings,2026-10-01
Ferguson,directory,https://www.yellowpages.com/des-moines-ia/,Yellow Pages Des Moines trade listings,2026-10-01
"Scott's Heating, Cooling & Plumbing",directory,https://www.yellowpages.com/des-moines-ia/,Yellow Pages Des Moines trade listings,2026-10-01
Kohles & Bach,directory,https://www.yellowpages.com/des-moines-ia/,Yellow Pages Des Moines trade listings,2026-10-01
Precision Comfort Heating & Cooling,directory,https://www.yellowpages.com/des-moines-ia/,Yellow Pages Des Moines trade listings,2026-10-01
Bill Rhiner's,directory,https://www.yellowpages.com/des-moines-ia/,Yellow Pages Des Moines trade listings,2026-10-01
Bob Oliver Heating and Cooling,directory,https://www.yellowpages.com/des-moines-ia/,Yellow Pages Des Moines trade listings,2026-10-01
Kohles Bach Inc,directory,https://www.yellowpages.com/des-moines-ia/,Yellow Pages Des Moines trade listings,2026-10-01
Bousquet's A-Team Heating & Cooling,directory,https://www.yellowpages.com/des-moines-ia/,Yellow Pages Des Moines trade listings,2026-10-01
Comfort Products Distributing,directory,https://www.yellowpages.com/des-moines-ia/,Yellow Pages Des Moines trade listings,2026-10-01
Conkling Services,directory,https://www.yellowpages.com/des-moines-ia/,Yellow Pages Des Moines trade listings,2026-10-01
Kohles Bach Inc,directory,https://www.yellowpages.com/des-moines-ia/,Yellow Pages Des Moines trade listings,2026-10-01
Home Services at The Home Depot,directory,https://www.yellowpages.com/des-moines-ia/,Yellow Pages Des Moines trade listings,2026-10-01
Bousquet's A-Team Heating & Cooling,directory,https://www.yellowpages.com/des-moines-ia/,Yellow Pages Des Moines trade listings,2026-10-01
Home Services at The Home Depot,directory,https://www.yellowpages.com/des-moines-ia/,Yellow Pages Des Moines trade listings,2026-10-01
Varsity Zone HVAC of Urbandale,directory,https://www.yellowpages.com/des-moines-ia/,Yellow Pages Des Moines trade listings,2026-10-01
Bryant Iowa Heating & Cooling,directory,https://www.yellowpages.com/des-moines-ia/,Yellow Pages Des Moines trade listings,2026-10-01
Home Services at The Home Depot,directory,https://www.yellowpages.com/des-moines-ia/,Yellow Pages Des Moines trade listings,2026-10-01
Aspen Aire Heating & Cooling,directory,https://www.yellowpages.com/des-moines-ia/,Yellow Pages Des Moines trade listings,2026-10-01
P1 Service,directory,https://www.yellowpages.com/des-moines-ia/,Yellow Pages Des Moines trade listings,2026-10-01
"72 Degrees, A Holt Company",directory,https://www.yellowpages.com/des-moines-ia/,Yellow Pages Des Moines trade listings,2026-10-01
Comfort Products Distributing,directory,https://www.yellowpages.com/des-moines-ia/,Yellow Pages Des Moines trade listings,2026-10-01
O'Connor Company - Urbandale,directory,https://www.yellowpages.com/des-moines-ia/,Yellow Pages Des Moines trade listings,2026-10-01
"Greens Appliance, Heating & Cooling",directory,https://www.yellowpages.com/des-moines-ia/,Yellow Pages Des Moines trade listings,2026-10-01
Primetime Heating & Cooling,directory,https://www.yellowpages.com/des-moines-ia/,Yellow Pages Des Moines trade listings,2026-10-01
HVAC Service in Ankeny IA,directory,https://www.yellowpages.com/des-moines-ia/,Yellow Pages Des Moines trade listings,2026-10-01
Community Heating & Cooling,directory,https://www.yellowpages.com/des-moines-ia/,Yellow Pages Des Moines trade listings,2026-10-01
Ferguson,directory,https://www.yellowpages.com/des-moines-ia/,Yellow Pages Des Moines trade listings,2026-10-01
"Scott's Heating, Cooling & Plumbing",directory,https://www.yellowpages.com/des-moines-ia/,Yellow Pages Des Moines trade listings,2026-10-01
Sunbelt Rentals Climate Control,directory,https://www.yellowpages.com/des-moines-ia/,Yellow Pages Des Moines trade listings,2026-10-01
Alger Leechman Heating & Cooling,directory,https://www.yellowpages.com/des-moines-ia/,Yellow Pages Des Moines trade listings,2026-10-01
Rhiner Bros Plumbing Heating & Cooling,directory,https://www.yellowpages.com/des-moines-ia/,Yellow Pages Des Moines trade listings,2026-10-01
Cozy Home Heating & Cooling,directory,https://www.yellowpages.com/des-moines-ia/,Yellow Pages Des Moines trade listings,2026-10-01
Territory Heating & Cooling,directory,https://www.yellowpages.com/des-moines-ia/,Yellow Pages Des Moines trade listings,2026-10-01
"Neighbors Heating Cooling, Plumbing & Geothermal",directory,https://www.yellowpages.com/des-moines-ia/,Yellow Pages Des Moines trade listings,2026-10-01
Rogers Electric and Plumbing and Heating,directory,https://www.yellowpages.com/des-moines-ia/,Yellow Pages Des Moines trade listings,2026-10-01
Kohles Mechanical Inc,directory,https://www.yellowpages.com/des-moines-ia/,Yellow Pages Des Moines trade listings,2026-10-01
ACI Mechanical Inc,directory,https://www.yellowpages.com/des-moines-ia/,Yellow Pages Des Moines trade listings,2026-10-01
Dennis Supply Company,directory,https://www.yellowpages.com/des-moines-ia/,Yellow Pages Des Moines trade listings,2026-10-01
Air Control Products Inc,directory,https://www.yellowpages.com/des-moines-ia/,Yellow Pages Des Moines trade listings,2026-10-01
Halvorson Trane Service-Parts,directory,https://www.yellowpages.com/des-moines-ia/,Yellow Pages Des Moines trade listings,2026-10-01
Classic Pavers,directory,https://www.yellowpages.com/des-moines-ia/,Yellow Pages Des Moines trade listings,2026-10-01
Des Moines Asphalt & Paving Co,directory,https://www.yellowpages.com/des-moines-ia/,Yellow Pages Des Moines trade listings,2026-10-01
Speck USA,directory,https://www.yellowpages.com/des-moines-ia/,Yellow Pages Des Moines trade listings,2026-10-01
Paco's Construction,directory,https://www.yellowpages.com/des-moines-ia/,Yellow Pages Des Moines trade listings,2026-10-01
Advanced Asphalt,directory,https://www.yellowpages.com/des-moines-ia/,Yellow Pages Des Moines trade listings,2026-10-01
"Des Moines Asphalt and Paving, a CRH Company",directory,https://www.yellowpages.com/des-moines-ia/,Yellow Pages Des Moines trade listings,2026-10-01
D & R Asphalt Sealing & Asphalt Repair,directory,https://www.yellowpages.com/des-moines-ia/,Yellow Pages Des Moines trade listings,2026-10-01
Paco's Construction,directory,https://www.yellowpages.com/des-moines-ia/,Yellow Pages Des Moines trade listings,2026-10-01
Midwest sealcoating of iowa,directory,https://www.yellowpages.com/des-moines-ia/,Yellow Pages Des Moines trade listings,2026-10-01
Midwestsealcoating of Ia,directory,https://www.yellowpages.com/des-moines-ia/,Yellow Pages Des Moines trade listings,2026-10-01
The Driveway Company,directory,https://www.yellowpages.com/des-moines-ia/,Yellow Pages Des Moines trade listings,2026-10-01
"Heartland Outdoor Services, L.L.C.",directory,https://www.yellowpages.com/des-moines-ia/,Yellow Pages Des Moines trade listings,2026-10-01
Blackford Inc,directory,https://www.yellowpages.com/des-moines-ia/,Yellow Pages Des Moines trade listings,2026-10-01
"Koester Construction Company, Inc.",directory,https://www.yellowpages.com/des-moines-ia/,Yellow Pages Des Moines trade listings,2026-10-01
Grimes Asphalt & Paving,directory,https://www.yellowpages.com/des-moines-ia/,Yellow Pages Des Moines trade listings,2026-10-01
D & R Asphalt Sealing & Repair,directory,https://www.yellowpages.com/des-moines-ia/,Yellow Pages Des Moines trade listings,2026-10-01
Grimes Asphalt & Paving,directory,https://www.yellowpages.com/des-moines-ia/,Yellow Pages Des Moines trade listings,2026-10-01
Omg Mid West Inc,directory,https://www.yellowpages.com/des-moines-ia/,Yellow Pages Des Moines trade listings,2026-10-01
Capital Parking Lot Maintenance,directory,https://www.yellowpages.com/des-moines-ia/,Yellow Pages Des Moines trade listings,2026-10-01
Asphalt Maintenance and Construction Company Inc,directory,https://www.yellowpages.com/des-moines-ia/,Yellow Pages Des Moines trade listings,2026-10-01
Grimes Asphalt & Paving,directory,https://www.yellowpages.com/des-moines-ia/,Yellow Pages Des Moines trade listings,2026-10-01
Advanced Asphalt,directory,https://www.yellowpages.com/des-moines-ia/,Yellow Pages Des Moines trade listings,2026-10-01
Allstarcoating,directory,https://www.yellowpages.com/des-moines-ia/,Yellow Pages Des Moines trade listings,2026-10-01
Speck USA,directory,https://www.yellowpages.com/des-moines-ia/,Yellow Pages Des Moines trade listings,2026-10-01
Central Asphalt Paving Inc,directory,https://www.yellowpages.com/des-moines-ia/,Yellow Pages Des Moines trade listings,2026-10-01
Des Moines Asphalt & Paving Company,directory,https://www.yellowpages.com/des-moines-ia/,Yellow Pages Des Moines trade listings,2026-10-01
"Central Asphalt Paving, Inc",directory,https://www.yellowpages.com/des-moines-ia/,Yellow Pages Des Moines trade listings,2026-10-01
TS Construction,directory,https://www.yellowpages.com/des-moines-ia/,Yellow Pages Des Moines trade listings,2026-10-01
"Custis Contracting Services, LLC",directory,https://www.yellowpages.com/des-moines-ia/,Yellow Pages Des Moines trade listings,2026-10-01
Midwest Contracting & Construction,directory,https://www.yellowpages.com/des-moines-ia/,Yellow Pages Des Moines trade listings,2026-10-01
Loren The Plumber,directory,https://www.yellowpages.com/des-moines-ia/,Yellow Pages Des Moines trade listings,2026-10-01
Gutters Plus Exteriors,directory,https://www.yellowpages.com/des-moines-ia/,Yellow Pages Des Moines trade listings,2026-10-01
Tonospray Painting,directory,https://www.yellowpages.com/des-moines-ia/,Yellow Pages Des Moines trade listings,2026-10-01
Window World of Des Moines,directory,https://www.yellowpages.com/des-moines-ia/,Yellow Pages Des Moines trade listings,2026-10-01
"Jose's Concrete, Inc.",directory,https://www.yellowpages.com/des-moines-ia/,Yellow Pages Des Moines trade listings,2026-10-01
1-800-Packouts of Greater Iowa,directory,https://www.yellowpages.com/des-moines-ia/,Yellow Pages Des Moines trade listings,2026-10-01
Trane - Heating & Cooling Services,directory,https://www.yellowpages.com/des-moines-ia/,Yellow Pages Des Moines trade listings,2026-10-01
Premier Portable Buildings of Des Moines,directory,https://www.yellowpages.com/des-moines-ia/,Yellow Pages Des Moines trade listings,2026-10-01
Direct Egress & Construction,directory,https://www.yellowpages.com/des-moines-ia/,Yellow Pages Des Moines trade listings,2026-10-01
"Central Asphalt Paving, Inc",directory,https://www.yellowpages.com/des-moines-ia/,Yellow Pages Des Moines trade listings,2026-10-01
Five Star Bath Solutions of Des Moines,directory,https://www.yellowpages.com/des-moines-ia/,Yellow Pages Des Moines trade listings,2026-10-01
Jon's Dry Basement Foundation Repair,directory,https://www.yellowpages.com/des-moines-ia/,Yellow Pages Des Moines trade listings,2026-10-01
The Flooring Guys,directory,https://www.yellowpages.com/des-moines-ia/,Yellow Pages Des Moines trade listings,2026-10-01
ProTect Painters of Des Moines,directory,https://www.yellowpages.com/des-moines-ia/,Yellow Pages Des Moines trade listings,2026-10-01
Topline Construction,directory,https://www.yellowpages.com/des-moines-ia/,Yellow Pages Des Moines trade listings,2026-10-01
Lifestyle Flooring Inc.,directory,https://www.yellowpages.com/des-moines-ia/,Yellow Pages Des Moines trade listings,2026-10-01
Woodharbor Kitchen & Bath,directory,https://www.yellowpages.com/des-moines-ia/,Yellow Pages Des Moines trade listings,2026-10-01
Advanced Asphalt,directory,https://www.yellowpages.com/des-moines-ia/,Yellow Pages Des Moines trade listings,2026-10-01
Contractor Services of Iowa,directory,https://www.yellowpages.com/des-moines-ia/,Yellow Pages Des Moines trade listings,2026-10-01
Central Iowa Solutions,directory,https://www.yellowpages.com/des-moines-ia/,Yellow Pages Des Moines trade listings,2026-10-01
Thrasher Foundation Repair,directory,https://www.yellowpages.com/des-moines-ia/,Yellow Pages Des Moines trade listings,2026-10-01
Busy Builders,directory,https://www.yellowpages.com/des-moines-ia/,Yellow Pages Des Moines trade listings,2026-10-01
Leaf Home Stair Lift,directory,https://www.yellowpages.com/des-moines-ia/,Yellow Pages Des Moines trade listings,2026-10-01
Trane Commercial Sales Office,directory,https://www.yellowpages.com/des-moines-ia/,Yellow Pages Des Moines trade listings,2026-10-01
Trane Supply,directory,https://www.yellowpages.com/des-moines-ia/,Yellow Pages Des Moines trade listings,2026-10-01
All Iowa Insulation Services,directory,https://www.yellowpages.com/des-moines-ia/,Yellow Pages Des Moines trade listings,2026-10-01
Stratus Clean Iowa,directory,https://www.yellowpages.com/des-moines-ia/,Yellow Pages Des Moines trade listings,2026-10-01
Loren The Plumber,directory,https://www.yellowpages.com/des-moines-ia/,Yellow Pages Des Moines trade listings,2026-10-01
John Williams Masonry,directory,https://www.yellowpages.com/des-moines-ia/,Yellow Pages Des Moines trade listings,2026-10-01
Premier Portable Buildings of Des Moines,directory,https://www.yellowpages.com/des-moines-ia/,Yellow Pages Des Moines trade listings,2026-10-01
Direct Egress & Construction,directory,https://www.yellowpages.com/des-moines-ia/,Yellow Pages Des Moines trade listings,2026-10-01
Sunbelt Rentals Scaffold Services,directory,https://www.yellowpages.com/des-moines-ia/,Yellow Pages Des Moines trade listings,2026-10-01
The Finished Edge LLC,directory,https://www.yellowpages.com/des-moines-ia/,Yellow Pages Des Moines trade listings,2026-10-01
Coleman Moore Company,directory,https://www.yellowpages.com/des-moines-ia/,Yellow Pages Des Moines trade listings,2026-10-01
FIRST ONSITE Property Restoration,directory,https://www.yellowpages.com/des-moines-ia/,Yellow Pages Des Moines trade listings,2026-10-01
Anderson Professional Painting,directory,https://www.yellowpages.com/des-moines-ia/,Yellow Pages Des Moines trade listings,2026-10-01
Controlled Asbestos Inc,directory,https://www.yellowpages.com/des-moines-ia/,Yellow Pages Des Moines trade listings,2026-10-01
American Perfection Basement Waterproofing,directory,https://www.yellowpages.com/des-moines-ia/,Yellow Pages Des Moines trade listings,2026-10-01
"Central Asphalt Paving, Inc",directory,https://www.yellowpages.com/des-moines-ia/,Yellow Pages Des Moines trade listings,2026-10-01
Mobile Wash Of Iowa LLC,directory,https://www.yellowpages.com/des-moines-ia/,Yellow Pages Des Moines trade listings,2026-10-01
Purscell Co,directory,https://www.yellowpages.com/des-moines-ia/,Yellow Pages Des Moines trade listings,2026-10-01
Kent's Karpentry,directory,https://www.yellowpages.com/des-moines-ia/,Yellow Pages Des Moines trade listings,2026-10-01
Five Star Bath Solutions of Des Moines,directory,https://www.yellowpages.com/des-moines-ia/,Yellow Pages Des Moines trade listings,2026-10-01
Baker Restoration and Remodel,directory,https://www.yellowpages.com/des-moines-ia/,Yellow Pages Des Moines trade listings,2026-10-01
"Land Alterations & Construction Services, LLC",directory,https://www.yellowpages.com/des-moines-ia/,Yellow Pages Des Moines trade listings,2026-10-01
Home Services at The Home Depot,directory,https://www.yellowpages.com/des-moines-ia/,Yellow Pages Des Moines trade listings,2026-10-01
Jon's Dry Basement Foundation Repair,directory,https://www.yellowpages.com/des-moines-ia/,Yellow Pages Des Moines trade listings,2026-10-01
Warner Contracting,directory,https://www.yellowpages.com/des-moines-ia/,Yellow Pages Des Moines trade listings,2026-10-01
The Finished Edge LLC,directory,https://www.yellowpages.com/des-moines-ia/,Yellow Pages Des Moines trade listings,2026-10-01
Weitz Iowa,directory,https://www.yellowpages.com/des-moines-ia/,Yellow Pages Des Moines trade listings,2026-10-01
The Flooring Guys,directory,https://www.yellowpages.com/des-moines-ia/,Yellow Pages Des Moines trade listings,2026-10-01
"Neumann Brothers, Inc.",directory,https://www.yellowpages.com/des-moines-ia/,Yellow Pages Des Moines trade listings,2026-10-01
Homestead Building Ltd,directory,https://www.yellowpages.com/des-moines-ia/,Yellow Pages Des Moines trade listings,2026-10-01
Beal Derkenne Construction,directory,https://www.yellowpages.com/des-moines-ia/,Yellow Pages Des Moines trade listings,2026-10-01
Folkers Construction Inc,directory,https://www.yellowpages.com/des-moines-ia/,Yellow Pages Des Moines trade listings,2026-10-01
Baker Restoration Services,directory,https://www.yellowpages.com/des-moines-ia/,Yellow Pages Des Moines trade listings,2026-10-01
Better Basements,directory,https://www.yellowpages.com/des-moines-ia/,Yellow Pages Des Moines trade listings,2026-10-01
Central Iowa Radon,directory,https://www.yellowpages.com/des-moines-ia/,Yellow Pages Des Moines trade listings,2026-10-01
Cerebral Group,directory,https://www.yellowpages.com/des-moines-ia/,Yellow Pages Des Moines trade listings,2026-10-01
P G Construction,directory,https://www.yellowpages.com/des-moines-ia/,Yellow Pages Des Moines trade listings,2026-10-01
American Building Svc,directory,https://www.yellowpages.com/des-moines-ia/,Yellow Pages Des Moines trade listings,2026-10-01
Obsidian Heating and Cooling,directory,https://www.yellowpages.com/des-moines-ia/,Yellow Pages Des Moines trade listings,2026-10-01
Q3 Contracting Inc,directory,https://www.yellowpages.com/des-moines-ia/,Yellow Pages Des Moines trade listings,2026-10-01
B R Construction,directory,https://www.yellowpages.com/des-moines-ia/,Yellow Pages Des Moines trade listings,2026-10-01
Raven Electric,directory,https://www.yellowpages.com/des-moines-ia/,Yellow Pages Des Moines trade listings,2026-10-01
Reynolds General Construction,directory,https://www.yellowpages.com/des-moines-ia/,Yellow Pages Des Moines trade listings,2026-10-01
Holst Construction,directory,https://www.yellowpages.com/des-moines-ia/,Yellow Pages Des Moines trade listings,2026-10-01
Richardson Bathroom-Kitchen & Plumbing Services,directory,https://www.yellowpages.com/des-moines-ia/,Yellow Pages Des Moines trade listings,2026-10-01
Lil Brother Construction,directory,https://www.yellowpages.com/des-moines-ia/,Yellow Pages Des Moines trade listings,2026-10-01
Professional Home Improvement,directory,https://www.yellowpages.com/des-moines-ia/,Yellow Pages Des Moines trade listings,2026-10-01
Bean Construction,directory,https://www.yellowpages.com/des-moines-ia/,Yellow Pages Des Moines trade listings,2026-10-01
Godwin General Contractors,directory,https://www.yellowpages.com/des-moines-ia/,Yellow Pages Des Moines trade listings,2026-10-01
Unique Homes,directory,https://www.yellowpages.com/des-moines-ia/,Yellow Pages Des Moines trade listings,2026-10-01
ProTect Painters of Des Moines,directory,https://www.yellowpages.com/des-moines-ia/,Yellow Pages Des Moines trade listings,2026-10-01
Powell Construction Services,directory,https://www.yellowpages.com/des-moines-ia/,Yellow Pages Des Moines trade listings,2026-10-01
Topline Construction,directory,https://www.yellowpages.com/des-moines-ia/,Yellow Pages Des Moines trade listings,2026-10-01
Wolf Construction,directory,https://www.yellowpages.com/des-moines-ia/,Yellow Pages Des Moines trade listings,2026-10-01
Weitz Co,directory,https://www.yellowpages.com/des-moines-ia/,Yellow Pages Des Moines trade listings,2026-10-01
Kinzler Materials of Des Moines,directory,https://www.yellowpages.com/des-moines-ia/,Yellow Pages Des Moines trade listings,2026-10-01
Woodharbor Kitchen & Bath,directory,https://www.yellowpages.com/des-moines-ia/,Yellow Pages Des Moines trade listings,2026-10-01
515 Exteriors,directory,https://www.yellowpages.com/des-moines-ia/,Yellow Pages Des Moines trade listings,2026-10-01
Lacona's Home Style,directory,https://www.yellowpages.com/des-moines-ia/,Yellow Pages Des Moines trade listings,2026-10-01
Heck Construction,directory,https://www.yellowpages.com/des-moines-ia/,Yellow Pages Des Moines trade listings,2026-10-01
Van Weelden Construction,directory,https://www.yellowpages.com/des-moines-ia/,Yellow Pages Des Moines trade listings,2026-10-01
Harvest Builders Inc,directory,https://www.yellowpages.com/des-moines-ia/,Yellow Pages Des Moines trade listings,2026-10-01
Ryan Co US Inc,directory,https://www.yellowpages.com/des-moines-ia/,Yellow Pages Des Moines trade listings,2026-10-01
Straight Up Framing LC,directory,https://www.yellowpages.com/des-moines-ia/,Yellow Pages Des Moines trade listings,2026-10-01
Blackstone Industrial Services,directory,https://www.yellowpages.com/des-moines-ia/,Yellow Pages Des Moines trade listings,2026-10-01
Nlv Financial,directory,https://www.yellowpages.com/des-moines-ia/,Yellow Pages Des Moines trade listings,2026-10-01
Advanced Underground Constr,directory,https://www.yellowpages.com/des-moines-ia/,Yellow Pages Des Moines trade listings,2026-10-01
Home Wishes,directory,https://www.yellowpages.com/des-moines-ia/,Yellow Pages Des Moines trade listings,2026-10-01
A V I Construction,directory,https://www.yellowpages.com/des-moines-ia/,Yellow Pages Des Moines trade listings,2026-10-01
Patterson Homes,directory,https://www.yellowpages.com/des-moines-ia/,Yellow Pages Des Moines trade listings,2026-10-01
Midwest Contracting & Construction,directory,https://www.yellowpages.com/des-moines-ia/,Yellow Pages Des Moines trade listings,2026-10-01
Deep Construction Inc,directory,https://www.yellowpages.com/des-moines-ia/,Yellow Pages Des Moines trade listings,2026-10-01
TS Construction,directory,https://www.yellowpages.com/des-moines-ia/,Yellow Pages Des Moines trade listings,2026-10-01
CertaPro Painters of Des Moines,directory,https://www.yellowpages.com/des-moines-ia/,Yellow Pages Des Moines trade listings,2026-10-01
O'Leary Enterprises L.L.C.,directory,https://www.yellowpages.com/des-moines-ia/,Yellow Pages Des Moines trade listings,2026-10-01
Contractor Services of Iowa,directory,https://www.yellowpages.com/des-moines-ia/,Yellow Pages Des Moines trade listings,2026-10-01
Central Iowa Solutions,directory,https://www.yellowpages.com/des-moines-ia/,Yellow Pages Des Moines trade listings,2026-10-01
Henning Construction Co,directory,https://www.yellowpages.com/des-moines-ia/,Yellow Pages Des Moines trade listings,2026-10-01
Thrasher Foundation Repair,directory,https://www.yellowpages.com/des-moines-ia/,Yellow Pages Des Moines trade listings,2026-10-01
Busy Builders,directory,https://www.yellowpages.com/des-moines-ia/,Yellow Pages Des Moines trade listings,2026-10-01
Leaf Home Stair Lift,directory,https://www.yellowpages.com/des-moines-ia/,Yellow Pages Des Moines trade listings,2026-10-01
Hedrick Construction Inc,directory,https://www.yellowpages.com/des-moines-ia/,Yellow Pages Des Moines trade listings,2026-10-01
Trane Commercial Sales Office,directory,https://www.yellowpages.com/des-moines-ia/,Yellow Pages Des Moines trade listings,2026-10-01
Trane Supply,directory,https://www.yellowpages.com/des-moines-ia/,Yellow Pages Des Moines trade listings,2026-10-01
All Iowa Insulation Services,directory,https://www.yellowpages.com/des-moines-ia/,Yellow Pages Des Moines trade listings,2026-10-01
Stratus Clean Iowa,directory,https://www.yellowpages.com/des-moines-ia/,Yellow Pages Des Moines trade listings,2026-10-01
Crose & Lemke Construction Inc,directory,https://www.yellowpages.com/des-moines-ia/,Yellow Pages Des Moines trade listings,2026-10-01
Contech Engineered Solutions LLC,directory,https://www.yellowpages.com/des-moines-ia/,Yellow Pages Des Moines trade listings,2026-10-01
AFFORDABLE EXTERIORS LLC,directory,https://www.yellowpages.com/des-moines-ia/,Yellow Pages Des Moines trade listings,2026-10-01
Ritter Enterprises Inc,directory,https://www.yellowpages.com/des-moines-ia/,Yellow Pages Des Moines trade listings,2026-10-01
F E Remodeling LLC,directory,https://www.yellowpages.com/des-moines-ia/,Yellow Pages Des Moines trade listings,2026-10-01
3 Sons Construction,directory,https://www.yellowpages.com/des-moines-ia/,Yellow Pages Des Moines trade listings,2026-10-01
Zenith Design + Build,directory,https://www.yellowpages.com/des-moines-ia/,Yellow Pages Des Moines trade listings,2026-10-01
Witt Juckette Const,directory,https://www.yellowpages.com/des-moines-ia/,Yellow Pages Des Moines trade listings,2026-10-01
"Morton Buildings, Inc.",directory,https://www.yellowpages.com/des-moines-ia/,Yellow Pages Des Moines trade listings,2026-10-01
Controlled Asbestos Inc,directory,https://www.yellowpages.com/des-moines-ia/,Yellow Pages Des Moines trade listings,2026-10-01
Home Services at The Home Depot,directory,https://www.yellowpages.com/des-moines-ia/,Yellow Pages Des Moines trade listings,2026-10-01
Golden Touch Painters,directory,https://www.yellowpages.com/des-moines-ia/,Yellow Pages Des Moines trade listings,2026-10-01
"Greiner Buildings, Inc.",directory,https://www.yellowpages.com/des-moines-ia/,Yellow Pages Des Moines trade listings,2026-10-01
Home Services at The Home Depot,directory,https://www.yellowpages.com/des-moines-ia/,Yellow Pages Des Moines trade listings,2026-10-01
College Hunks Hauling Junk and Moving Des Moines,directory,https://www.yellowpages.com/des-moines-ia/,Yellow Pages Des Moines trade listings,2026-10-01
Mid American Glazing Systems,directory,https://www.yellowpages.com/des-moines-ia/,Yellow Pages Des Moines trade listings,2026-10-01
Remodeling Contractors,directory,https://www.yellowpages.com/des-moines-ia/,Yellow Pages Des Moines trade listings,2026-10-01
Prostruct CM,directory,https://www.yellowpages.com/des-moines-ia/,Yellow Pages Des Moines trade listings,2026-10-01
Ace Handyman Services West Des Moines,directory,https://www.yellowpages.com/des-moines-ia/,Yellow Pages Des Moines trade listings,2026-10-01
"Two  Rivers Group, Inc.",directory,https://www.yellowpages.com/des-moines-ia/,Yellow Pages Des Moines trade listings,2026-10-01
Home Services at The Home Depot,directory,https://www.yellowpages.com/des-moines-ia/,Yellow Pages Des Moines trade listings,2026-10-01
Tuff Shed Des Moines,directory,https://www.yellowpages.com/des-moines-ia/,Yellow Pages Des Moines trade listings,2026-10-01
Weitz Co,directory,https://www.yellowpages.com/des-moines-ia/,Yellow Pages Des Moines trade listings,2026-10-01
The Driveway Company,directory,https://www.yellowpages.com/des-moines-ia/,Yellow Pages Des Moines trade listings,2026-10-01
Iowa Spray Foam Insulators,directory,https://www.yellowpages.com/des-moines-ia/,Yellow Pages Des Moines trade listings,2026-10-01
Contractors Group Inc,directory,https://www.yellowpages.com/des-moines-ia/,Yellow Pages Des Moines trade listings,2026-10-01
Paramount Kitchen & Bath,directory,https://www.yellowpages.com/des-moines-ia/,Yellow Pages Des Moines trade listings,2026-10-01
Diamond Ridge Construction,directory,https://www.yellowpages.com/des-moines-ia/,Yellow Pages Des Moines trade listings,2026-10-01
Hubbell Realty Company,directory,https://www.yellowpages.com/des-moines-ia/,Yellow Pages Des Moines trade listings,2026-10-01
"Koester Construction Company, Inc.",directory,https://www.yellowpages.com/des-moines-ia/,Yellow Pages Des Moines trade listings,2026-10-01
Mad City Windows & Baths of Des Moines,directory,https://www.yellowpages.com/des-moines-ia/,Yellow Pages Des Moines trade listings,2026-10-01
Revived Interiors,directory,https://www.yellowpages.com/des-moines-ia/,Yellow Pages Des Moines trade listings,2026-10-01
Gratias Homes LLC,directory,https://www.yellowpages.com/des-moines-ia/,Yellow Pages Des Moines trade listings,2026-10-01
Weather Ready Exteriors,directory,https://www.yellowpages.com/des-moines-ia/,Yellow Pages Des Moines trade listings,2026-10-01
Bobst Construction Service Inc,directory,https://www.yellowpages.com/des-moines-ia/,Yellow Pages Des Moines trade listings,2026-10-01
Poindexter Flooring Inc,directory,https://www.yellowpages.com/des-moines-ia/,Yellow Pages Des Moines trade listings,2026-10-01
US Erectors Inc,directory,https://www.yellowpages.com/des-moines-ia/,Yellow Pages Des Moines trade listings,2026-10-01
A1 Cabinets,directory,https://www.yellowpages.com/des-moines-ia/,Yellow Pages Des Moines trade listings,2026-10-01
Hartman Construction & Remodeling,directory,https://www.yellowpages.com/des-moines-ia/,Yellow Pages Des Moines trade listings,2026-10-01
Kitchen & Bath Ideas Iowa,directory,https://www.yellowpages.com/des-moines-ia/,Yellow Pages Des Moines trade listings,2026-10-01
Aim Kitchen & Bath,directory,https://www.yellowpages.com/des-moines-ia/,Yellow Pages Des Moines trade listings,2026-10-01
Project Solutions,directory,https://www.yellowpages.com/des-moines-ia/,Yellow Pages Des Moines trade listings,2026-10-01
Elite Woodworks & Home Improvements,directory,https://www.yellowpages.com/des-moines-ia/,Yellow Pages Des Moines trade listings,2026-10-01
American Perfection Basement Waterproofing,directory,https://www.yellowpages.com/des-moines-ia/,Yellow Pages Des Moines trade listings,2026-10-01
Iowa Custom Cabinetry,directory,https://www.yellowpages.com/des-moines-ia/,Yellow Pages Des Moines trade listings,2026-10-01
Swan Creek Cabinet Company,directory,https://www.yellowpages.com/des-moines-ia/,Yellow Pages Des Moines trade listings,2026-10-01
Jorgensen Home Improvements,directory,https://www.yellowpages.com/des-moines-ia/,Yellow Pages Des Moines trade listings,2026-10-01
D & R Custom Kitchen Inc,directory,https://www.yellowpages.com/des-moines-ia/,Yellow Pages Des Moines trade listings,2026-10-01
Williams Millwork Co Inc,directory,https://www.yellowpages.com/des-moines-ia/,Yellow Pages Des Moines trade listings,2026-10-01
Bmc,directory,https://www.yellowpages.com/des-moines-ia/,Yellow Pages Des Moines trade listings,2026-10-01
Hartman Construction & Remodeling,directory,https://www.yellowpages.com/des-moines-ia/,Yellow Pages Des Moines trade listings,2026-10-01
AR Cabinetry & Millwork,directory,https://www.yellowpages.com/des-moines-ia/,Yellow Pages Des Moines trade listings,2026-10-01
Kitchen Classics LTD.,directory,https://www.yellowpages.com/des-moines-ia/,Yellow Pages Des Moines trade listings,2026-10-01
"RCS Millwork, LC",directory,https://www.yellowpages.com/des-moines-ia/,Yellow Pages Des Moines trade listings,2026-10-01
Woodharbor of Des Moines,directory,https://www.yellowpages.com/des-moines-ia/,Yellow Pages Des Moines trade listings,2026-10-01
Fine Line Woodworks Inc,directory,https://www.yellowpages.com/des-moines-ia/,Yellow Pages Des Moines trade listings,2026-10-01
Smooth Surfaces,directory,https://www.yellowpages.com/des-moines-ia/,Yellow Pages Des Moines trade listings,2026-10-01
Leaf Home Stair Lift,directory,https://www.yellowpages.com/des-moines-ia/,Yellow Pages Des Moines trade listings,2026-10-01
AF Johnson Millwork Co,directory,https://www.yellowpages.com/des-moines-ia/,Yellow Pages Des Moines trade listings,2026-10-01
MBG Renovation,directory,https://www.yellowpages.com/des-moines-ia/,Yellow Pages Des Moines trade listings,2026-10-01
Minnesota Cabinets,directory,https://www.yellowpages.com/des-moines-ia/,Yellow Pages Des Moines trade listings,2026-10-01
Absolute Garage & Closets,directory,https://www.yellowpages.com/des-moines-ia/,Yellow Pages Des Moines trade listings,2026-10-01
Kitchen Refresh Des Moines North Territory,directory,https://www.yellowpages.com/des-moines-ia/,Yellow Pages Des Moines trade listings,2026-10-01
Ace Handyman Services West Des Moines,directory,https://www.yellowpages.com/des-moines-ia/,Yellow Pages Des Moines trade listings,2026-10-01
Paramount Kitchen & Bath,directory,https://www.yellowpages.com/des-moines-ia/,Yellow Pages Des Moines trade listings,2026-10-01
Builders Cabinet Design,directory,https://www.yellowpages.com/des-moines-ia/,Yellow Pages Des Moines trade listings,2026-10-01
Happy Roof,directory,https://www.yellowpages.com/des-moines-ia/,Yellow Pages Des Moines trade listings,2026-10-01
Closets By Design-Central Iowa,directory,https://www.yellowpages.com/des-moines-ia/,Yellow Pages Des Moines trade listings,2026-10-01
Closets by Design - Central Iowa,directory,https://www.yellowpages.com/des-moines-ia/,Yellow Pages Des Moines trade listings,2026-10-01
Mad City Windows & Baths of Des Moines,directory,https://www.yellowpages.com/des-moines-ia/,Yellow Pages Des Moines trade listings,2026-10-01
MidWest Kitchen,directory,https://www.yellowpages.com/des-moines-ia/,Yellow Pages Des Moines trade listings,2026-10-01
Olson Cabinet & Supply Inc,directory,https://www.yellowpages.com/des-moines-ia/,Yellow Pages Des Moines trade listings,2026-10-01
Woodharbor of Des Moines,directory,https://www.yellowpages.com/des-moines-ia/,Yellow Pages Des Moines trade listings,2026-10-01
Desmoines Supply,directory,https://www.yellowpages.com/des-moines-ia/,Yellow Pages Des Moines trade listings,2026-10-01
Kitchen & Bath Company,directory,https://www.yellowpages.com/des-moines-ia/,Yellow Pages Des Moines trade listings,2026-10-01
Sjm Construction,directory,https://www.yellowpages.com/des-moines-ia/,Yellow Pages Des Moines trade listings,2026-10-01
Herbert & Stork Homes,directory,https://www.yellowpages.com/des-moines-ia/,Yellow Pages Des Moines trade listings,2026-10-01
Borts Custom Cabinets Inc,directory,https://www.yellowpages.com/des-moines-ia/,Yellow Pages Des Moines trade listings,2026-10-01
Fleishman Construction,directory,https://www.yellowpages.com/des-moines-ia/,Yellow Pages Des Moines trade listings,2026-10-01
Feeke's Construction Co,directory,https://www.yellowpages.com/des-moines-ia/,Yellow Pages Des Moines trade listings,2026-10-01
Basement Replacement Experts,directory,https://www.yellowpages.com/des-moines-ia/,Yellow Pages Des Moines trade listings,2026-10-01
Jims Woodworking Inc,directory,https://www.yellowpages.com/des-moines-ia/,Yellow Pages Des Moines trade listings,2026-10-01
Paragon Concrete,directory,https://www.yellowpages.com/des-moines-ia/,Yellow Pages Des Moines trade listings,2026-10-01
John Voss Concrete & Excavating Inc.,directory,https://www.yellowpages.com/des-moines-ia/,Yellow Pages Des Moines trade listings,2026-10-01
Woodhouse & Lee Construction,directory,https://www.yellowpages.com/des-moines-ia/,Yellow Pages Des Moines trade listings,2026-10-01
Paragon Concrete,directory,https://www.yellowpages.com/des-moines-ia/,Yellow Pages Des Moines trade listings,2026-10-01
John Voss Concrete & Excavating Inc.,directory,https://www.yellowpages.com/des-moines-ia/,Yellow Pages Des Moines trade listings,2026-10-01
RMC Concrete,directory,https://www.yellowpages.com/des-moines-ia/,Yellow Pages Des Moines trade listings,2026-10-01
Rayco Concrete Services,directory,https://www.yellowpages.com/des-moines-ia/,Yellow Pages Des Moines trade listings,2026-10-01
"Cox Concrete, L.L.C.",directory,https://www.yellowpages.com/des-moines-ia/,Yellow Pages Des Moines trade listings,2026-10-01
JCV Construction Inc,directory,https://www.yellowpages.com/des-moines-ia/,Yellow Pages Des Moines trade listings,2026-10-01
LR Concrete,directory,https://www.yellowpages.com/des-moines-ia/,Yellow Pages Des Moines trade listings,2026-10-01
Prime Concrete LLC,directory,https://www.yellowpages.com/des-moines-ia/,Yellow Pages Des Moines trade listings,2026-10-01
Onnen's Concrete & Contracting,directory,https://www.yellowpages.com/des-moines-ia/,Yellow Pages Des Moines trade listings,2026-10-01
Nehring Construction Inc,directory,https://www.yellowpages.com/des-moines-ia/,Yellow Pages Des Moines trade listings,2026-10-01
Colin Concrete Des Moines,directory,https://www.yellowpages.com/des-moines-ia/,Yellow Pages Des Moines trade listings,2026-10-01
Stapes Concrete & Grading,directory,https://www.yellowpages.com/des-moines-ia/,Yellow Pages Des Moines trade listings,2026-10-01
Solis Concrete Services,directory,https://www.yellowpages.com/des-moines-ia/,Yellow Pages Des Moines trade listings,2026-10-01
Chavez Concrete,directory,https://www.yellowpages.com/des-moines-ia/,Yellow Pages Des Moines trade listings,2026-10-01
All Iowa Contractors,directory,https://www.yellowpages.com/des-moines-ia/,Yellow Pages Des Moines trade listings,2026-10-01
GLC Construction,directory,https://www.yellowpages.com/des-moines-ia/,Yellow Pages Des Moines trade listings,2026-10-01
Voss Concrete,directory,https://www.yellowpages.com/des-moines-ia/,Yellow Pages Des Moines trade listings,2026-10-01
Concrete and Hauling Solutions,directory,https://www.yellowpages.com/des-moines-ia/,Yellow Pages Des Moines trade listings,2026-10-01
"HS Concrete, Inc",directory,https://www.yellowpages.com/des-moines-ia/,Yellow Pages Des Moines trade listings,2026-10-01
Smart Concrete Solutions,directory,https://www.yellowpages.com/des-moines-ia/,Yellow Pages Des Moines trade listings,2026-10-01
Smart Concrete Solutions,directory,https://www.yellowpages.com/des-moines-ia/,Yellow Pages Des Moines trade listings,2026-10-01
Concrete Connection,directory,https://www.yellowpages.com/des-moines-ia/,Yellow Pages Des Moines trade listings,2026-10-01
E Pride,directory,https://www.yellowpages.com/des-moines-ia/,Yellow Pages Des Moines trade listings,2026-10-01
MNM Concrete Specialist,directory,https://www.yellowpages.com/des-moines-ia/,Yellow Pages Des Moines trade listings,2026-10-01
Concrete Connection,directory,https://www.yellowpages.com/des-moines-ia/,Yellow Pages Des Moines trade listings,2026-10-01
Moore Artistic Concrete,directory,https://www.yellowpages.com/des-moines-ia/,Yellow Pages Des Moines trade listings,2026-10-01
Woodhouse & Lee Construction,directory,https://www.yellowpages.com/des-moines-ia/,Yellow Pages Des Moines trade listings,2026-10-01
Paragon Concrete,directory,https://www.yellowpages.com/des-moines-ia/,Yellow Pages Des Moines trade listings,2026-10-01
John Voss Concrete & Excavating Inc.,directory,https://www.yellowpages.com/des-moines-ia/,Yellow Pages Des Moines trade listings,2026-10-01
Paco's Construction,directory,https://www.yellowpages.com/des-moines-ia/,Yellow Pages Des Moines trade listings,2026-10-01
"GPS Renovations, Inc.",directory,https://www.yellowpages.com/des-moines-ia/,Yellow Pages Des Moines trade listings,2026-10-01
"C Green Contractor, Inc",directory,https://www.yellowpages.com/des-moines-ia/,Yellow Pages Des Moines trade listings,2026-10-01
Double A Concrete,directory,https://www.yellowpages.com/des-moines-ia/,Yellow Pages Des Moines trade listings,2026-10-01
Topline Construction,directory,https://www.yellowpages.com/des-moines-ia/,Yellow Pages Des Moines trade listings,2026-10-01
Prenosil Concrete,directory,https://www.yellowpages.com/des-moines-ia/,Yellow Pages Des Moines trade listings,2026-10-01
Gallegos Concrete LLC,directory,https://www.yellowpages.com/des-moines-ia/,Yellow Pages Des Moines trade listings,2026-10-01
Bethel Concrete,directory,https://www.yellowpages.com/des-moines-ia/,Yellow Pages Des Moines trade listings,2026-10-01
Colin Concrete Des Moines,directory,https://www.yellowpages.com/des-moines-ia/,Yellow Pages Des Moines trade listings,2026-10-01
Paragon Concrete,directory,https://www.yellowpages.com/des-moines-ia/,Yellow Pages Des Moines trade listings,2026-10-01
Cal Concrete Construction Inc,directory,https://www.yellowpages.com/des-moines-ia/,Yellow Pages Des Moines trade listings,2026-10-01
Breeden Enterprises,directory,https://www.yellowpages.com/des-moines-ia/,Yellow Pages Des Moines trade listings,2026-10-01
Johnson Concrete Const Co Inc,directory,https://www.yellowpages.com/des-moines-ia/,Yellow Pages Des Moines trade listings,2026-10-01
C Green Contractor Inc,directory,https://www.yellowpages.com/des-moines-ia/,Yellow Pages Des Moines trade listings,2026-10-01
Stanley's Concrete Construction,directory,https://www.yellowpages.com/des-moines-ia/,Yellow Pages Des Moines trade listings,2026-10-01
PDM Precast,directory,https://www.yellowpages.com/des-moines-ia/,Yellow Pages Des Moines trade listings,2026-10-01
Iowa Prestressed Concrete,directory,https://www.yellowpages.com/des-moines-ia/,Yellow Pages Des Moines trade listings,2026-10-01
Morris Concrete & Construction,directory,https://www.yellowpages.com/des-moines-ia/,Yellow Pages Des Moines trade listings,2026-10-01
Cal Concrete Construction,directory,https://www.yellowpages.com/des-moines-ia/,Yellow Pages Des Moines trade listings,2026-10-01
Hill Concrete,directory,https://www.yellowpages.com/des-moines-ia/,Yellow Pages Des Moines trade listings,2026-10-01
Economic Concrete Services,directory,https://www.yellowpages.com/des-moines-ia/,Yellow Pages Des Moines trade listings,2026-10-01
Miller Construction,directory,https://www.yellowpages.com/des-moines-ia/,Yellow Pages Des Moines trade listings,2026-10-01
Speck USA,directory,https://www.yellowpages.com/des-moines-ia/,Yellow Pages Des Moines trade listings,2026-10-01
Affordable Construction,directory,https://www.yellowpages.com/des-moines-ia/,Yellow Pages Des Moines trade listings,2026-10-01
"Jose's Concrete, Inc.",directory,https://www.yellowpages.com/des-moines-ia/,Yellow Pages Des Moines trade listings,2026-10-01
White Cap,directory,https://www.yellowpages.com/des-moines-ia/,Yellow Pages Des Moines trade listings,2026-10-01
IKERSON CONCRETE,directory,https://www.yellowpages.com/des-moines-ia/,Yellow Pages Des Moines trade listings,2026-10-01
White Cap,directory,https://www.yellowpages.com/des-moines-ia/,Yellow Pages Des Moines trade listings,2026-10-01
Des Moines Winterset Memorials,directory,https://www.yellowpages.com/des-moines-ia/,Yellow Pages Des Moines trade listings,2026-10-01
Builders FirstSource,directory,https://www.yellowpages.com/des-moines-ia/,Yellow Pages Des Moines trade listings,2026-10-01
Jensen Builders Ltd,directory,https://www.yellowpages.com/des-moines-ia/,Yellow Pages Des Moines trade listings,2026-10-01
Quick Supply Co.,directory,https://www.yellowpages.com/des-moines-ia/,Yellow Pages Des Moines trade listings,2026-10-01
JLB Basement Waterproofing & Foundation Repair,directory,https://www.yellowpages.com/des-moines-ia/,Yellow Pages Des Moines trade listings,2026-10-01
Mr2 Services,directory,https://www.yellowpages.com/des-moines-ia/,Yellow Pages Des Moines trade listings,2026-10-01
GRA RE Builders,directory,https://www.yellowpages.com/des-moines-ia/,Yellow Pages Des Moines trade listings,2026-10-01
B & M Contractor's,directory,https://www.yellowpages.com/des-moines-ia/,Yellow Pages Des Moines trade listings,2026-10-01
Professional Contracting Services,directory,https://www.yellowpages.com/des-moines-ia/,Yellow Pages Des Moines trade listings,2026-10-01
Wiges Outdoor Services,directory,https://www.yellowpages.com/des-moines-ia/,Yellow Pages Des Moines trade listings,2026-10-01
Dry Duck Basement Waterproofing,directory,https://www.yellowpages.com/des-moines-ia/,Yellow Pages Des Moines trade listings,2026-10-01
Key Performance Construction,directory,https://www.yellowpages.com/des-moines-ia/,Yellow Pages Des Moines trade listings,2026-10-01
Trusted Roofing and Exteriors,directory,https://www.yellowpages.com/des-moines-ia/,Yellow Pages Des Moines trade listings,2026-10-01
Jon's Dry Basement Foundation Repair,directory,https://www.yellowpages.com/des-moines-ia/,Yellow Pages Des Moines trade listings,2026-10-01
Sani Enterprise,directory,https://www.yellowpages.com/des-moines-ia/,Yellow Pages Des Moines trade listings,2026-10-01
DM Hardscape,directory,https://www.yellowpages.com/des-moines-ia/,Yellow Pages Des Moines trade listings,2026-10-01
Monarch Cement Of Iowa Inc,directory,https://www.yellowpages.com/des-moines-ia/,Yellow Pages Des Moines trade listings,2026-10-01
Kingston Services,directory,https://www.yellowpages.com/des-moines-ia/,Yellow Pages Des Moines trade listings,2026-10-01
Gonzales Concrete,directory,https://www.yellowpages.com/des-moines-ia/,Yellow Pages Des Moines trade listings,2026-10-01
Pdm Precast Inc,directory,https://www.yellowpages.com/des-moines-ia/,Yellow Pages Des Moines trade listings,2026-10-01
Ash Grove Cement Co,directory,https://www.yellowpages.com/des-moines-ia/,Yellow Pages Des Moines trade listings,2026-10-01
"Kustom Concrete Pumping, Inc",directory,https://www.yellowpages.com/des-moines-ia/,Yellow Pages Des Moines trade listings,2026-10-01
"Kd Concrete, LLC",directory,https://www.yellowpages.com/des-moines-ia/,Yellow Pages Des Moines trade listings,2026-10-01
Dni Concrete Ready-Mix,directory,https://www.yellowpages.com/des-moines-ia/,Yellow Pages Des Moines trade listings,2026-10-01
Solid Concrete DeSigns Inc,directory,https://www.yellowpages.com/des-moines-ia/,Yellow Pages Des Moines trade listings,2026-10-01
Solid Concrete Design Inc,directory,https://www.yellowpages.com/des-moines-ia/,Yellow Pages Des Moines trade listings,2026-10-01
Economic  Concrete Services LLC,directory,https://www.yellowpages.com/des-moines-ia/,Yellow Pages Des Moines trade listings,2026-10-01
Dalton's Concrete Construction,directory,https://www.yellowpages.com/des-moines-ia/,Yellow Pages Des Moines trade listings,2026-10-01
Concrete Impressions,directory,https://www.yellowpages.com/des-moines-ia/,Yellow Pages Des Moines trade listings,2026-10-01
Liberty Ready Mix,directory,https://www.yellowpages.com/des-moines-ia/,Yellow Pages Des Moines trade listings,2026-10-01
Quality Concrete Pipe,directory,https://www.yellowpages.com/des-moines-ia/,Yellow Pages Des Moines trade listings,2026-10-01
Jordison Construction Shop,directory,https://www.yellowpages.com/des-moines-ia/,Yellow Pages Des Moines trade listings,2026-10-01
A Plus Flat Top Concrete,directory,https://www.yellowpages.com/des-moines-ia/,Yellow Pages Des Moines trade listings,2026-10-01
P G Construction,directory,https://www.yellowpages.com/des-moines-ia/,Yellow Pages Des Moines trade listings,2026-10-01
II Rivers Construction,directory,https://www.yellowpages.com/des-moines-ia/,Yellow Pages Des Moines trade listings,2026-10-01
"Nuckolls, Kelly",directory,https://www.yellowpages.com/des-moines-ia/,Yellow Pages Des Moines trade listings,2026-10-01
Q3 Contracting Inc,directory,https://www.yellowpages.com/des-moines-ia/,Yellow Pages Des Moines trade listings,2026-10-01
A1 Concrete Leveling Des Moines,directory,https://www.yellowpages.com/des-moines-ia/,Yellow Pages Des Moines trade listings,2026-10-01
Lamberti Concrete Inc,directory,https://www.yellowpages.com/des-moines-ia/,Yellow Pages Des Moines trade listings,2026-10-01
Paco's Construction,directory,https://www.yellowpages.com/des-moines-ia/,Yellow Pages Des Moines trade listings,2026-10-01
Coleman's Custom Concrete,directory,https://www.yellowpages.com/des-moines-ia/,Yellow Pages Des Moines trade listings,2026-10-01
Ewing Concrete Services,directory,https://www.yellowpages.com/des-moines-ia/,Yellow Pages Des Moines trade listings,2026-10-01
Concrete PRF,directory,https://www.yellowpages.com/des-moines-ia/,Yellow Pages Des Moines trade listings,2026-10-01
Poly Masters Concrete Creations,directory,https://www.yellowpages.com/des-moines-ia/,Yellow Pages Des Moines trade listings,2026-10-01
The Driveway Company,directory,https://www.yellowpages.com/des-moines-ia/,Yellow Pages Des Moines trade listings,2026-10-01
Henriksen Contracting,directory,https://www.yellowpages.com/des-moines-ia/,Yellow Pages Des Moines trade listings,2026-10-01
Terrys Quality Concrete,directory,https://www.yellowpages.com/des-moines-ia/,Yellow Pages Des Moines trade listings,2026-10-01
Top Tier Construction,directory,https://www.yellowpages.com/des-moines-ia/,Yellow Pages Des Moines trade listings,2026-10-01
Iowa Concrete Solutions,directory,https://www.yellowpages.com/des-moines-ia/,Yellow Pages Des Moines trade listings,2026-10-01
Concrete Connection,directory,https://www.yellowpages.com/des-moines-ia/,Yellow Pages Des Moines trade listings,2026-10-01
Smart Concrete Solutions,directory,https://www.yellowpages.com/des-moines-ia/,Yellow Pages Des Moines trade listings,2026-10-01
All Star Concrete,directory,https://www.yellowpages.com/des-moines-ia/,Yellow Pages Des Moines trade listings,2026-10-01
Concrete Technologies Inc,directory,https://www.yellowpages.com/des-moines-ia/,Yellow Pages Des Moines trade listings,2026-10-01
Omega Concrete Mixers,directory,https://www.yellowpages.com/des-moines-ia/,Yellow Pages Des Moines trade listings,2026-10-01
Leader Construction,directory,https://www.yellowpages.com/des-moines-ia/,Yellow Pages Des Moines trade listings,2026-10-01
Urbandale City Public Works,directory,https://www.yellowpages.com/des-moines-ia/,Yellow Pages Des Moines trade listings,2026-10-01
Wright Communications,directory,https://www.yellowpages.com/des-moines-ia/,Yellow Pages Des Moines trade listings,2026-10-01
D & A Concrete,directory,https://www.yellowpages.com/des-moines-ia/,Yellow Pages Des Moines trade listings,2026-10-01
Howser Concrete Services,directory,https://www.yellowpages.com/des-moines-ia/,Yellow Pages Des Moines trade listings,2026-10-01
Iowa Concrete Leveling,directory,https://www.yellowpages.com/des-moines-ia/,Yellow Pages Des Moines trade listings,2026-10-01
D B Concrete,directory,https://www.yellowpages.com/des-moines-ia/,Yellow Pages Des Moines trade listings,2026-10-01
RAW Industrial Modern,directory,https://www.yellowpages.com/des-moines-ia/,Yellow Pages Des Moines trade listings,2026-10-01
Ide Concrete Homes,directory,https://www.yellowpages.com/des-moines-ia/,Yellow Pages Des Moines trade listings,2026-10-01
On Time Concrete Cutting,directory,https://www.yellowpages.com/des-moines-ia/,Yellow Pages Des Moines trade listings,2026-10-01
All Star Concrete,directory,https://www.yellowpages.com/des-moines-ia/,Yellow Pages Des Moines trade listings,2026-10-01
Ewing Concrete,directory,https://www.yellowpages.com/des-moines-ia/,Yellow Pages Des Moines trade listings,2026-10-01
I-80 Concrete Design,directory,https://www.yellowpages.com/des-moines-ia/,Yellow Pages Des Moines trade listings,2026-10-01
Henriksen Washout Systems Inc,directory,https://www.yellowpages.com/des-moines-ia/,Yellow Pages Des Moines trade listings,2026-10-01
Henriksen Contracting,directory,https://www.yellowpages.com/des-moines-ia/,Yellow Pages Des Moines trade listings,2026-10-01
Iowa Ready Mixed Concrete Association,directory,https://www.yellowpages.com/des-moines-ia/,Yellow Pages Des Moines trade listings,2026-10-01
Concrete Maddy,directory,https://www.yellowpages.com/des-moines-ia/,Yellow Pages Des Moines trade listings,2026-10-01
Concrete Technologies Inc,directory,https://www.yellowpages.com/des-moines-ia/,Yellow Pages Des Moines trade listings,2026-10-01
Voss Concrete,directory,https://www.yellowpages.com/des-moines-ia/,Yellow Pages Des Moines trade listings,2026-10-01
Iowa Plumbing,directory,https://www.yellowpages.com/des-moines-ia/,Yellow Pages Des Moines trade listings,2026-10-01
Concrete Company,directory,https://www.yellowpages.com/des-moines-ia/,Yellow Pages Des Moines trade listings,2026-10-01
Patriot Concrete Inc,directory,https://www.yellowpages.com/des-moines-ia/,Yellow Pages Des Moines trade listings,2026-10-01
Modern Concrete Inc,directory,https://www.yellowpages.com/des-moines-ia/,Yellow Pages Des Moines trade listings,2026-10-01
All Pro Concrete,directory,https://www.yellowpages.com/des-moines-ia/,Yellow Pages Des Moines trade listings,2026-10-01
All Pro Concrete,directory,https://www.yellowpages.com/des-moines-ia/,Yellow Pages Des Moines trade listings,2026-10-01
Kens Concrete Services Inc,directory,https://www.yellowpages.com/des-moines-ia/,Yellow Pages Des Moines trade listings,2026-10-01
JT Concrete Inc,directory,https://www.yellowpages.com/des-moines-ia/,Yellow Pages Des Moines trade listings,2026-10-01
Dick's Concrete Co,directory,https://www.yellowpages.com/des-moines-ia/,Yellow Pages Des Moines trade listings,2026-10-01
Iverson Construction Inc,directory,https://www.yellowpages.com/des-moines-ia/,Yellow Pages Des Moines trade listings,2026-10-01
W W Concrete Inc,directory,https://www.yellowpages.com/des-moines-ia/,Yellow Pages Des Moines trade listings,2026-10-01
Jt Concrete Inc,directory,https://www.yellowpages.com/des-moines-ia/,Yellow Pages Des Moines trade listings,2026-10-01
Concrete Technologies Inc,directory,https://www.yellowpages.com/des-moines-ia/,Yellow Pages Des Moines trade listings,2026-10-01
Concrete Co,directory,https://www.yellowpages.com/des-moines-ia/,Yellow Pages Des Moines trade listings,2026-10-01
Concrete Unlimited,directory,https://www.yellowpages.com/des-moines-ia/,Yellow Pages Des Moines trade listings,2026-10-01
Iowa Concrete & More LLC,directory,https://www.yellowpages.com/des-moines-ia/,Yellow Pages Des Moines trade listings,2026-10-01
A1 Concrete Leveling-Des MNS,directory,https://www.yellowpages.com/des-moines-ia/,Yellow Pages Des Moines trade listings,2026-10-01
CMC Solutions,directory,https://www.yellowpages.com/des-moines-ia/,Yellow Pages Des Moines trade listings,2026-10-01
Plumb Supply Company,directory,https://www.yellowpages.com/des-moines-ia/,Yellow Pages Des Moines trade listings,2026-10-01
Builders FirstSource,directory,https://www.yellowpages.com/des-moines-ia/,Yellow Pages Des Moines trade listings,2026-10-01
A1 Cabinet & Granite,directory,https://www.yellowpages.com/des-moines-ia/,Yellow Pages Des Moines trade listings,2026-10-01
Countertops BY Willett,directory,https://www.yellowpages.com/des-moines-ia/,Yellow Pages Des Moines trade listings,2026-10-01
Rowat Cut Stone & Marble Co.,directory,https://www.yellowpages.com/des-moines-ia/,Yellow Pages Des Moines trade listings,2026-10-01
Jon Top,directory,https://www.yellowpages.com/des-moines-ia/,Yellow Pages Des Moines trade listings,2026-10-01
Capstone Granite Designs,directory,https://www.yellowpages.com/des-moines-ia/,Yellow Pages Des Moines trade listings,2026-10-01
Stone Age Granite,directory,https://www.yellowpages.com/des-moines-ia/,Yellow Pages Des Moines trade listings,2026-10-01
Alexander & Associates,directory,https://www.yellowpages.com/des-moines-ia/,Yellow Pages Des Moines trade listings,2026-10-01
Granitewerks of Iowa,directory,https://www.yellowpages.com/des-moines-ia/,Yellow Pages Des Moines trade listings,2026-10-01
Oharco Distributors Des Moines,directory,https://www.yellowpages.com/des-moines-ia/,Yellow Pages Des Moines trade listings,2026-10-01
Granite Castle,directory,https://www.yellowpages.com/des-moines-ia/,Yellow Pages Des Moines trade listings,2026-10-01
Tops Plus,directory,https://www.yellowpages.com/des-moines-ia/,Yellow Pages Des Moines trade listings,2026-10-01
Kitchen & Bath Ideas Iowa,directory,https://www.yellowpages.com/des-moines-ia/,Yellow Pages Des Moines trade listings,2026-10-01
"Express ""Sink"" Plumbing co.",directory,https://www.yellowpages.com/des-moines-ia/,Yellow Pages Des Moines trade listings,2026-10-01
Miracle Method Surface Restoration,directory,https://www.yellowpages.com/des-moines-ia/,Yellow Pages Des Moines trade listings,2026-10-01
Lifestyle Flooring Inc.,directory,https://www.yellowpages.com/des-moines-ia/,Yellow Pages Des Moines trade listings,2026-10-01
Granite Transformations,directory,https://www.yellowpages.com/des-moines-ia/,Yellow Pages Des Moines trade listings,2026-10-01
FOX COUNTERTOPS INC,directory,https://www.yellowpages.com/des-moines-ia/,Yellow Pages Des Moines trade listings,2026-10-01
Smooth Surfaces Custom Countertops,directory,https://www.yellowpages.com/des-moines-ia/,Yellow Pages Des Moines trade listings,2026-10-01
Renaissance Marble & Tile,directory,https://www.yellowpages.com/des-moines-ia/,Yellow Pages Des Moines trade listings,2026-10-01
BCS Granite,directory,https://www.yellowpages.com/des-moines-ia/,Yellow Pages Des Moines trade listings,2026-10-01
Royal Flooring,directory,https://www.yellowpages.com/des-moines-ia/,Yellow Pages Des Moines trade listings,2026-10-01
Woodharbor Kitchen & Bath,directory,https://www.yellowpages.com/des-moines-ia/,Yellow Pages Des Moines trade listings,2026-10-01
Midwest Tile Marble & Granite,directory,https://www.yellowpages.com/des-moines-ia/,Yellow Pages Des Moines trade listings,2026-10-01
Ckf,directory,https://www.yellowpages.com/des-moines-ia/,Yellow Pages Des Moines trade listings,2026-10-01
Stone Shop,directory,https://www.yellowpages.com/des-moines-ia/,Yellow Pages Des Moines trade listings,2026-10-01
Stonehouse Kitchens & Granite,directory,https://www.yellowpages.com/des-moines-ia/,Yellow Pages Des Moines trade listings,2026-10-01
Plumb Supply Company,directory,https://www.yellowpages.com/des-moines-ia/,Yellow Pages Des Moines trade listings,2026-10-01
Plumb Supply Kitchens & Baths,directory,https://www.yellowpages.com/des-moines-ia/,Yellow Pages Des Moines trade listings,2026-10-01
Smooth Surfaces,directory,https://www.yellowpages.com/des-moines-ia/,Yellow Pages Des Moines trade listings,2026-10-01
Tops Unlimited,directory,https://www.yellowpages.com/des-moines-ia/,Yellow Pages Des Moines trade listings,2026-10-01
Iowa Countertops,directory,https://www.yellowpages.com/des-moines-ia/,Yellow Pages Des Moines trade listings,2026-10-01
Midwest Counter Tops Inc,directory,https://www.yellowpages.com/des-moines-ia/,Yellow Pages Des Moines trade listings,2026-10-01
Kamen Granite & Marble Tops,directory,https://www.yellowpages.com/des-moines-ia/,Yellow Pages Des Moines trade listings,2026-10-01
Plumb Supply Company,directory,https://www.yellowpages.com/des-moines-ia/,Yellow Pages Des Moines trade listings,2026-10-01
Plumb Supply Kitchens & Baths,directory,https://www.yellowpages.com/des-moines-ia/,Yellow Pages Des Moines trade listings,2026-10-01
Paramount Kitchen & Bath,directory,https://www.yellowpages.com/des-moines-ia/,Yellow Pages Des Moines trade listings,2026-10-01
Cabinets by Design LLC,directory,https://www.yellowpages.com/des-moines-ia/,Yellow Pages Des Moines trade listings,2026-10-01
Kitchen & Bath Company,directory,https://www.yellowpages.com/des-moines-ia/,Yellow Pages Des Moines trade listings,2026-10-01
Bertini Marble & Tile,directory,https://www.yellowpages.com/des-moines-ia/,Yellow Pages Des Moines trade listings,2026-10-01
Quality Marble & Tile Corp,directory,https://www.yellowpages.com/des-moines-ia/,Yellow Pages Des Moines trade listings,2026-10-01
Iowa Surface Restore,directory,https://www.yellowpages.com/des-moines-ia/,Yellow Pages Des Moines trade listings,2026-10-01
Marble Works,directory,https://www.yellowpages.com/des-moines-ia/,Yellow Pages Des Moines trade listings,2026-10-01
Iron Men Construction,directory,https://www.yellowpages.com/des-moines-ia/,Yellow Pages Des Moines trade listings,2026-10-01
SRP - Summerset Resurfacing Professionals LLC,directory,https://www.yellowpages.com/des-moines-ia/,Yellow Pages Des Moines trade listings,2026-10-01
Aspen Equipment,directory,https://www.yellowpages.com/des-moines-ia/,Yellow Pages Des Moines trade listings,2026-10-01
Premier A&B Services,directory,https://www.yellowpages.com/des-moines-ia/,Yellow Pages Des Moines trade listings,2026-10-01
Champion Crane Svc Inc,directory,https://www.yellowpages.com/des-moines-ia/,Yellow Pages Des Moines trade listings,2026-10-01
Crane Sales & Service,directory,https://www.yellowpages.com/des-moines-ia/,Yellow Pages Des Moines trade listings,2026-10-01
Carlson Crane Co Inc,directory,https://www.yellowpages.com/des-moines-ia/,Yellow Pages Des Moines trade listings,2026-10-01
Barnhart Crane & Rigging Co,directory,https://www.yellowpages.com/des-moines-ia/,Yellow Pages Des Moines trade listings,2026-10-01
Barnhart Crane & Rigging Co,directory,https://www.yellowpages.com/des-moines-ia/,Yellow Pages Des Moines trade listings,2026-10-01
McDonald's Tree & Lawn Service,directory,https://www.yellowpages.com/des-moines-ia/,Yellow Pages Des Moines trade listings,2026-10-01
Dallas W Six Crane Service,directory,https://www.yellowpages.com/des-moines-ia/,Yellow Pages Des Moines trade listings,2026-10-01
Townsend Crane Service,directory,https://www.yellowpages.com/des-moines-ia/,Yellow Pages Des Moines trade listings,2026-10-01
Kendra's Remediation,directory,https://www.yellowpages.com/des-moines-ia/,Yellow Pages Des Moines trade listings,2026-10-01
Iowa Demolition Inc.,directory,https://www.yellowpages.com/des-moines-ia/,Yellow Pages Des Moines trade listings,2026-10-01
Blue Sky Cleaning and Demolition Services,directory,https://www.yellowpages.com/des-moines-ia/,Yellow Pages Des Moines trade listings,2026-10-01
Diverse Construction,directory,https://www.yellowpages.com/des-moines-ia/,Yellow Pages Des Moines trade listings,2026-10-01
Precon Demolition,directory,https://www.yellowpages.com/des-moines-ia/,Yellow Pages Des Moines trade listings,2026-10-01
Des Moines Junk,directory,https://www.yellowpages.com/des-moines-ia/,Yellow Pages Des Moines trade listings,2026-10-01
"Wiederien Company, LLC",directory,https://www.yellowpages.com/des-moines-ia/,Yellow Pages Des Moines trade listings,2026-10-01
Central Iowa Pool & Spa,directory,https://www.yellowpages.com/des-moines-ia/,Yellow Pages Des Moines trade listings,2026-10-01
"Custis Contracting Services, LLC",directory,https://www.yellowpages.com/des-moines-ia/,Yellow Pages Des Moines trade listings,2026-10-01
"Land Alterations & Construction Services, LLC",directory,https://www.yellowpages.com/des-moines-ia/,Yellow Pages Des Moines trade listings,2026-10-01
Esa Inc,directory,https://www.yellowpages.com/des-moines-ia/,Yellow Pages Des Moines trade listings,2026-10-01
Iowa Demolition,directory,https://www.yellowpages.com/des-moines-ia/,Yellow Pages Des Moines trade listings,2026-10-01
Dawson Land Improvements,directory,https://www.yellowpages.com/des-moines-ia/,Yellow Pages Des Moines trade listings,2026-10-01
Concrete PRF,directory,https://www.yellowpages.com/des-moines-ia/,Yellow Pages Des Moines trade listings,2026-10-01
Contractors Group Inc,directory,https://www.yellowpages.com/des-moines-ia/,Yellow Pages Des Moines trade listings,2026-10-01
Discount Dumpsters,directory,https://www.yellowpages.com/des-moines-ia/,Yellow Pages Des Moines trade listings,2026-10-01
Kaveman Hauling Llc,directory,https://www.yellowpages.com/des-moines-ia/,Yellow Pages Des Moines trade listings,2026-10-01
Henriksen Contracting,directory,https://www.yellowpages.com/des-moines-ia/,Yellow Pages Des Moines trade listings,2026-10-01
Growth Construction,directory,https://www.yellowpages.com/des-moines-ia/,Yellow Pages Des Moines trade listings,2026-10-01
Echolutionary Construction,directory,https://www.yellowpages.com/des-moines-ia/,Yellow Pages Des Moines trade listings,2026-10-01
Weinberg Excavation & Demolition,directory,https://www.yellowpages.com/des-moines-ia/,Yellow Pages Des Moines trade listings,2026-10-01
Kelly Cortum,directory,https://www.yellowpages.com/des-moines-ia/,Yellow Pages Des Moines trade listings,2026-10-01
KRK Property Management,directory,https://www.yellowpages.com/des-moines-ia/,Yellow Pages Des Moines trade listings,2026-10-01
Rhinehart Farms Inc,directory,https://www.yellowpages.com/des-moines-ia/,Yellow Pages Des Moines trade listings,2026-10-01
"RW Excavating Solutions, L.C.",directory,https://www.yellowpages.com/des-moines-ia/,Yellow Pages Des Moines trade listings,2026-10-01
Top Gun Contractors of Grimes,directory,https://www.yellowpages.com/des-moines-ia/,Yellow Pages Des Moines trade listings,2026-10-01
Top Gun Contractors of Grimes,directory,https://www.yellowpages.com/des-moines-ia/,Yellow Pages Des Moines trade listings,2026-10-01
Olympic Companies Inc,directory,https://www.yellowpages.com/des-moines-ia/,Yellow Pages Des Moines trade listings,2026-10-01
LNA Drywall & Finishing,directory,https://www.yellowpages.com/des-moines-ia/,Yellow Pages Des Moines trade listings,2026-10-01
Ace Drywall Finishing,directory,https://www.yellowpages.com/des-moines-ia/,Yellow Pages Des Moines trade listings,2026-10-01
Des Moines Drywall,directory,https://www.yellowpages.com/des-moines-ia/,Yellow Pages Des Moines trade listings,2026-10-01
Alvarez Drywall,directory,https://www.yellowpages.com/des-moines-ia/,Yellow Pages Des Moines trade listings,2026-10-01
Reliable Remodeling,directory,https://www.yellowpages.com/des-moines-ia/,Yellow Pages Des Moines trade listings,2026-10-01
Stevens Paul E Drywall,directory,https://www.yellowpages.com/des-moines-ia/,Yellow Pages Des Moines trade listings,2026-10-01
Fitzgerald Painting Company,directory,https://www.yellowpages.com/des-moines-ia/,Yellow Pages Des Moines trade listings,2026-10-01
"Action Roofing & Construction, Inc.",directory,https://www.yellowpages.com/des-moines-ia/,Yellow Pages Des Moines trade listings,2026-10-01
Rohan Drywall,directory,https://www.yellowpages.com/des-moines-ia/,Yellow Pages Des Moines trade listings,2026-10-01
All Around Drywall Plaster Repair,directory,https://www.yellowpages.com/des-moines-ia/,Yellow Pages Des Moines trade listings,2026-10-01
Favela Drywall,directory,https://www.yellowpages.com/des-moines-ia/,Yellow Pages Des Moines trade listings,2026-10-01
The Finished Edge,directory,https://www.yellowpages.com/des-moines-ia/,Yellow Pages Des Moines trade listings,2026-10-01
Tj Miller Drywall,directory,https://www.yellowpages.com/des-moines-ia/,Yellow Pages Des Moines trade listings,2026-10-01
Exactly Construction LLC.,directory,https://www.yellowpages.com/des-moines-ia/,Yellow Pages Des Moines trade listings,2026-10-01
Rock-N-Trowel,directory,https://www.yellowpages.com/des-moines-ia/,Yellow Pages Des Moines trade listings,2026-10-01
Camacho's Construction LLC,directory,https://www.yellowpages.com/des-moines-ia/,Yellow Pages Des Moines trade listings,2026-10-01
Unique Drywall Finishing,directory,https://www.yellowpages.com/des-moines-ia/,Yellow Pages Des Moines trade listings,2026-10-01
Scotty's Drywall Services,directory,https://www.yellowpages.com/des-moines-ia/,Yellow Pages Des Moines trade listings,2026-10-01
R D Enterprises,directory,https://www.yellowpages.com/des-moines-ia/,Yellow Pages Des Moines trade listings,2026-10-01
Allied Construction Services Inc.,directory,https://www.yellowpages.com/des-moines-ia/,Yellow Pages Des Moines trade listings,2026-10-01
Heideman Drywall Inc,directory,https://www.yellowpages.com/des-moines-ia/,Yellow Pages Des Moines trade listings,2026-10-01
Dickman Supply & Insulation,directory,https://www.yellowpages.com/des-moines-ia/,Yellow Pages Des Moines trade listings,2026-10-01
Mom's Construction,directory,https://www.yellowpages.com/des-moines-ia/,Yellow Pages Des Moines trade listings,2026-10-01
The Finished Edge LLC,directory,https://www.yellowpages.com/des-moines-ia/,Yellow Pages Des Moines trade listings,2026-10-01
RJ Construction Services,directory,https://www.yellowpages.com/des-moines-ia/,Yellow Pages Des Moines trade listings,2026-10-01
FINAL TOUCH HANDYMAN,directory,https://www.yellowpages.com/des-moines-ia/,Yellow Pages Des Moines trade listings,2026-10-01
Engineered Thermal Insulation Inc,directory,https://www.yellowpages.com/des-moines-ia/,Yellow Pages Des Moines trade listings,2026-10-01
Accurate Drywall & Painting,directory,https://www.yellowpages.com/des-moines-ia/,Yellow Pages Des Moines trade listings,2026-10-01
Top Gun Contractors of Grimes,directory,https://www.yellowpages.com/des-moines-ia/,Yellow Pages Des Moines trade listings,2026-10-01
Tom Gates Construction,directory,https://www.yellowpages.com/des-moines-ia/,Yellow Pages Des Moines trade listings,2026-10-01
HARTLINE PAINTING LLC,directory,https://www.yellowpages.com/des-moines-ia/,Yellow Pages Des Moines trade listings,2026-10-01
Ebert Painting,directory,https://www.yellowpages.com/des-moines-ia/,Yellow Pages Des Moines trade listings,2026-10-01
B R Construction,directory,https://www.yellowpages.com/des-moines-ia/,Yellow Pages Des Moines trade listings,2026-10-01
Lumbermans Wholesale,directory,https://www.yellowpages.com/des-moines-ia/,Yellow Pages Des Moines trade listings,2026-10-01
Kc Paint IT All,directory,https://www.yellowpages.com/des-moines-ia/,Yellow Pages Des Moines trade listings,2026-10-01
Hernandez Home Improvement,directory,https://www.yellowpages.com/des-moines-ia/,Yellow Pages Des Moines trade listings,2026-10-01
2 H Techniques,directory,https://www.yellowpages.com/des-moines-ia/,Yellow Pages Des Moines trade listings,2026-10-01
Taylor Builders,directory,https://www.yellowpages.com/des-moines-ia/,Yellow Pages Des Moines trade listings,2026-10-01
"Integrity Painting & Finishing, LLC",directory,https://www.yellowpages.com/des-moines-ia/,Yellow Pages Des Moines trade listings,2026-10-01
Total Drywall,directory,https://www.yellowpages.com/des-moines-ia/,Yellow Pages Des Moines trade listings,2026-10-01
O'Leary Enterprises L.L.C.,directory,https://www.yellowpages.com/des-moines-ia/,Yellow Pages Des Moines trade listings,2026-10-01
Golden Touch Painters,directory,https://www.yellowpages.com/des-moines-ia/,Yellow Pages Des Moines trade listings,2026-10-01
Kelley Drywall,directory,https://www.yellowpages.com/des-moines-ia/,Yellow Pages Des Moines trade listings,2026-10-01
G & G Drywall,directory,https://www.yellowpages.com/des-moines-ia/,Yellow Pages Des Moines trade listings,2026-10-01
Martinez Family Drywall,directory,https://www.yellowpages.com/des-moines-ia/,Yellow Pages Des Moines trade listings,2026-10-01
Fbm Gypsum Supply Co,directory,https://www.yellowpages.com/des-moines-ia/,Yellow Pages Des Moines trade listings,2026-10-01
Tj Miller Drywall,directory,https://www.yellowpages.com/des-moines-ia/,Yellow Pages Des Moines trade listings,2026-10-01
"Radiant Wall Designs, Inc",directory,https://www.yellowpages.com/des-moines-ia/,Yellow Pages Des Moines trade listings,2026-10-01
Rinard Drywall,directory,https://www.yellowpages.com/des-moines-ia/,Yellow Pages Des Moines trade listings,2026-10-01
Griess & Ginder DRY Wall Inc,directory,https://www.yellowpages.com/des-moines-ia/,Yellow Pages Des Moines trade listings,2026-10-01
Pyramid Wall Systems,directory,https://www.yellowpages.com/des-moines-ia/,Yellow Pages Des Moines trade listings,2026-10-01
Hilsabeck Schacht,directory,https://www.yellowpages.com/des-moines-ia/,Yellow Pages Des Moines trade listings,2026-10-01
Aws,directory,https://www.yellowpages.com/des-moines-ia/,Yellow Pages Des Moines trade listings,2026-10-01
Kobalt Construction,directory,https://www.yellowpages.com/des-moines-ia/,Yellow Pages Des Moines trade listings,2026-10-01
Camacho's Construction LLC Ankeny IA,directory,https://www.yellowpages.com/des-moines-ia/,Yellow Pages Des Moines trade listings,2026-10-01
CertaPro Painters of Des Moines,directory,https://www.yellowpages.com/des-moines-ia/,Yellow Pages Des Moines trade listings,2026-10-01
L&S Professional Painting Services,directory,https://www.yellowpages.com/des-moines-ia/,Yellow Pages Des Moines trade listings,2026-10-01
Contractors Group Inc,directory,https://www.yellowpages.com/des-moines-ia/,Yellow Pages Des Moines trade listings,2026-10-01
Gypsum Supply Co,directory,https://www.yellowpages.com/des-moines-ia/,Yellow Pages Des Moines trade listings,2026-10-01
Michael Contracting Services LLC.,directory,https://www.yellowpages.com/des-moines-ia/,Yellow Pages Des Moines trade listings,2026-10-01
Pic Inc,directory,https://www.yellowpages.com/des-moines-ia/,Yellow Pages Des Moines trade listings,2026-10-01
Growth Construction,directory,https://www.yellowpages.com/des-moines-ia/,Yellow Pages Des Moines trade listings,2026-10-01
Castle Pointe Homes,directory,https://www.yellowpages.com/des-moines-ia/,Yellow Pages Des Moines trade listings,2026-10-01
Net Eagle Finishes,directory,https://www.yellowpages.com/des-moines-ia/,Yellow Pages Des Moines trade listings,2026-10-01
1st Interiors Inc,directory,https://www.yellowpages.com/des-moines-ia/,Yellow Pages Des Moines trade listings,2026-10-01
J.O Drywall,directory,https://www.yellowpages.com/des-moines-ia/,Yellow Pages Des Moines trade listings,2026-10-01
C. C. Stucco,directory,https://www.yellowpages.com/des-moines-ia/,Yellow Pages Des Moines trade listings,2026-10-01
"Drywall Repair Service, LLC",directory,https://www.yellowpages.com/des-moines-ia/,Yellow Pages Des Moines trade listings,2026-10-01
Sun Ray Pro Drywall Service,directory,https://www.yellowpages.com/des-moines-ia/,Yellow Pages Des Moines trade listings,2026-10-01
Ray's Drywall,directory,https://www.yellowpages.com/des-moines-ia/,Yellow Pages Des Moines trade listings,2026-10-01
Double L Drywall,directory,https://www.yellowpages.com/des-moines-ia/,Yellow Pages Des Moines trade listings,2026-10-01
Pat Meyer Construction,directory,https://www.yellowpages.com/des-moines-ia/,Yellow Pages Des Moines trade listings,2026-10-01
A & J Dry Wall Inc,directory,https://www.yellowpages.com/des-moines-ia/,Yellow Pages Des Moines trade listings,2026-10-01
Sunray Construction,directory,https://www.yellowpages.com/des-moines-ia/,Yellow Pages Des Moines trade listings,2026-10-01
Brothers Insulation Foam & Drywall,directory,https://www.yellowpages.com/des-moines-ia/,Yellow Pages Des Moines trade listings,2026-10-01
J Pettiecord Inc,directory,https://www.yellowpages.com/des-moines-ia/,Yellow Pages Des Moines trade listings,2026-10-01
Trucking Bullseye,directory,https://www.yellowpages.com/des-moines-ia/,Yellow Pages Des Moines trade listings,2026-10-01
Sarah & Andrew Trucking Inc,directory,https://www.yellowpages.com/des-moines-ia/,Yellow Pages Des Moines trade listings,2026-10-01
Tucker Trucking,directory,https://www.yellowpages.com/des-moines-ia/,Yellow Pages Des Moines trade listings,2026-10-01
JMT Trucking,directory,https://www.yellowpages.com/des-moines-ia/,Yellow Pages Des Moines trade listings,2026-10-01
Central Express Inc,directory,https://www.yellowpages.com/des-moines-ia/,Yellow Pages Des Moines trade listings,2026-10-01
Maxim Trucking & Materials Inc.,directory,https://www.yellowpages.com/des-moines-ia/,Yellow Pages Des Moines trade listings,2026-10-01
Denver Findley & Son,directory,https://www.yellowpages.com/des-moines-ia/,Yellow Pages Des Moines trade listings,2026-10-01
Keystone Trucking,directory,https://www.yellowpages.com/des-moines-ia/,Yellow Pages Des Moines trade listings,2026-10-01
Fleck Larry & Son Trucking,directory,https://www.yellowpages.com/des-moines-ia/,Yellow Pages Des Moines trade listings,2026-10-01
Miller Trucking,directory,https://www.yellowpages.com/des-moines-ia/,Yellow Pages Des Moines trade listings,2026-10-01
Seward Rick Trucking,directory,https://www.yellowpages.com/des-moines-ia/,Yellow Pages Des Moines trade listings,2026-10-01
Ed Brose Trucking,directory,https://www.yellowpages.com/des-moines-ia/,Yellow Pages Des Moines trade listings,2026-10-01
"Parkins Rusty Enterprises, Inc.",directory,https://www.yellowpages.com/des-moines-ia/,Yellow Pages Des Moines trade listings,2026-10-01
Rusty Parkins Enterprises,directory,https://www.yellowpages.com/des-moines-ia/,Yellow Pages Des Moines trade listings,2026-10-01
Rhodes Trucking Inc,directory,https://www.yellowpages.com/des-moines-ia/,Yellow Pages Des Moines trade listings,2026-10-01
Walker Trucking,directory,https://www.yellowpages.com/des-moines-ia/,Yellow Pages Des Moines trade listings,2026-10-01
Associated Grading & Excavating,directory,https://www.yellowpages.com/des-moines-ia/,Yellow Pages Des Moines trade listings,2026-10-01
Rhinehart Farms Inc,directory,https://www.yellowpages.com/des-moines-ia/,Yellow Pages Des Moines trade listings,2026-10-01
Mahon Trucking,directory,https://www.yellowpages.com/des-moines-ia/,Yellow Pages Des Moines trade listings,2026-10-01
Nelson Electric Company,directory,https://www.yellowpages.com/des-moines-ia/,Yellow Pages Des Moines trade listings,2026-10-01
Air-Con Mechanical Corp,directory,https://www.yellowpages.com/des-moines-ia/,Yellow Pages Des Moines trade listings,2026-10-01
Ball Electric Inc.,directory,https://www.yellowpages.com/des-moines-ia/,Yellow Pages Des Moines trade listings,2026-10-01
Baker Electric Inc,directory,https://www.yellowpages.com/des-moines-ia/,Yellow Pages Des Moines trade listings,2026-10-01
XStream Electric LLC,directory,https://www.yellowpages.com/des-moines-ia/,Yellow Pages Des Moines trade listings,2026-10-01
Action Electric,directory,https://www.yellowpages.com/des-moines-ia/,Yellow Pages Des Moines trade listings,2026-10-01
Air-Con Mechanical Corp,directory,https://www.yellowpages.com/des-moines-ia/,Yellow Pages Des Moines trade listings,2026-10-01
Action Electric,directory,https://www.yellowpages.com/des-moines-ia/,Yellow Pages Des Moines trade listings,2026-10-01
Baker Electric Inc,directory,https://www.yellowpages.com/des-moines-ia/,Yellow Pages Des Moines trade listings,2026-10-01
Ball Electric Inc.,directory,https://www.yellowpages.com/des-moines-ia/,Yellow Pages Des Moines trade listings,2026-10-01
XStream Electric LLC,directory,https://www.yellowpages.com/des-moines-ia/,Yellow Pages Des Moines trade listings,2026-10-01
Nelson Electric Company,directory,https://www.yellowpages.com/des-moines-ia/,Yellow Pages Des Moines trade listings,2026-10-01
Premier Electric of Iowa LLC,directory,https://www.yellowpages.com/des-moines-ia/,Yellow Pages Des Moines trade listings,2026-10-01
Advantage Electric,directory,https://www.yellowpages.com/des-moines-ia/,Yellow Pages Des Moines trade listings,2026-10-01
Par Electrical Contractors Inc,directory,https://www.yellowpages.com/des-moines-ia/,Yellow Pages Des Moines trade listings,2026-10-01
Extreme Electric,directory,https://www.yellowpages.com/des-moines-ia/,Yellow Pages Des Moines trade listings,2026-10-01
Burns Electric,directory,https://www.yellowpages.com/des-moines-ia/,Yellow Pages Des Moines trade listings,2026-10-01
Commonwealth Electric Company of the Midwest,directory,https://www.yellowpages.com/des-moines-ia/,Yellow Pages Des Moines trade listings,2026-10-01
Knight Electric,directory,https://www.yellowpages.com/des-moines-ia/,Yellow Pages Des Moines trade listings,2026-10-01
RTC Electrical Service,directory,https://www.yellowpages.com/des-moines-ia/,Yellow Pages Des Moines trade listings,2026-10-01
Neuwerth Electric Inc,directory,https://www.yellowpages.com/des-moines-ia/,Yellow Pages Des Moines trade listings,2026-10-01
"A-Wye Electric, Inc.",directory,https://www.yellowpages.com/des-moines-ia/,Yellow Pages Des Moines trade listings,2026-10-01
Robison Electric LLC,directory,https://www.yellowpages.com/des-moines-ia/,Yellow Pages Des Moines trade listings,2026-10-01
Burkhead Electric,directory,https://www.yellowpages.com/des-moines-ia/,Yellow Pages Des Moines trade listings,2026-10-01
"Lazer Home Services Plumbing, HVAC, & Electrical",directory,https://www.yellowpages.com/des-moines-ia/,Yellow Pages Des Moines trade listings,2026-10-01
MidAmerican Energy Company,directory,https://www.yellowpages.com/des-moines-ia/,Yellow Pages Des Moines trade listings,2026-10-01
GW Electric,directory,https://www.yellowpages.com/des-moines-ia/,Yellow Pages Des Moines trade listings,2026-10-01
A-1 Electric,directory,https://www.yellowpages.com/des-moines-ia/,Yellow Pages Des Moines trade listings,2026-10-01
ABC - Electrical Services,directory,https://www.yellowpages.com/des-moines-ia/,Yellow Pages Des Moines trade listings,2026-10-01
"Dalton Plumbing, Heating, Cooling, Electric and Fireplaces, Inc.",directory,https://www.yellowpages.com/des-moines-ia/,Yellow Pages Des Moines trade listings,2026-10-01
Rewired Iowa Electrician Des Moines,directory,https://www.yellowpages.com/des-moines-ia/,Yellow Pages Des Moines trade listings,2026-10-01
Stroh Corporation,directory,https://www.yellowpages.com/des-moines-ia/,Yellow Pages Des Moines trade listings,2026-10-01
The Waldinger Corporation,directory,https://www.yellowpages.com/des-moines-ia/,Yellow Pages Des Moines trade listings,2026-10-01
CRS Electrical,directory,https://www.yellowpages.com/des-moines-ia/,Yellow Pages Des Moines trade listings,2026-10-01
Midamerican Energy Company,directory,https://www.yellowpages.com/des-moines-ia/,Yellow Pages Des Moines trade listings,2026-10-01
MidAmerican Energy Company,directory,https://www.yellowpages.com/des-moines-ia/,Yellow Pages Des Moines trade listings,2026-10-01
Air-Con Mechanical Corp,directory,https://www.yellowpages.com/des-moines-ia/,Yellow Pages Des Moines trade listings,2026-10-01
Ball Electric Inc.,directory,https://www.yellowpages.com/des-moines-ia/,Yellow Pages Des Moines trade listings,2026-10-01
Baker Electric Inc,directory,https://www.yellowpages.com/des-moines-ia/,Yellow Pages Des Moines trade listings,2026-10-01
Nelson Electric Company,directory,https://www.yellowpages.com/des-moines-ia/,Yellow Pages Des Moines trade listings,2026-10-01
XStream Electric LLC,directory,https://www.yellowpages.com/des-moines-ia/,Yellow Pages Des Moines trade listings,2026-10-01
Action Electric,directory,https://www.yellowpages.com/des-moines-ia/,Yellow Pages Des Moines trade listings,2026-10-01
Premier Electric of Iowa LLC,directory,https://www.yellowpages.com/des-moines-ia/,Yellow Pages Des Moines trade listings,2026-10-01
Central Iowa Binding Corporation,directory,https://www.yellowpages.com/des-moines-ia/,Yellow Pages Des Moines trade listings,2026-10-01
Electricians Des Moines IA,directory,https://www.yellowpages.com/des-moines-ia/,Yellow Pages Des Moines trade listings,2026-10-01
Jmj Wiring,directory,https://www.yellowpages.com/des-moines-ia/,Yellow Pages Des Moines trade listings,2026-10-01
Custom Electrical Services,directory,https://www.yellowpages.com/des-moines-ia/,Yellow Pages Des Moines trade listings,2026-10-01
Electric Pump,directory,https://www.yellowpages.com/des-moines-ia/,Yellow Pages Des Moines trade listings,2026-10-01
Biermann Electric Co Inc,directory,https://www.yellowpages.com/des-moines-ia/,Yellow Pages Des Moines trade listings,2026-10-01
Iowa Sevice Electricians,directory,https://www.yellowpages.com/des-moines-ia/,Yellow Pages Des Moines trade listings,2026-10-01
Tri-City Electric Co.,directory,https://www.yellowpages.com/des-moines-ia/,Yellow Pages Des Moines trade listings,2026-10-01
Electrical Installations of IA,directory,https://www.yellowpages.com/des-moines-ia/,Yellow Pages Des Moines trade listings,2026-10-01
Top Flight Electric,directory,https://www.yellowpages.com/des-moines-ia/,Yellow Pages Des Moines trade listings,2026-10-01
Price Industrial Electric,directory,https://www.yellowpages.com/des-moines-ia/,Yellow Pages Des Moines trade listings,2026-10-01
Delgado Electrical SVC,directory,https://www.yellowpages.com/des-moines-ia/,Yellow Pages Des Moines trade listings,2026-10-01
Lazer Electric and Plumbing,directory,https://www.yellowpages.com/des-moines-ia/,Yellow Pages Des Moines trade listings,2026-10-01
Residential Electrician Des Moines IA,directory,https://www.yellowpages.com/des-moines-ia/,Yellow Pages Des Moines trade listings,2026-10-01
ABC Electrical Services,directory,https://www.yellowpages.com/des-moines-ia/,Yellow Pages Des Moines trade listings,2026-10-01
integra electric solutions,directory,https://www.yellowpages.com/des-moines-ia/,Yellow Pages Des Moines trade listings,2026-10-01
Keystone Electrical Manufacturing Co,directory,https://www.yellowpages.com/des-moines-ia/,Yellow Pages Des Moines trade listings,2026-10-01
Lazer Electric and Plumbing,directory,https://www.yellowpages.com/des-moines-ia/,Yellow Pages Des Moines trade listings,2026-10-01
Modern Electrical Service,directory,https://www.yellowpages.com/des-moines-ia/,Yellow Pages Des Moines trade listings,2026-10-01
Patterson Electric Company LLC.,directory,https://www.yellowpages.com/des-moines-ia/,Yellow Pages Des Moines trade listings,2026-10-01
Kline Electric,directory,https://www.yellowpages.com/des-moines-ia/,Yellow Pages Des Moines trade listings,2026-10-01
Seneca Companies,directory,https://www.yellowpages.com/des-moines-ia/,Yellow Pages Des Moines trade listings,2026-10-01
Julios Web,directory,https://www.yellowpages.com/des-moines-ia/,Yellow Pages Des Moines trade listings,2026-10-01
Burns Electric,directory,https://www.yellowpages.com/des-moines-ia/,Yellow Pages Des Moines trade listings,2026-10-01
Mr. Electric,directory,https://www.yellowpages.com/des-moines-ia/,Yellow Pages Des Moines trade listings,2026-10-01
Glass & Sons Electric Inc,directory,https://www.yellowpages.com/des-moines-ia/,Yellow Pages Des Moines trade listings,2026-10-01
Sun Electric Corp,directory,https://www.yellowpages.com/des-moines-ia/,Yellow Pages Des Moines trade listings,2026-10-01
"BEST Heating, Cooling & Electric, Inc.",directory,https://www.yellowpages.com/des-moines-ia/,Yellow Pages Des Moines trade listings,2026-10-01
The Euclid Flea Market,directory,https://www.yellowpages.com/des-moines-ia/,Yellow Pages Des Moines trade listings,2026-10-01
Project Solutions,directory,https://www.yellowpages.com/des-moines-ia/,Yellow Pages Des Moines trade listings,2026-10-01
Echolutionary Construction,directory,https://www.yellowpages.com/des-moines-ia/,Yellow Pages Des Moines trade listings,2026-10-01
Keystone Electrical Manufacturing Co,directory,https://www.yellowpages.com/des-moines-ia/,Yellow Pages Des Moines trade listings,2026-10-01
Home Services at The Home Depot,directory,https://www.yellowpages.com/des-moines-ia/,Yellow Pages Des Moines trade listings,2026-10-01
Cerris Systems,directory,https://www.yellowpages.com/des-moines-ia/,Yellow Pages Des Moines trade listings,2026-10-01
Team Kline,directory,https://www.yellowpages.com/des-moines-ia/,Yellow Pages Des Moines trade listings,2026-10-01
Electrical Power Products,directory,https://www.yellowpages.com/des-moines-ia/,Yellow Pages Des Moines trade listings,2026-10-01
Alliant Energy Corp,directory,https://www.yellowpages.com/des-moines-ia/,Yellow Pages Des Moines trade listings,2026-10-01
Titan Energy Systems,directory,https://www.yellowpages.com/des-moines-ia/,Yellow Pages Des Moines trade listings,2026-10-01
Pioneer Electric,directory,https://www.yellowpages.com/des-moines-ia/,Yellow Pages Des Moines trade listings,2026-10-01
Electric Pump,directory,https://www.yellowpages.com/des-moines-ia/,Yellow Pages Des Moines trade listings,2026-10-01
Central Lighting & Equipment,directory,https://www.yellowpages.com/des-moines-ia/,Yellow Pages Des Moines trade listings,2026-10-01
Syselservices,directory,https://www.yellowpages.com/des-moines-ia/,Yellow Pages Des Moines trade listings,2026-10-01
IBEW Local 55,directory,https://www.yellowpages.com/des-moines-ia/,Yellow Pages Des Moines trade listings,2026-10-01
"Controlled Access of the Midwest, LLC",directory,https://www.yellowpages.com/des-moines-ia/,Yellow Pages Des Moines trade listings,2026-10-01
Project Solutions,directory,https://www.yellowpages.com/des-moines-ia/,Yellow Pages Des Moines trade listings,2026-10-01
Electric & Controls,directory,https://www.yellowpages.com/des-moines-ia/,Yellow Pages Des Moines trade listings,2026-10-01
Electrical Materials Co,directory,https://www.yellowpages.com/des-moines-ia/,Yellow Pages Des Moines trade listings,2026-10-01
Dr. Electric,directory,https://www.yellowpages.com/des-moines-ia/,Yellow Pages Des Moines trade listings,2026-10-01
Cruiser Electric,directory,https://www.yellowpages.com/des-moines-ia/,Yellow Pages Des Moines trade listings,2026-10-01
Electrical Solutions of Iowa,directory,https://www.yellowpages.com/des-moines-ia/,Yellow Pages Des Moines trade listings,2026-10-01
Tesdell Electric,directory,https://www.yellowpages.com/des-moines-ia/,Yellow Pages Des Moines trade listings,2026-10-01
"The Electric Company of Greater Des Moines, Inc",directory,https://www.yellowpages.com/des-moines-ia/,Yellow Pages Des Moines trade listings,2026-10-01
Update Electric Co,directory,https://www.yellowpages.com/des-moines-ia/,Yellow Pages Des Moines trade listings,2026-10-01
Master Electric,directory,https://www.yellowpages.com/des-moines-ia/,Yellow Pages Des Moines trade listings,2026-10-01
2 Sons Electric,directory,https://www.yellowpages.com/des-moines-ia/,Yellow Pages Des Moines trade listings,2026-10-01
Accurate Electric,directory,https://www.yellowpages.com/des-moines-ia/,Yellow Pages Des Moines trade listings,2026-10-01
Bartlett Electric,directory,https://www.yellowpages.com/des-moines-ia/,Yellow Pages Des Moines trade listings,2026-10-01
PAR Industries (Electric),directory,https://www.yellowpages.com/des-moines-ia/,Yellow Pages Des Moines trade listings,2026-10-01
WIREONE Electric - Des Moines,directory,https://www.yellowpages.com/des-moines-ia/,Yellow Pages Des Moines trade listings,2026-10-01
Wolin Mechanical-Electrical,directory,https://www.yellowpages.com/des-moines-ia/,Yellow Pages Des Moines trade listings,2026-10-01
Mr. Electric of Central Iowa,directory,https://www.yellowpages.com/des-moines-ia/,Yellow Pages Des Moines trade listings,2026-10-01
Platinum Electric Service,directory,https://www.yellowpages.com/des-moines-ia/,Yellow Pages Des Moines trade listings,2026-10-01
Echolutionary Construction,directory,https://www.yellowpages.com/des-moines-ia/,Yellow Pages Des Moines trade listings,2026-10-01
Wired Solutions,directory,https://www.yellowpages.com/des-moines-ia/,Yellow Pages Des Moines trade listings,2026-10-01
ABC Electrical Service,directory,https://www.yellowpages.com/des-moines-ia/,Yellow Pages Des Moines trade listings,2026-10-01
B & L Electric,directory,https://www.yellowpages.com/des-moines-ia/,Yellow Pages Des Moines trade listings,2026-10-01
Innovative Mechanical Services,directory,https://www.yellowpages.com/des-moines-ia/,Yellow Pages Des Moines trade listings,2026-10-01
On Time Professionals,directory,https://www.yellowpages.com/des-moines-ia/,Yellow Pages Des Moines trade listings,2026-10-01
Armor Electric,directory,https://www.yellowpages.com/des-moines-ia/,Yellow Pages Des Moines trade listings,2026-10-01
Arc Electric,directory,https://www.yellowpages.com/des-moines-ia/,Yellow Pages Des Moines trade listings,2026-10-01
Coffin Electric,directory,https://www.yellowpages.com/des-moines-ia/,Yellow Pages Des Moines trade listings,2026-10-01
Iowa Association of Electric,directory,https://www.yellowpages.com/des-moines-ia/,Yellow Pages Des Moines trade listings,2026-10-01
Nextera Energy,directory,https://www.yellowpages.com/des-moines-ia/,Yellow Pages Des Moines trade listings,2026-10-01
Mid Iowa Electric Inc,directory,https://www.yellowpages.com/des-moines-ia/,Yellow Pages Des Moines trade listings,2026-10-01
Vitac,directory,https://www.yellowpages.com/des-moines-ia/,Yellow Pages Des Moines trade listings,2026-10-01
MidAmerican Energy Company,directory,https://www.yellowpages.com/des-moines-ia/,Yellow Pages Des Moines trade listings,2026-10-01
A-Tec Energy Corp,directory,https://www.yellowpages.com/des-moines-ia/,Yellow Pages Des Moines trade listings,2026-10-01
Associated Electric Co-op Inc,directory,https://www.yellowpages.com/des-moines-ia/,Yellow Pages Des Moines trade listings,2026-10-01
WireOne,directory,https://www.yellowpages.com/des-moines-ia/,Yellow Pages Des Moines trade listings,2026-10-01
Electrical Workers Building FDN,directory,https://www.yellowpages.com/des-moines-ia/,Yellow Pages Des Moines trade listings,2026-10-01
Primoris Aevenia,directory,https://www.yellowpages.com/des-moines-ia/,Yellow Pages Des Moines trade listings,2026-10-01
Biermann Electric Co Inc,directory,https://www.yellowpages.com/des-moines-ia/,Yellow Pages Des Moines trade listings,2026-10-01
Rain King,directory,https://www.yellowpages.com/des-moines-ia/,Yellow Pages Des Moines trade listings,2026-10-01
Halbrook Electric Service,directory,https://www.yellowpages.com/des-moines-ia/,Yellow Pages Des Moines trade listings,2026-10-01
Iowa Power Electric,directory,https://www.yellowpages.com/des-moines-ia/,Yellow Pages Des Moines trade listings,2026-10-01
Ies Commercial,directory,https://www.yellowpages.com/des-moines-ia/,Yellow Pages Des Moines trade listings,2026-10-01
Blaser Raymond,directory,https://www.yellowpages.com/des-moines-ia/,Yellow Pages Des Moines trade listings,2026-10-01
Update Electric,directory,https://www.yellowpages.com/des-moines-ia/,Yellow Pages Des Moines trade listings,2026-10-01
Kimrey Electric,directory,https://www.yellowpages.com/des-moines-ia/,Yellow Pages Des Moines trade listings,2026-10-01
Cruiser Electric,directory,https://www.yellowpages.com/des-moines-ia/,Yellow Pages Des Moines trade listings,2026-10-01
Cruiser Electric,directory,https://www.yellowpages.com/des-moines-ia/,Yellow Pages Des Moines trade listings,2026-10-01
Master Electric,directory,https://www.yellowpages.com/des-moines-ia/,Yellow Pages Des Moines trade listings,2026-10-01
National Electrical Contractors,directory,https://www.yellowpages.com/des-moines-ia/,Yellow Pages Des Moines trade listings,2026-10-01
Des Moines Customs,directory,https://www.yellowpages.com/des-moines-ia/,Yellow Pages Des Moines trade listings,2026-10-01
Wired Solutions,directory,https://www.yellowpages.com/des-moines-ia/,Yellow Pages Des Moines trade listings,2026-10-01
Noel Electric,directory,https://www.yellowpages.com/des-moines-ia/,Yellow Pages Des Moines trade listings,2026-10-01
SHARP ELECTRIC LLC,directory,https://www.yellowpages.com/des-moines-ia/,Yellow Pages Des Moines trade listings,2026-10-01
Mid Iowa Electric Inc,directory,https://www.yellowpages.com/des-moines-ia/,Yellow Pages Des Moines trade listings,2026-10-01
Modern Electrical Service,directory,https://www.yellowpages.com/des-moines-ia/,Yellow Pages Des Moines trade listings,2026-10-01
Advanced Electric Inc,directory,https://www.yellowpages.com/des-moines-ia/,Yellow Pages Des Moines trade listings,2026-10-01
Des Moines Electrical,directory,https://www.yellowpages.com/des-moines-ia/,Yellow Pages Des Moines trade listings,2026-10-01
Vision Electric,directory,https://www.yellowpages.com/des-moines-ia/,Yellow Pages Des Moines trade listings,2026-10-01
Vison Electric,directory,https://www.yellowpages.com/des-moines-ia/,Yellow Pages Des Moines trade listings,2026-10-01
Quality Electric,directory,https://www.yellowpages.com/des-moines-ia/,Yellow Pages Des Moines trade listings,2026-10-01
National Electrical Contractors Assn Iowa Chapter,directory,https://www.yellowpages.com/des-moines-ia/,Yellow Pages Des Moines trade listings,2026-10-01
First Light Electric,directory,https://www.yellowpages.com/des-moines-ia/,Yellow Pages Des Moines trade listings,2026-10-01
Jetco Inc,directory,https://www.yellowpages.com/des-moines-ia/,Yellow Pages Des Moines trade listings,2026-10-01
Sanders Melvin Kenneth,directory,https://www.yellowpages.com/des-moines-ia/,Yellow Pages Des Moines trade listings,2026-10-01
A & W Electrical Contractors Inc,directory,https://www.yellowpages.com/des-moines-ia/,Yellow Pages Des Moines trade listings,2026-10-01
Summit Electrical Service Inc,directory,https://www.yellowpages.com/des-moines-ia/,Yellow Pages Des Moines trade listings,2026-10-01
Elite Electric Service,directory,https://www.yellowpages.com/des-moines-ia/,Yellow Pages Des Moines trade listings,2026-10-01
Iowa Signal,directory,https://www.yellowpages.com/des-moines-ia/,Yellow Pages Des Moines trade listings,2026-10-01
Electrical Works of Iowa,directory,https://www.yellowpages.com/des-moines-ia/,Yellow Pages Des Moines trade listings,2026-10-01
Gurnsey Electric Lc,directory,https://www.yellowpages.com/des-moines-ia/,Yellow Pages Des Moines trade listings,2026-10-01
ARC Electric,directory,https://www.yellowpages.com/des-moines-ia/,Yellow Pages Des Moines trade listings,2026-10-01
Ced,directory,https://www.yellowpages.com/des-moines-ia/,Yellow Pages Des Moines trade listings,2026-10-01
Deaver Electric Inc,directory,https://www.yellowpages.com/des-moines-ia/,Yellow Pages Des Moines trade listings,2026-10-01
Commonwealth Electric Company of the Midwest,directory,https://www.yellowpages.com/des-moines-ia/,Yellow Pages Des Moines trade listings,2026-10-01
BP Companies,directory,https://www.yellowpages.com/des-moines-ia/,Yellow Pages Des Moines trade listings,2026-10-01
Automated Systems of Iowa,directory,https://www.yellowpages.com/des-moines-ia/,Yellow Pages Des Moines trade listings,2026-10-01
Nelson Electric Company,directory,https://www.yellowpages.com/des-moines-ia/,Yellow Pages Des Moines trade listings,2026-10-01
Air-Con Mechanical Corp,directory,https://www.yellowpages.com/des-moines-ia/,Yellow Pages Des Moines trade listings,2026-10-01
Ball Electric Inc.,directory,https://www.yellowpages.com/des-moines-ia/,Yellow Pages Des Moines trade listings,2026-10-01
XStream Electric LLC,directory,https://www.yellowpages.com/des-moines-ia/,Yellow Pages Des Moines trade listings,2026-10-01
Action Electric,directory,https://www.yellowpages.com/des-moines-ia/,Yellow Pages Des Moines trade listings,2026-10-01
Baker Electric Inc,directory,https://www.yellowpages.com/des-moines-ia/,Yellow Pages Des Moines trade listings,2026-10-01
Air-Con Mechanical Corp,directory,https://www.yellowpages.com/des-moines-ia/,Yellow Pages Des Moines trade listings,2026-10-01
Action Electric,directory,https://www.yellowpages.com/des-moines-ia/,Yellow Pages Des Moines trade listings,2026-10-01
Baker Electric Inc,directory,https://www.yellowpages.com/des-moines-ia/,Yellow Pages Des Moines trade listings,2026-10-01
Ball Electric Inc.,directory,https://www.yellowpages.com/des-moines-ia/,Yellow Pages Des Moines trade listings,2026-10-01
XStream Electric LLC,directory,https://www.yellowpages.com/des-moines-ia/,Yellow Pages Des Moines trade listings,2026-10-01
Nelson Electric Company,directory,https://www.yellowpages.com/des-moines-ia/,Yellow Pages Des Moines trade listings,2026-10-01
Premier Electric of Iowa LLC,directory,https://www.yellowpages.com/des-moines-ia/,Yellow Pages Des Moines trade listings,2026-10-01
Advantage Electric,directory,https://www.yellowpages.com/des-moines-ia/,Yellow Pages Des Moines trade listings,2026-10-01
Par Electrical Contractors Inc,directory,https://www.yellowpages.com/des-moines-ia/,Yellow Pages Des Moines trade listings,2026-10-01
Extreme Electric,directory,https://www.yellowpages.com/des-moines-ia/,Yellow Pages Des Moines trade listings,2026-10-01
Burns Electric,directory,https://www.yellowpages.com/des-moines-ia/,Yellow Pages Des Moines trade listings,2026-10-01
Commonwealth Electric Company of the Midwest,directory,https://www.yellowpages.com/des-moines-ia/,Yellow Pages Des Moines trade listings,2026-10-01
Knight Electric,directory,https://www.yellowpages.com/des-moines-ia/,Yellow Pages Des Moines trade listings,2026-10-01
RTC Electrical Service,directory,https://www.yellowpages.com/des-moines-ia/,Yellow Pages Des Moines trade listings,2026-10-01
Neuwerth Electric Inc,directory,https://www.yellowpages.com/des-moines-ia/,Yellow Pages Des Moines trade listings,2026-10-01
"A-Wye Electric, Inc.",directory,https://www.yellowpages.com/des-moines-ia/,Yellow Pages Des Moines trade listings,2026-10-01
Robison Electric LLC,directory,https://www.yellowpages.com/des-moines-ia/,Yellow Pages Des Moines trade listings,2026-10-01
Burkhead Electric,directory,https://www.yellowpages.com/des-moines-ia/,Yellow Pages Des Moines trade listings,2026-10-01
"Lazer Home Services Plumbing, HVAC, & Electrical",directory,https://www.yellowpages.com/des-moines-ia/,Yellow Pages Des Moines trade listings,2026-10-01
MidAmerican Energy Company,directory,https://www.yellowpages.com/des-moines-ia/,Yellow Pages Des Moines trade listings,2026-10-01
GW Electric,directory,https://www.yellowpages.com/des-moines-ia/,Yellow Pages Des Moines trade listings,2026-10-01
A-1 Electric,directory,https://www.yellowpages.com/des-moines-ia/,Yellow Pages Des Moines trade listings,2026-10-01
ABC - Electrical Services,directory,https://www.yellowpages.com/des-moines-ia/,Yellow Pages Des Moines trade listings,2026-10-01
"Dalton Plumbing, Heating, Cooling, Electric and Fireplaces, Inc.",directory,https://www.yellowpages.com/des-moines-ia/,Yellow Pages Des Moines trade listings,2026-10-01
Rewired Iowa Electrician Des Moines,directory,https://www.yellowpages.com/des-moines-ia/,Yellow Pages Des Moines trade listings,2026-10-01
Stroh Corporation,directory,https://www.yellowpages.com/des-moines-ia/,Yellow Pages Des Moines trade listings,2026-10-01
The Waldinger Corporation,directory,https://www.yellowpages.com/des-moines-ia/,Yellow Pages Des Moines trade listings,2026-10-01
CRS Electrical,directory,https://www.yellowpages.com/des-moines-ia/,Yellow Pages Des Moines trade listings,2026-10-01
Midamerican Energy Company,directory,https://www.yellowpages.com/des-moines-ia/,Yellow Pages Des Moines trade listings,2026-10-01
MidAmerican Energy Company,directory,https://www.yellowpages.com/des-moines-ia/,Yellow Pages Des Moines trade listings,2026-10-01
Air-Con Mechanical Corp,directory,https://www.yellowpages.com/des-moines-ia/,Yellow Pages Des Moines trade listings,2026-10-01
Ball Electric Inc.,directory,https://www.yellowpages.com/des-moines-ia/,Yellow Pages Des Moines trade listings,2026-10-01
Baker Electric Inc,directory,https://www.yellowpages.com/des-moines-ia/,Yellow Pages Des Moines trade listings,2026-10-01
Nelson Electric Company,directory,https://www.yellowpages.com/des-moines-ia/,Yellow Pages Des Moines trade listings,2026-10-01
XStream Electric LLC,directory,https://www.yellowpages.com/des-moines-ia/,Yellow Pages Des Moines trade listings,2026-10-01
Action Electric,directory,https://www.yellowpages.com/des-moines-ia/,Yellow Pages Des Moines trade listings,2026-10-01
Premier Electric of Iowa LLC,directory,https://www.yellowpages.com/des-moines-ia/,Yellow Pages Des Moines trade listings,2026-10-01
Central Iowa Binding Corporation,directory,https://www.yellowpages.com/des-moines-ia/,Yellow Pages Des Moines trade listings,2026-10-01
Electricians Des Moines IA,directory,https://www.yellowpages.com/des-moines-ia/,Yellow Pages Des Moines trade listings,2026-10-01
Jmj Wiring,directory,https://www.yellowpages.com/des-moines-ia/,Yellow Pages Des Moines trade listings,2026-10-01
Custom Electrical Services,directory,https://www.yellowpages.com/des-moines-ia/,Yellow Pages Des Moines trade listings,2026-10-01
Electric Pump,directory,https://www.yellowpages.com/des-moines-ia/,Yellow Pages Des Moines trade listings,2026-10-01
Biermann Electric Co Inc,directory,https://www.yellowpages.com/des-moines-ia/,Yellow Pages Des Moines trade listings,2026-10-01
Iowa Sevice Electricians,directory,https://www.yellowpages.com/des-moines-ia/,Yellow Pages Des Moines trade listings,2026-10-01
Tri-City Electric Co.,directory,https://www.yellowpages.com/des-moines-ia/,Yellow Pages Des Moines trade listings,2026-10-01
Electrical Installations of IA,directory,https://www.yellowpages.com/des-moines-ia/,Yellow Pages Des Moines trade listings,2026-10-01
Top Flight Electric,directory,https://www.yellowpages.com/des-moines-ia/,Yellow Pages Des Moines trade listings,2026-10-01
Price Industrial Electric,directory,https://www.yellowpages.com/des-moines-ia/,Yellow Pages Des Moines trade listings,2026-10-01
Delgado Electrical SVC,directory,https://www.yellowpages.com/des-moines-ia/,Yellow Pages Des Moines trade listings,2026-10-01
Lazer Electric and Plumbing,directory,https://www.yellowpages.com/des-moines-ia/,Yellow Pages Des Moines trade listings,2026-10-01
Residential Electrician Des Moines IA,directory,https://www.yellowpages.com/des-moines-ia/,Yellow Pages Des Moines trade listings,2026-10-01
ABC Electrical Services,directory,https://www.yellowpages.com/des-moines-ia/,Yellow Pages Des Moines trade listings,2026-10-01
integra electric solutions,directory,https://www.yellowpages.com/des-moines-ia/,Yellow Pages Des Moines trade listings,2026-10-01
Keystone Electrical Manufacturing Co,directory,https://www.yellowpages.com/des-moines-ia/,Yellow Pages Des Moines trade listings,2026-10-01
Lazer Electric and Plumbing,directory,https://www.yellowpages.com/des-moines-ia/,Yellow Pages Des Moines trade listings,2026-10-01
Modern Electrical Service,directory,https://www.yellowpages.com/des-moines-ia/,Yellow Pages Des Moines trade listings,2026-10-01
Patterson Electric Company LLC.,directory,https://www.yellowpages.com/des-moines-ia/,Yellow Pages Des Moines trade listings,2026-10-01
Kline Electric,directory,https://www.yellowpages.com/des-moines-ia/,Yellow Pages Des Moines trade listings,2026-10-01
Seneca Companies,directory,https://www.yellowpages.com/des-moines-ia/,Yellow Pages Des Moines trade listings,2026-10-01
Julios Web,directory,https://www.yellowpages.com/des-moines-ia/,Yellow Pages Des Moines trade listings,2026-10-01
Burns Electric,directory,https://www.yellowpages.com/des-moines-ia/,Yellow Pages Des Moines trade listings,2026-10-01
Mr. Electric,directory,https://www.yellowpages.com/des-moines-ia/,Yellow Pages Des Moines trade listings,2026-10-01
Glass & Sons Electric Inc,directory,https://www.yellowpages.com/des-moines-ia/,Yellow Pages Des Moines trade listings,2026-10-01
Sun Electric Corp,directory,https://www.yellowpages.com/des-moines-ia/,Yellow Pages Des Moines trade listings,2026-10-01
"BEST Heating, Cooling & Electric, Inc.",directory,https://www.yellowpages.com/des-moines-ia/,Yellow Pages Des Moines trade listings,2026-10-01
The Euclid Flea Market,directory,https://www.yellowpages.com/des-moines-ia/,Yellow Pages Des Moines trade listings,2026-10-01
Project Solutions,directory,https://www.yellowpages.com/des-moines-ia/,Yellow Pages Des Moines trade listings,2026-10-01
Echolutionary Construction,directory,https://www.yellowpages.com/des-moines-ia/,Yellow Pages Des Moines trade listings,2026-10-01
Keystone Electrical Manufacturing Co,directory,https://www.yellowpages.com/des-moines-ia/,Yellow Pages Des Moines trade listings,2026-10-01
Home Services at The Home Depot,directory,https://www.yellowpages.com/des-moines-ia/,Yellow Pages Des Moines trade listings,2026-10-01
Cerris Systems,directory,https://www.yellowpages.com/des-moines-ia/,Yellow Pages Des Moines trade listings,2026-10-01
Team Kline,directory,https://www.yellowpages.com/des-moines-ia/,Yellow Pages Des Moines trade listings,2026-10-01
Electrical Power Products,directory,https://www.yellowpages.com/des-moines-ia/,Yellow Pages Des Moines trade listings,2026-10-01
Alliant Energy Corp,directory,https://www.yellowpages.com/des-moines-ia/,Yellow Pages Des Moines trade listings,2026-10-01
Titan Energy Systems,directory,https://www.yellowpages.com/des-moines-ia/,Yellow Pages Des Moines trade listings,2026-10-01
Pioneer Electric,directory,https://www.yellowpages.com/des-moines-ia/,Yellow Pages Des Moines trade listings,2026-10-01
Electric Pump,directory,https://www.yellowpages.com/des-moines-ia/,Yellow Pages Des Moines trade listings,2026-10-01
Central Lighting & Equipment,directory,https://www.yellowpages.com/des-moines-ia/,Yellow Pages Des Moines trade listings,2026-10-01
Syselservices,directory,https://www.yellowpages.com/des-moines-ia/,Yellow Pages Des Moines trade listings,2026-10-01
IBEW Local 55,directory,https://www.yellowpages.com/des-moines-ia/,Yellow Pages Des Moines trade listings,2026-10-01
"Controlled Access of the Midwest, LLC",directory,https://www.yellowpages.com/des-moines-ia/,Yellow Pages Des Moines trade listings,2026-10-01
Project Solutions,directory,https://www.yellowpages.com/des-moines-ia/,Yellow Pages Des Moines trade listings,2026-10-01
Electric & Controls,directory,https://www.yellowpages.com/des-moines-ia/,Yellow Pages Des Moines trade listings,2026-10-01
Electrical Materials Co,directory,https://www.yellowpages.com/des-moines-ia/,Yellow Pages Des Moines trade listings,2026-10-01
Dr. Electric,directory,https://www.yellowpages.com/des-moines-ia/,Yellow Pages Des Moines trade listings,2026-10-01
Cruiser Electric,directory,https://www.yellowpages.com/des-moines-ia/,Yellow Pages Des Moines trade listings,2026-10-01
Electrical Solutions of Iowa,directory,https://www.yellowpages.com/des-moines-ia/,Yellow Pages Des Moines trade listings,2026-10-01
Tesdell Electric,directory,https://www.yellowpages.com/des-moines-ia/,Yellow Pages Des Moines trade listings,2026-10-01
"The Electric Company of Greater Des Moines, Inc",directory,https://www.yellowpages.com/des-moines-ia/,Yellow Pages Des Moines trade listings,2026-10-01
Update Electric Co,directory,https://www.yellowpages.com/des-moines-ia/,Yellow Pages Des Moines trade listings,2026-10-01
Master Electric,directory,https://www.yellowpages.com/des-moines-ia/,Yellow Pages Des Moines trade listings,2026-10-01
2 Sons Electric,directory,https://www.yellowpages.com/des-moines-ia/,Yellow Pages Des Moines trade listings,2026-10-01
Accurate Electric,directory,https://www.yellowpages.com/des-moines-ia/,Yellow Pages Des Moines trade listings,2026-10-01
Bartlett Electric,directory,https://www.yellowpages.com/des-moines-ia/,Yellow Pages Des Moines trade listings,2026-10-01
PAR Industries (Electric),directory,https://www.yellowpages.com/des-moines-ia/,Yellow Pages Des Moines trade listings,2026-10-01
WIREONE Electric - Des Moines,directory,https://www.yellowpages.com/des-moines-ia/,Yellow Pages Des Moines trade listings,2026-10-01
Wolin Mechanical-Electrical,directory,https://www.yellowpages.com/des-moines-ia/,Yellow Pages Des Moines trade listings,2026-10-01
Mr. Electric of Central Iowa,directory,https://www.yellowpages.com/des-moines-ia/,Yellow Pages Des Moines trade listings,2026-10-01
Platinum Electric Service,directory,https://www.yellowpages.com/des-moines-ia/,Yellow Pages Des Moines trade listings,2026-10-01
Echolutionary Construction,directory,https://www.yellowpages.com/des-moines-ia/,Yellow Pages Des Moines trade listings,2026-10-01
Wired Solutions,directory,https://www.yellowpages.com/des-moines-ia/,Yellow Pages Des Moines trade listings,2026-10-01
ABC Electrical Service,directory,https://www.yellowpages.com/des-moines-ia/,Yellow Pages Des Moines trade listings,2026-10-01
B & L Electric,directory,https://www.yellowpages.com/des-moines-ia/,Yellow Pages Des Moines trade listings,2026-10-01
Innovative Mechanical Services,directory,https://www.yellowpages.com/des-moines-ia/,Yellow Pages Des Moines trade listings,2026-10-01
On Time Professionals,directory,https://www.yellowpages.com/des-moines-ia/,Yellow Pages Des Moines trade listings,2026-10-01
Armor Electric,directory,https://www.yellowpages.com/des-moines-ia/,Yellow Pages Des Moines trade listings,2026-10-01
Arc Electric,directory,https://www.yellowpages.com/des-moines-ia/,Yellow Pages Des Moines trade listings,2026-10-01
Coffin Electric,directory,https://www.yellowpages.com/des-moines-ia/,Yellow Pages Des Moines trade listings,2026-10-01
Iowa Association of Electric,directory,https://www.yellowpages.com/des-moines-ia/,Yellow Pages Des Moines trade listings,2026-10-01
Nextera Energy,directory,https://www.yellowpages.com/des-moines-ia/,Yellow Pages Des Moines trade listings,2026-10-01
Mid Iowa Electric Inc,directory,https://www.yellowpages.com/des-moines-ia/,Yellow Pages Des Moines trade listings,2026-10-01
Vitac,directory,https://www.yellowpages.com/des-moines-ia/,Yellow Pages Des Moines trade listings,2026-10-01
MidAmerican Energy Company,directory,https://www.yellowpages.com/des-moines-ia/,Yellow Pages Des Moines trade listings,2026-10-01
A-Tec Energy Corp,directory,https://www.yellowpages.com/des-moines-ia/,Yellow Pages Des Moines trade listings,2026-10-01
Associated Electric Co-op Inc,directory,https://www.yellowpages.com/des-moines-ia/,Yellow Pages Des Moines trade listings,2026-10-01
WireOne,directory,https://www.yellowpages.com/des-moines-ia/,Yellow Pages Des Moines trade listings,2026-10-01
Electrical Workers Building FDN,directory,https://www.yellowpages.com/des-moines-ia/,Yellow Pages Des Moines trade listings,2026-10-01
Primoris Aevenia,directory,https://www.yellowpages.com/des-moines-ia/,Yellow Pages Des Moines trade listings,2026-10-01
Biermann Electric Co Inc,directory,https://www.yellowpages.com/des-moines-ia/,Yellow Pages Des Moines trade listings,2026-10-01
Rain King,directory,https://www.yellowpages.com/des-moines-ia/,Yellow Pages Des Moines trade listings,2026-10-01
Halbrook Electric Service,directory,https://www.yellowpages.com/des-moines-ia/,Yellow Pages Des Moines trade listings,2026-10-01
Iowa Power Electric,directory,https://www.yellowpages.com/des-moines-ia/,Yellow Pages Des Moines trade listings,2026-10-01
Ies Commercial,directory,https://www.yellowpages.com/des-moines-ia/,Yellow Pages Des Moines trade listings,2026-10-01
Blaser Raymond,directory,https://www.yellowpages.com/des-moines-ia/,Yellow Pages Des Moines trade listings,2026-10-01
Update Electric,directory,https://www.yellowpages.com/des-moines-ia/,Yellow Pages Des Moines trade listings,2026-10-01
Kimrey Electric,directory,https://www.yellowpages.com/des-moines-ia/,Yellow Pages Des Moines trade listings,2026-10-01
Cruiser Electric,directory,https://www.yellowpages.com/des-moines-ia/,Yellow Pages Des Moines trade listings,2026-10-01
Cruiser Electric,directory,https://www.yellowpages.com/des-moines-ia/,Yellow Pages Des Moines trade listings,2026-10-01
Master Electric,directory,https://www.yellowpages.com/des-moines-ia/,Yellow Pages Des Moines trade listings,2026-10-01
National Electrical Contractors,directory,https://www.yellowpages.com/des-moines-ia/,Yellow Pages Des Moines trade listings,2026-10-01
Des Moines Customs,directory,https://www.yellowpages.com/des-moines-ia/,Yellow Pages Des Moines trade listings,2026-10-01
Wired Solutions,directory,https://www.yellowpages.com/des-moines-ia/,Yellow Pages Des Moines trade listings,2026-10-01
Noel Electric,directory,https://www.yellowpages.com/des-moines-ia/,Yellow Pages Des Moines trade listings,2026-10-01
SHARP ELECTRIC LLC,directory,https://www.yellowpages.com/des-moines-ia/,Yellow Pages Des Moines trade listings,2026-10-01
Mid Iowa Electric Inc,directory,https://www.yellowpages.com/des-moines-ia/,Yellow Pages Des Moines trade listings,2026-10-01
Modern Electrical Service,directory,https://www.yellowpages.com/des-moines-ia/,Yellow Pages Des Moines trade listings,2026-10-01
Advanced Electric Inc,directory,https://www.yellowpages.com/des-moines-ia/,Yellow Pages Des Moines trade listings,2026-10-01
Des Moines Electrical,directory,https://www.yellowpages.com/des-moines-ia/,Yellow Pages Des Moines trade listings,2026-10-01
Vision Electric,directory,https://www.yellowpages.com/des-moines-ia/,Yellow Pages Des Moines trade listings,2026-10-01
Vison Electric,directory,https://www.yellowpages.com/des-moines-ia/,Yellow Pages Des Moines trade listings,2026-10-01
Quality Electric,directory,https://www.yellowpages.com/des-moines-ia/,Yellow Pages Des Moines trade listings,2026-10-01
National Electrical Contractors Assn Iowa Chapter,directory,https://www.yellowpages.com/des-moines-ia/,Yellow Pages Des Moines trade listings,2026-10-01
First Light Electric,directory,https://www.yellowpages.com/des-moines-ia/,Yellow Pages Des Moines trade listings,2026-10-01
Jetco Inc,directory,https://www.yellowpages.com/des-moines-ia/,Yellow Pages Des Moines trade listings,2026-10-01
Sanders Melvin Kenneth,directory,https://www.yellowpages.com/des-moines-ia/,Yellow Pages Des Moines trade listings,2026-10-01
A & W Electrical Contractors Inc,directory,https://www.yellowpages.com/des-moines-ia/,Yellow Pages Des Moines trade listings,2026-10-01
Summit Electrical Service Inc,directory,https://www.yellowpages.com/des-moines-ia/,Yellow Pages Des Moines trade listings,2026-10-01
Elite Electric Service,directory,https://www.yellowpages.com/des-moines-ia/,Yellow Pages Des Moines trade listings,2026-10-01
Iowa Signal,directory,https://www.yellowpages.com/des-moines-ia/,Yellow Pages Des Moines trade listings,2026-10-01
Electrical Works of Iowa,directory,https://www.yellowpages.com/des-moines-ia/,Yellow Pages Des Moines trade listings,2026-10-01
Gurnsey Electric Lc,directory,https://www.yellowpages.com/des-moines-ia/,Yellow Pages Des Moines trade listings,2026-10-01
ARC Electric,directory,https://www.yellowpages.com/des-moines-ia/,Yellow Pages Des Moines trade listings,2026-10-01
Ced,directory,https://www.yellowpages.com/des-moines-ia/,Yellow Pages Des Moines trade listings,2026-10-01
Deaver Electric Inc,directory,https://www.yellowpages.com/des-moines-ia/,Yellow Pages Des Moines trade listings,2026-10-01
Commonwealth Electric Company of the Midwest,directory,https://www.yellowpages.com/des-moines-ia/,Yellow Pages Des Moines trade listings,2026-10-01
BP Companies,directory,https://www.yellowpages.com/des-moines-ia/,Yellow Pages Des Moines trade listings,2026-10-01
Automated Systems of Iowa,directory,https://www.yellowpages.com/des-moines-ia/,Yellow Pages Des Moines trade listings,2026-10-01
John Voss Concrete & Excavating Inc.,directory,https://www.yellowpages.com/des-moines-ia/,Yellow Pages Des Moines trade listings,2026-10-01
John Voss Concrete & Excavating Inc.,directory,https://www.yellowpages.com/des-moines-ia/,Yellow Pages Des Moines trade listings,2026-10-01
Torgerson Excavating,directory,https://www.yellowpages.com/des-moines-ia/,Yellow Pages Des Moines trade listings,2026-10-01
McCartney Excavating Inc,directory,https://www.yellowpages.com/des-moines-ia/,Yellow Pages Des Moines trade listings,2026-10-01
Tomlinson Cannon,directory,https://www.yellowpages.com/des-moines-ia/,Yellow Pages Des Moines trade listings,2026-10-01
Pearson's Dirtwork & Truck Inc,directory,https://www.yellowpages.com/des-moines-ia/,Yellow Pages Des Moines trade listings,2026-10-01
Advanced Underground Specialties,directory,https://www.yellowpages.com/des-moines-ia/,Yellow Pages Des Moines trade listings,2026-10-01
Mckinney Excavating,directory,https://www.yellowpages.com/des-moines-ia/,Yellow Pages Des Moines trade listings,2026-10-01
Priority Excavating,directory,https://www.yellowpages.com/des-moines-ia/,Yellow Pages Des Moines trade listings,2026-10-01
McAninch Corp,directory,https://www.yellowpages.com/des-moines-ia/,Yellow Pages Des Moines trade listings,2026-10-01
J Pettiecord Inc,directory,https://www.yellowpages.com/des-moines-ia/,Yellow Pages Des Moines trade listings,2026-10-01
Capital City Equipment Company,directory,https://www.yellowpages.com/des-moines-ia/,Yellow Pages Des Moines trade listings,2026-10-01
"Custis Contracting Services, LLC",directory,https://www.yellowpages.com/des-moines-ia/,Yellow Pages Des Moines trade listings,2026-10-01
"Land Alterations & Construction Services, LLC",directory,https://www.yellowpages.com/des-moines-ia/,Yellow Pages Des Moines trade listings,2026-10-01
Saylorcreek Sand Company,directory,https://www.yellowpages.com/des-moines-ia/,Yellow Pages Des Moines trade listings,2026-10-01
JC Services,directory,https://www.yellowpages.com/des-moines-ia/,Yellow Pages Des Moines trade listings,2026-10-01
Ram Development,directory,https://www.yellowpages.com/des-moines-ia/,Yellow Pages Des Moines trade listings,2026-10-01
Oxford Tree Service,directory,https://www.yellowpages.com/des-moines-ia/,Yellow Pages Des Moines trade listings,2026-10-01
Elder Corporation,directory,https://www.yellowpages.com/des-moines-ia/,Yellow Pages Des Moines trade listings,2026-10-01
Denver Findley & Son,directory,https://www.yellowpages.com/des-moines-ia/,Yellow Pages Des Moines trade listings,2026-10-01
Halbrook Excavating,directory,https://www.yellowpages.com/des-moines-ia/,Yellow Pages Des Moines trade listings,2026-10-01
Bailey's Excavating,directory,https://www.yellowpages.com/des-moines-ia/,Yellow Pages Des Moines trade listings,2026-10-01
Nicholson Excavating,directory,https://www.yellowpages.com/des-moines-ia/,Yellow Pages Des Moines trade listings,2026-10-01
Wenthold Excavating LLC,directory,https://www.yellowpages.com/des-moines-ia/,Yellow Pages Des Moines trade listings,2026-10-01
The Driller,directory,https://www.yellowpages.com/des-moines-ia/,Yellow Pages Des Moines trade listings,2026-10-01
3D Excavating,directory,https://www.yellowpages.com/des-moines-ia/,Yellow Pages Des Moines trade listings,2026-10-01
Johnson Excavating,directory,https://www.yellowpages.com/des-moines-ia/,Yellow Pages Des Moines trade listings,2026-10-01
Gator Excavating,directory,https://www.yellowpages.com/des-moines-ia/,Yellow Pages Des Moines trade listings,2026-10-01
Seamus Excavating,directory,https://www.yellowpages.com/des-moines-ia/,Yellow Pages Des Moines trade listings,2026-10-01
Priority Excavating,directory,https://www.yellowpages.com/des-moines-ia/,Yellow Pages Des Moines trade listings,2026-10-01
Seamus Excavating,directory,https://www.yellowpages.com/des-moines-ia/,Yellow Pages Des Moines trade listings,2026-10-01
John Voss Concrete & Excavating Inc.,directory,https://www.yellowpages.com/des-moines-ia/,Yellow Pages Des Moines trade listings,2026-10-01
Team Excavating Inc,directory,https://www.yellowpages.com/des-moines-ia/,Yellow Pages Des Moines trade listings,2026-10-01
Priority Excavating,directory,https://www.yellowpages.com/des-moines-ia/,Yellow Pages Des Moines trade listings,2026-10-01
Detrick Excavating,directory,https://www.yellowpages.com/des-moines-ia/,Yellow Pages Des Moines trade listings,2026-10-01
Travis J Stone,directory,https://www.yellowpages.com/des-moines-ia/,Yellow Pages Des Moines trade listings,2026-10-01
Land Management Resources,directory,https://www.yellowpages.com/des-moines-ia/,Yellow Pages Des Moines trade listings,2026-10-01
Thorpe Excavating Inc,directory,https://www.yellowpages.com/des-moines-ia/,Yellow Pages Des Moines trade listings,2026-10-01
Dephillips S,directory,https://www.yellowpages.com/des-moines-ia/,Yellow Pages Des Moines trade listings,2026-10-01
Gator Excavating,directory,https://www.yellowpages.com/des-moines-ia/,Yellow Pages Des Moines trade listings,2026-10-01
Scott Harrison Excavating,directory,https://www.yellowpages.com/des-moines-ia/,Yellow Pages Des Moines trade listings,2026-10-01
"Gator Excavating, Inc",directory,https://www.yellowpages.com/des-moines-ia/,Yellow Pages Des Moines trade listings,2026-10-01
Lands of Expressions,directory,https://www.yellowpages.com/des-moines-ia/,Yellow Pages Des Moines trade listings,2026-10-01
Corell Contractor Inc,directory,https://www.yellowpages.com/des-moines-ia/,Yellow Pages Des Moines trade listings,2026-10-01
Zippy Drain,directory,https://www.yellowpages.com/des-moines-ia/,Yellow Pages Des Moines trade listings,2026-10-01
Dawson Land Improvements,directory,https://www.yellowpages.com/des-moines-ia/,Yellow Pages Des Moines trade listings,2026-10-01
The Driveway Company,directory,https://www.yellowpages.com/des-moines-ia/,Yellow Pages Des Moines trade listings,2026-10-01
United Rentals - Trench Safety,directory,https://www.yellowpages.com/des-moines-ia/,Yellow Pages Des Moines trade listings,2026-10-01
Contractors Group Inc,directory,https://www.yellowpages.com/des-moines-ia/,Yellow Pages Des Moines trade listings,2026-10-01
Fleck Larry & Son Trucking,directory,https://www.yellowpages.com/des-moines-ia/,Yellow Pages Des Moines trade listings,2026-10-01
Dcassociates,directory,https://www.yellowpages.com/des-moines-ia/,Yellow Pages Des Moines trade listings,2026-10-01
Towers Grading & Land Improvement,directory,https://www.yellowpages.com/des-moines-ia/,Yellow Pages Des Moines trade listings,2026-10-01
Corell Contractor Inc,directory,https://www.yellowpages.com/des-moines-ia/,Yellow Pages Des Moines trade listings,2026-10-01
United Pipe Renewal,directory,https://www.yellowpages.com/des-moines-ia/,Yellow Pages Des Moines trade listings,2026-10-01
Iowa Concrete Leveling,directory,https://www.yellowpages.com/des-moines-ia/,Yellow Pages Des Moines trade listings,2026-10-01
Elevate Homes Inc,directory,https://www.yellowpages.com/des-moines-ia/,Yellow Pages Des Moines trade listings,2026-10-01
J & K Contracting,directory,https://www.yellowpages.com/des-moines-ia/,Yellow Pages Des Moines trade listings,2026-10-01
J Pettiecord Inc,directory,https://www.yellowpages.com/des-moines-ia/,Yellow Pages Des Moines trade listings,2026-10-01
Jordison Construction Inc,directory,https://www.yellowpages.com/des-moines-ia/,Yellow Pages Des Moines trade listings,2026-10-01
Huber Grading,directory,https://www.yellowpages.com/des-moines-ia/,Yellow Pages Des Moines trade listings,2026-10-01
Huber Grading,directory,https://www.yellowpages.com/des-moines-ia/,Yellow Pages Des Moines trade listings,2026-10-01
Ed Brose Trucking,directory,https://www.yellowpages.com/des-moines-ia/,Yellow Pages Des Moines trade listings,2026-10-01
AAA Trenching & Specialized Boring,directory,https://www.yellowpages.com/des-moines-ia/,Yellow Pages Des Moines trade listings,2026-10-01
Perfect T Construction,directory,https://www.yellowpages.com/des-moines-ia/,Yellow Pages Des Moines trade listings,2026-10-01
Gary Wiedmann Backhoe Service,directory,https://www.yellowpages.com/des-moines-ia/,Yellow Pages Des Moines trade listings,2026-10-01
"Hibbs Excavating & Grading, Inc.",directory,https://www.yellowpages.com/des-moines-ia/,Yellow Pages Des Moines trade listings,2026-10-01
Kelly Cortum,directory,https://www.yellowpages.com/des-moines-ia/,Yellow Pages Des Moines trade listings,2026-10-01
Perfect T Construction,directory,https://www.yellowpages.com/des-moines-ia/,Yellow Pages Des Moines trade listings,2026-10-01
Sandstone Management,directory,https://www.yellowpages.com/des-moines-ia/,Yellow Pages Des Moines trade listings,2026-10-01
AAA Trenching & Specialized Boring,directory,https://www.yellowpages.com/des-moines-ia/,Yellow Pages Des Moines trade listings,2026-10-01
Weinberg Excavation & Demolition,directory,https://www.yellowpages.com/des-moines-ia/,Yellow Pages Des Moines trade listings,2026-10-01
Top Gun Contractors of Grimes,directory,https://www.yellowpages.com/des-moines-ia/,Yellow Pages Des Moines trade listings,2026-10-01
Top Gun Contractors of Grimes,directory,https://www.yellowpages.com/des-moines-ia/,Yellow Pages Des Moines trade listings,2026-10-01
Roto-Rooter,directory,https://www.yellowpages.com/des-moines-ia/,Yellow Pages Des Moines trade listings,2026-10-01
Roto-Rooter,directory,https://www.yellowpages.com/des-moines-ia/,Yellow Pages Des Moines trade listings,2026-10-01
MacPro Restore Cleaning & Restoration,directory,https://www.yellowpages.com/des-moines-ia/,Yellow Pages Des Moines trade listings,2026-10-01
ServiceMaster BioClean,directory,https://www.yellowpages.com/des-moines-ia/,Yellow Pages Des Moines trade listings,2026-10-01
Des Moines Mold Remediation Services,directory,https://www.yellowpages.com/des-moines-ia/,Yellow Pages Des Moines trade listings,2026-10-01
First General Services,directory,https://www.yellowpages.com/des-moines-ia/,Yellow Pages Des Moines trade listings,2026-10-01
On Call Restoration in Des Moines,directory,https://www.yellowpages.com/des-moines-ia/,Yellow Pages Des Moines trade listings,2026-10-01
SERVPRO of Des Moines SW,directory,https://www.yellowpages.com/des-moines-ia/,Yellow Pages Des Moines trade listings,2026-10-01
Advantaclean of Des Moines Central,directory,https://www.yellowpages.com/des-moines-ia/,Yellow Pages Des Moines trade listings,2026-10-01
Macpro restore,directory,https://www.yellowpages.com/des-moines-ia/,Yellow Pages Des Moines trade listings,2026-10-01
SERVPRO of Des Moines SW,directory,https://www.yellowpages.com/des-moines-ia/,Yellow Pages Des Moines trade listings,2026-10-01
Plaza Carpet Cleaning of Des Moines,directory,https://www.yellowpages.com/des-moines-ia/,Yellow Pages Des Moines trade listings,2026-10-01
1-800-Packouts of Greater Iowa,directory,https://www.yellowpages.com/des-moines-ia/,Yellow Pages Des Moines trade listings,2026-10-01
Dream Steam Cleaning and Restoration,directory,https://www.yellowpages.com/des-moines-ia/,Yellow Pages Des Moines trade listings,2026-10-01
FIRST ONSITE Property Restoration,directory,https://www.yellowpages.com/des-moines-ia/,Yellow Pages Des Moines trade listings,2026-10-01
Cleaning Connection,directory,https://www.yellowpages.com/des-moines-ia/,Yellow Pages Des Moines trade listings,2026-10-01
AJ's Cleaning & Restoration,directory,https://www.yellowpages.com/des-moines-ia/,Yellow Pages Des Moines trade listings,2026-10-01
Cross Carpet Cleaning,directory,https://www.yellowpages.com/des-moines-ia/,Yellow Pages Des Moines trade listings,2026-10-01
ProRestore DKI,directory,https://www.yellowpages.com/des-moines-ia/,Yellow Pages Des Moines trade listings,2026-10-01
Mold Removal West Des Moines,directory,https://www.yellowpages.com/des-moines-ia/,Yellow Pages Des Moines trade listings,2026-10-01
Restore Magic Construction,directory,https://www.yellowpages.com/des-moines-ia/,Yellow Pages Des Moines trade listings,2026-10-01
J Thompson Builders LLC,directory,https://www.yellowpages.com/des-moines-ia/,Yellow Pages Des Moines trade listings,2026-10-01
Mold Removal Ankeny,directory,https://www.yellowpages.com/des-moines-ia/,Yellow Pages Des Moines trade listings,2026-10-01
ServiceMaster Restore of Des Moines,directory,https://www.yellowpages.com/des-moines-ia/,Yellow Pages Des Moines trade listings,2026-10-01
Ajs of Des Moines Inc,directory,https://www.yellowpages.com/des-moines-ia/,Yellow Pages Des Moines trade listings,2026-10-01
Euro Chem,directory,https://www.yellowpages.com/des-moines-ia/,Yellow Pages Des Moines trade listings,2026-10-01
Restore4U,directory,https://www.yellowpages.com/des-moines-ia/,Yellow Pages Des Moines trade listings,2026-10-01
First Call Construction,directory,https://www.yellowpages.com/des-moines-ia/,Yellow Pages Des Moines trade listings,2026-10-01
Top Gun Contractors of Grimes,directory,https://www.yellowpages.com/des-moines-ia/,Yellow Pages Des Moines trade listings,2026-10-01
Roto-Rooter,directory,https://www.yellowpages.com/des-moines-ia/,Yellow Pages Des Moines trade listings,2026-10-01
Roto-Rooter,directory,https://www.yellowpages.com/des-moines-ia/,Yellow Pages Des Moines trade listings,2026-10-01
Wilson Carpet & Air Duct Cleaning,directory,https://www.yellowpages.com/des-moines-ia/,Yellow Pages Des Moines trade listings,2026-10-01
Foundation Recovery Systems Des Moines,directory,https://www.yellowpages.com/des-moines-ia/,Yellow Pages Des Moines trade listings,2026-10-01
All Dry Services of Des Moines,directory,https://www.yellowpages.com/des-moines-ia/,Yellow Pages Des Moines trade listings,2026-10-01
1-800-Board-Up of Grimes,directory,https://www.yellowpages.com/des-moines-ia/,Yellow Pages Des Moines trade listings,2026-10-01
United Services of Des Moines,directory,https://www.yellowpages.com/des-moines-ia/,Yellow Pages Des Moines trade listings,2026-10-01
United Services Restoration & Remodeling,directory,https://www.yellowpages.com/des-moines-ia/,Yellow Pages Des Moines trade listings,2026-10-01
Stanley Steemer,directory,https://www.yellowpages.com/des-moines-ia/,Yellow Pages Des Moines trade listings,2026-10-01
First Class Restoration,directory,https://www.yellowpages.com/des-moines-ia/,Yellow Pages Des Moines trade listings,2026-10-01
Aj's Cleaning & Handyman,directory,https://www.yellowpages.com/des-moines-ia/,Yellow Pages Des Moines trade listings,2026-10-01
Restore Master Construction,directory,https://www.yellowpages.com/des-moines-ia/,Yellow Pages Des Moines trade listings,2026-10-01
Crdn Central & Western Iowa,directory,https://www.yellowpages.com/des-moines-ia/,Yellow Pages Des Moines trade listings,2026-10-01
Disaster Restoration Services,directory,https://www.yellowpages.com/des-moines-ia/,Yellow Pages Des Moines trade listings,2026-10-01
Pro Dry-Emergency Water,directory,https://www.yellowpages.com/des-moines-ia/,Yellow Pages Des Moines trade listings,2026-10-01
Puro Clean,directory,https://www.yellowpages.com/des-moines-ia/,Yellow Pages Des Moines trade listings,2026-10-01
Aller Free Cleaning Systems,directory,https://www.yellowpages.com/des-moines-ia/,Yellow Pages Des Moines trade listings,2026-10-01
Top Gun Contractors Of Grimes,directory,https://www.yellowpages.com/des-moines-ia/,Yellow Pages Des Moines trade listings,2026-10-01
ServiceMaster by Rice,directory,https://www.yellowpages.com/des-moines-ia/,Yellow Pages Des Moines trade listings,2026-10-01
Plumbing Service In Alleman IA,directory,https://www.yellowpages.com/des-moines-ia/,Yellow Pages Des Moines trade listings,2026-10-01
SERVPRO of Altoona,directory,https://www.yellowpages.com/des-moines-ia/,Yellow Pages Des Moines trade listings,2026-10-01
Aller Free Cleaning Systems,directory,https://www.yellowpages.com/des-moines-ia/,Yellow Pages Des Moines trade listings,2026-10-01
Mold Remediation Waukee,directory,https://www.yellowpages.com/des-moines-ia/,Yellow Pages Des Moines trade listings,2026-10-01
911 Restoration of Des Moines,directory,https://www.yellowpages.com/des-moines-ia/,Yellow Pages Des Moines trade listings,2026-10-01
911 Restoration of Des Moines,directory,https://www.yellowpages.com/des-moines-ia/,Yellow Pages Des Moines trade listings,2026-10-01
Rainbow International Restoration,directory,https://www.yellowpages.com/des-moines-ia/,Yellow Pages Des Moines trade listings,2026-10-01
"Louie's Floor Covering, Inc.",directory,https://www.yellowpages.com/des-moines-ia/,Yellow Pages Des Moines trade listings,2026-10-01
"Louie's Floor Covering, Inc.",directory,https://www.yellowpages.com/des-moines-ia/,Yellow Pages Des Moines trade listings,2026-10-01
Lifestyle Flooring Inc.,directory,https://www.yellowpages.com/des-moines-ia/,Yellow Pages Des Moines trade listings,2026-10-01
Green Family Flooring,directory,https://www.yellowpages.com/des-moines-ia/,Yellow Pages Des Moines trade listings,2026-10-01
Central Iowa Hardwood Floors,directory,https://www.yellowpages.com/des-moines-ia/,Yellow Pages Des Moines trade listings,2026-10-01
Harvey's Flooring,directory,https://www.yellowpages.com/des-moines-ia/,Yellow Pages Des Moines trade listings,2026-10-01
C&S Flooring and DIY,directory,https://www.yellowpages.com/des-moines-ia/,Yellow Pages Des Moines trade listings,2026-10-01
"Ideal Floors, Inc",directory,https://www.yellowpages.com/des-moines-ia/,Yellow Pages Des Moines trade listings,2026-10-01
The Floor Doctors,directory,https://www.yellowpages.com/des-moines-ia/,Yellow Pages Des Moines trade listings,2026-10-01
The Flooring Guys,directory,https://www.yellowpages.com/des-moines-ia/,Yellow Pages Des Moines trade listings,2026-10-01
Adolfo's Flooring,directory,https://www.yellowpages.com/des-moines-ia/,Yellow Pages Des Moines trade listings,2026-10-01
Des Moines Flooring Contractor,directory,https://www.yellowpages.com/des-moines-ia/,Yellow Pages Des Moines trade listings,2026-10-01
Knode's Flooring,directory,https://www.yellowpages.com/des-moines-ia/,Yellow Pages Des Moines trade listings,2026-10-01
Artisent Floors,directory,https://www.yellowpages.com/des-moines-ia/,Yellow Pages Des Moines trade listings,2026-10-01
Superior Flooring,directory,https://www.yellowpages.com/des-moines-ia/,Yellow Pages Des Moines trade listings,2026-10-01
Kazz Flooring,directory,https://www.yellowpages.com/des-moines-ia/,Yellow Pages Des Moines trade listings,2026-10-01
Christopherson,directory,https://www.yellowpages.com/des-moines-ia/,Yellow Pages Des Moines trade listings,2026-10-01
Michael Brandt Flooring,directory,https://www.yellowpages.com/des-moines-ia/,Yellow Pages Des Moines trade listings,2026-10-01
Kuhns Flooring & Design,directory,https://www.yellowpages.com/des-moines-ia/,Yellow Pages Des Moines trade listings,2026-10-01
Adolfo's Flooring,directory,https://www.yellowpages.com/des-moines-ia/,Yellow Pages Des Moines trade listings,2026-10-01
Des Moines Flooring Inc,directory,https://www.yellowpages.com/des-moines-ia/,Yellow Pages Des Moines trade listings,2026-10-01
Phillip's Floors,directory,https://www.yellowpages.com/des-moines-ia/,Yellow Pages Des Moines trade listings,2026-10-01
Floor Pro Installation,directory,https://www.yellowpages.com/des-moines-ia/,Yellow Pages Des Moines trade listings,2026-10-01
Art Flooring,directory,https://www.yellowpages.com/des-moines-ia/,Yellow Pages Des Moines trade listings,2026-10-01
SINANOVIC CONSTRUCTION LLC,directory,https://www.yellowpages.com/des-moines-ia/,Yellow Pages Des Moines trade listings,2026-10-01
JAX Carpentry & Cleaning Services,directory,https://www.yellowpages.com/des-moines-ia/,Yellow Pages Des Moines trade listings,2026-10-01
Advantage Hardwood Floors,directory,https://www.yellowpages.com/des-moines-ia/,Yellow Pages Des Moines trade listings,2026-10-01
Owens Floor Covering,directory,https://www.yellowpages.com/des-moines-ia/,Yellow Pages Des Moines trade listings,2026-10-01
Mom's Construction,directory,https://www.yellowpages.com/des-moines-ia/,Yellow Pages Des Moines trade listings,2026-10-01
Heritage Interiors,directory,https://www.yellowpages.com/des-moines-ia/,Yellow Pages Des Moines trade listings,2026-10-01
"Louie's Floor Covering, Inc.",directory,https://www.yellowpages.com/des-moines-ia/,Yellow Pages Des Moines trade listings,2026-10-01
"Louie's Floor Covering, Inc.",directory,https://www.yellowpages.com/des-moines-ia/,Yellow Pages Des Moines trade listings,2026-10-01
Elite Woodworks & Home Improvements,directory,https://www.yellowpages.com/des-moines-ia/,Yellow Pages Des Moines trade listings,2026-10-01
Mos Custom Construction,directory,https://www.yellowpages.com/des-moines-ia/,Yellow Pages Des Moines trade listings,2026-10-01
Green Family Flooring,directory,https://www.yellowpages.com/des-moines-ia/,Yellow Pages Des Moines trade listings,2026-10-01
A Plus Flooring,directory,https://www.yellowpages.com/des-moines-ia/,Yellow Pages Des Moines trade listings,2026-10-01
Home Services at The Home Depot,directory,https://www.yellowpages.com/des-moines-ia/,Yellow Pages Des Moines trade listings,2026-10-01
Pro Desk at The Home Depot,directory,https://www.yellowpages.com/des-moines-ia/,Yellow Pages Des Moines trade listings,2026-10-01
Flooring Guys,directory,https://www.yellowpages.com/des-moines-ia/,Yellow Pages Des Moines trade listings,2026-10-01
Refinecraft Dustless Hardwood Floor Refinishing,directory,https://www.yellowpages.com/des-moines-ia/,Yellow Pages Des Moines trade listings,2026-10-01
Advantage Hardwood Floors,directory,https://www.yellowpages.com/des-moines-ia/,Yellow Pages Des Moines trade listings,2026-10-01
Kanehl Floor Installation,directory,https://www.yellowpages.com/des-moines-ia/,Yellow Pages Des Moines trade listings,2026-10-01
Dailey Flooring,directory,https://www.yellowpages.com/des-moines-ia/,Yellow Pages Des Moines trade listings,2026-10-01
Allied Construction Services Inc.,directory,https://www.yellowpages.com/des-moines-ia/,Yellow Pages Des Moines trade listings,2026-10-01
Smith Ralph N Inc Fir Matrls,directory,https://www.yellowpages.com/des-moines-ia/,Yellow Pages Des Moines trade listings,2026-10-01
Urban Flooring & Design,directory,https://www.yellowpages.com/des-moines-ia/,Yellow Pages Des Moines trade listings,2026-10-01
Pilmer Epoxy,directory,https://www.yellowpages.com/des-moines-ia/,Yellow Pages Des Moines trade listings,2026-10-01
Wildwood Floors,directory,https://www.yellowpages.com/des-moines-ia/,Yellow Pages Des Moines trade listings,2026-10-01
Rug and Decor Incorp,directory,https://www.yellowpages.com/des-moines-ia/,Yellow Pages Des Moines trade listings,2026-10-01
Royal Flooring,directory,https://www.yellowpages.com/des-moines-ia/,Yellow Pages Des Moines trade listings,2026-10-01
Revival Concrete Coatings & Painting,directory,https://www.yellowpages.com/des-moines-ia/,Yellow Pages Des Moines trade listings,2026-10-01
Royal Flooring,directory,https://www.yellowpages.com/des-moines-ia/,Yellow Pages Des Moines trade listings,2026-10-01
MB Flooring Inc,directory,https://www.yellowpages.com/des-moines-ia/,Yellow Pages Des Moines trade listings,2026-10-01
Poindexter Flooring Inc,directory,https://www.yellowpages.com/des-moines-ia/,Yellow Pages Des Moines trade listings,2026-10-01
Stretch Flooring,directory,https://www.yellowpages.com/des-moines-ia/,Yellow Pages Des Moines trade listings,2026-10-01
Hello Garage of Des Moines,directory,https://www.yellowpages.com/des-moines-ia/,Yellow Pages Des Moines trade listings,2026-10-01
Chaplin Flooring,directory,https://www.yellowpages.com/des-moines-ia/,Yellow Pages Des Moines trade listings,2026-10-01
Simpley Floored by El,directory,https://www.yellowpages.com/des-moines-ia/,Yellow Pages Des Moines trade listings,2026-10-01
Flooring Gallery,directory,https://www.yellowpages.com/des-moines-ia/,Yellow Pages Des Moines trade listings,2026-10-01
K & A Flooring,directory,https://www.yellowpages.com/des-moines-ia/,Yellow Pages Des Moines trade listings,2026-10-01
Lockwood Flooring,directory,https://www.yellowpages.com/des-moines-ia/,Yellow Pages Des Moines trade listings,2026-10-01
Precision Countertops & Flooring,directory,https://www.yellowpages.com/des-moines-ia/,Yellow Pages Des Moines trade listings,2026-10-01
Flooring PRO,directory,https://www.yellowpages.com/des-moines-ia/,Yellow Pages Des Moines trade listings,2026-10-01
Mr. Seal Garage Floors LLC,directory,https://www.yellowpages.com/des-moines-ia/,Yellow Pages Des Moines trade listings,2026-10-01
Flooring Solutions LLC,directory,https://www.yellowpages.com/des-moines-ia/,Yellow Pages Des Moines trade listings,2026-10-01
Kurtz Home Improvement,directory,https://www.yellowpages.com/des-moines-ia/,Yellow Pages Des Moines trade listings,2026-10-01
"McChurch, Joe Inc",directory,https://www.yellowpages.com/des-moines-ia/,Yellow Pages Des Moines trade listings,2026-10-01
Barnum Quality Hardwood Floors,directory,https://www.yellowpages.com/des-moines-ia/,Yellow Pages Des Moines trade listings,2026-10-01
Lockwood Flooring,directory,https://www.yellowpages.com/des-moines-ia/,Yellow Pages Des Moines trade listings,2026-10-01
Floors Direct,directory,https://www.yellowpages.com/des-moines-ia/,Yellow Pages Des Moines trade listings,2026-10-01
Performance Concrete Seal,directory,https://www.yellowpages.com/des-moines-ia/,Yellow Pages Des Moines trade listings,2026-10-01
The Flooring Guys,directory,https://www.yellowpages.com/des-moines-ia/,Yellow Pages Des Moines trade listings,2026-10-01
Jody Sprock Design,directory,https://www.yellowpages.com/des-moines-ia/,Yellow Pages Des Moines trade listings,2026-10-01
Architectural Concrete Supply,directory,https://www.yellowpages.com/des-moines-ia/,Yellow Pages Des Moines trade listings,2026-10-01
KnoPros Inc,directory,https://www.yellowpages.com/des-moines-ia/,Yellow Pages Des Moines trade listings,2026-10-01
Flooring America - Clive,directory,https://www.yellowpages.com/des-moines-ia/,Yellow Pages Des Moines trade listings,2026-10-01
Lumber Liquidators,directory,https://www.yellowpages.com/des-moines-ia/,Yellow Pages Des Moines trade listings,2026-10-01
The Tile Shop,directory,https://www.yellowpages.com/des-moines-ia/,Yellow Pages Des Moines trade listings,2026-10-01
Floors 4 Iowa,directory,https://www.yellowpages.com/des-moines-ia/,Yellow Pages Des Moines trade listings,2026-10-01
Iowa Floor Covering LLC,directory,https://www.yellowpages.com/des-moines-ia/,Yellow Pages Des Moines trade listings,2026-10-01
F E Remodeling LLC,directory,https://www.yellowpages.com/des-moines-ia/,Yellow Pages Des Moines trade listings,2026-10-01
Floor & Decor,directory,https://www.yellowpages.com/des-moines-ia/,Yellow Pages Des Moines trade listings,2026-10-01
Home Services at The Home Depot,directory,https://www.yellowpages.com/des-moines-ia/,Yellow Pages Des Moines trade listings,2026-10-01
Pro Desk at The Home Depot,directory,https://www.yellowpages.com/des-moines-ia/,Yellow Pages Des Moines trade listings,2026-10-01
Premier Flooring Inc,directory,https://www.yellowpages.com/des-moines-ia/,Yellow Pages Des Moines trade listings,2026-10-01
Absolute Garage & Closets,directory,https://www.yellowpages.com/des-moines-ia/,Yellow Pages Des Moines trade listings,2026-10-01
Chaplin Flooring,directory,https://www.yellowpages.com/des-moines-ia/,Yellow Pages Des Moines trade listings,2026-10-01
Simpley Floored by El,directory,https://www.yellowpages.com/des-moines-ia/,Yellow Pages Des Moines trade listings,2026-10-01
Flooring Gallery,directory,https://www.yellowpages.com/des-moines-ia/,Yellow Pages Des Moines trade listings,2026-10-01
K & A Flooring,directory,https://www.yellowpages.com/des-moines-ia/,Yellow Pages Des Moines trade listings,2026-10-01
Lockwood Flooring,directory,https://www.yellowpages.com/des-moines-ia/,Yellow Pages Des Moines trade listings,2026-10-01
Flooring Solutions LLC,directory,https://www.yellowpages.com/des-moines-ia/,Yellow Pages Des Moines trade listings,2026-10-01
Kurtz Home Improvement,directory,https://www.yellowpages.com/des-moines-ia/,Yellow Pages Des Moines trade listings,2026-10-01
Premier Flooring Inc,directory,https://www.yellowpages.com/des-moines-ia/,Yellow Pages Des Moines trade listings,2026-10-01
Contractors Group Inc,directory,https://www.yellowpages.com/des-moines-ia/,Yellow Pages Des Moines trade listings,2026-10-01
Flooring Gallery,directory,https://www.yellowpages.com/des-moines-ia/,Yellow Pages Des Moines trade listings,2026-10-01
Davis Custom Remodeling,directory,https://www.yellowpages.com/des-moines-ia/,Yellow Pages Des Moines trade listings,2026-10-01
Flooring PRO,directory,https://www.yellowpages.com/des-moines-ia/,Yellow Pages Des Moines trade listings,2026-10-01
Skinner's Carpet Cleaning Inc,directory,https://www.yellowpages.com/des-moines-ia/,Yellow Pages Des Moines trade listings,2026-10-01
Allied Construction Services Inc.,directory,https://www.yellowpages.com/des-moines-ia/,Yellow Pages Des Moines trade listings,2026-10-01
Luke Brothers Flooring,directory,https://www.yellowpages.com/des-moines-ia/,Yellow Pages Des Moines trade listings,2026-10-01
JAX Carpentry & Cleaning Services,directory,https://www.yellowpages.com/des-moines-ia/,Yellow Pages Des Moines trade listings,2026-10-01
Advantage Hardwood Floors,directory,https://www.yellowpages.com/des-moines-ia/,Yellow Pages Des Moines trade listings,2026-10-01
Smith Ralph N Inc Fir Matrls,directory,https://www.yellowpages.com/des-moines-ia/,Yellow Pages Des Moines trade listings,2026-10-01
Precision Countertops & Flooring,directory,https://www.yellowpages.com/des-moines-ia/,Yellow Pages Des Moines trade listings,2026-10-01
Flooring PRO,directory,https://www.yellowpages.com/des-moines-ia/,Yellow Pages Des Moines trade listings,2026-10-01
Flooring Warehouse,directory,https://www.yellowpages.com/des-moines-ia/,Yellow Pages Des Moines trade listings,2026-10-01
Urban Flooring and Design,directory,https://www.yellowpages.com/des-moines-ia/,Yellow Pages Des Moines trade listings,2026-10-01
Ingamells Commercial Flooring,directory,https://www.yellowpages.com/des-moines-ia/,Yellow Pages Des Moines trade listings,2026-10-01
Andre's Carpet,directory,https://www.yellowpages.com/des-moines-ia/,Yellow Pages Des Moines trade listings,2026-10-01
Owens Floor Covering,directory,https://www.yellowpages.com/des-moines-ia/,Yellow Pages Des Moines trade listings,2026-10-01
Iowa Factory Prefinish,directory,https://www.yellowpages.com/des-moines-ia/,Yellow Pages Des Moines trade listings,2026-10-01
Tim Cox Flooring,directory,https://www.yellowpages.com/des-moines-ia/,Yellow Pages Des Moines trade listings,2026-10-01
Classic Hardwood Floors,directory,https://www.yellowpages.com/des-moines-ia/,Yellow Pages Des Moines trade listings,2026-10-01
Phillips' Floors Inc,directory,https://www.yellowpages.com/des-moines-ia/,Yellow Pages Des Moines trade listings,2026-10-01
Glascock Floors Inc,directory,https://www.yellowpages.com/des-moines-ia/,Yellow Pages Des Moines trade listings,2026-10-01
Mr. Seal Garage Floors,directory,https://www.yellowpages.com/des-moines-ia/,Yellow Pages Des Moines trade listings,2026-10-01
Poindexter Flooring Inc,directory,https://www.yellowpages.com/des-moines-ia/,Yellow Pages Des Moines trade listings,2026-10-01
Wyant Flooring Inc,directory,https://www.yellowpages.com/des-moines-ia/,Yellow Pages Des Moines trade listings,2026-10-01
Schilling Group Inc,directory,https://www.yellowpages.com/des-moines-ia/,Yellow Pages Des Moines trade listings,2026-10-01
Platinum Flooring,directory,https://www.yellowpages.com/des-moines-ia/,Yellow Pages Des Moines trade listings,2026-10-01
Steve Burns-Sons Tile-Stone,directory,https://www.yellowpages.com/des-moines-ia/,Yellow Pages Des Moines trade listings,2026-10-01
Artistic Masonry Unlimited llc,directory,https://www.yellowpages.com/des-moines-ia/,Yellow Pages Des Moines trade listings,2026-10-01
Paragon Concrete,directory,https://www.yellowpages.com/des-moines-ia/,Yellow Pages Des Moines trade listings,2026-10-01
Paragon Concrete,directory,https://www.yellowpages.com/des-moines-ia/,Yellow Pages Des Moines trade listings,2026-10-01
Jon's Dry Basement Foundation Repair,directory,https://www.yellowpages.com/des-moines-ia/,Yellow Pages Des Moines trade listings,2026-10-01
Painovich Robert and Sally,directory,https://www.yellowpages.com/des-moines-ia/,Yellow Pages Des Moines trade listings,2026-10-01
"Hallett Materials, A CRH Company",directory,https://www.yellowpages.com/des-moines-ia/,Yellow Pages Des Moines trade listings,2026-10-01
Basement Walls,directory,https://www.yellowpages.com/des-moines-ia/,Yellow Pages Des Moines trade listings,2026-10-01
White Cap,directory,https://www.yellowpages.com/des-moines-ia/,Yellow Pages Des Moines trade listings,2026-10-01
Iowa Landscape Supply,directory,https://www.yellowpages.com/des-moines-ia/,Yellow Pages Des Moines trade listings,2026-10-01
White Cap,directory,https://www.yellowpages.com/des-moines-ia/,Yellow Pages Des Moines trade listings,2026-10-01
Scott's Home Renewal,directory,https://www.yellowpages.com/des-moines-ia/,Yellow Pages Des Moines trade listings,2026-10-01
Iowa Home Restoration & Repair,directory,https://www.yellowpages.com/des-moines-ia/,Yellow Pages Des Moines trade listings,2026-10-01
Builders FirstSource,directory,https://www.yellowpages.com/des-moines-ia/,Yellow Pages Des Moines trade listings,2026-10-01
Maxim Trucking & Materials Inc.,directory,https://www.yellowpages.com/des-moines-ia/,Yellow Pages Des Moines trade listings,2026-10-01
American Perfection Basement Waterproofing,directory,https://www.yellowpages.com/des-moines-ia/,Yellow Pages Des Moines trade listings,2026-10-01
"Hallett Materials, a CRH Company",directory,https://www.yellowpages.com/des-moines-ia/,Yellow Pages Des Moines trade listings,2026-10-01
DM Hardscape,directory,https://www.yellowpages.com/des-moines-ia/,Yellow Pages Des Moines trade listings,2026-10-01
All Iowa Contractors,directory,https://www.yellowpages.com/des-moines-ia/,Yellow Pages Des Moines trade listings,2026-10-01
Better Basements,directory,https://www.yellowpages.com/des-moines-ia/,Yellow Pages Des Moines trade listings,2026-10-01
Solid Concrete DeSigns Inc,directory,https://www.yellowpages.com/des-moines-ia/,Yellow Pages Des Moines trade listings,2026-10-01
Topline Construction,directory,https://www.yellowpages.com/des-moines-ia/,Yellow Pages Des Moines trade listings,2026-10-01
Monarch Foundations Inc,directory,https://www.yellowpages.com/des-moines-ia/,Yellow Pages Des Moines trade listings,2026-10-01
Epp Foundation Repair,directory,https://www.yellowpages.com/des-moines-ia/,Yellow Pages Des Moines trade listings,2026-10-01
Foundation Recovery Systems,directory,https://www.yellowpages.com/des-moines-ia/,Yellow Pages Des Moines trade listings,2026-10-01
Moretrench,directory,https://www.yellowpages.com/des-moines-ia/,Yellow Pages Des Moines trade listings,2026-10-01
"Peerless Compaction Grouting, Inc. dba Uretek ICR Heartland",directory,https://www.yellowpages.com/des-moines-ia/,Yellow Pages Des Moines trade listings,2026-10-01
Architectural Products Inc,directory,https://www.yellowpages.com/des-moines-ia/,Yellow Pages Des Moines trade listings,2026-10-01
Central Iowa Solutions,directory,https://www.yellowpages.com/des-moines-ia/,Yellow Pages Des Moines trade listings,2026-10-01
Architectural Concrete Supply,directory,https://www.yellowpages.com/des-moines-ia/,Yellow Pages Des Moines trade listings,2026-10-01
Thrasher Foundation Repair,directory,https://www.yellowpages.com/des-moines-ia/,Yellow Pages Des Moines trade listings,2026-10-01
Deck and Drive Solutions,directory,https://www.yellowpages.com/des-moines-ia/,Yellow Pages Des Moines trade listings,2026-10-01
Paragon Concrete,directory,https://www.yellowpages.com/des-moines-ia/,Yellow Pages Des Moines trade listings,2026-10-01
Paragon Concrete,directory,https://www.yellowpages.com/des-moines-ia/,Yellow Pages Des Moines trade listings,2026-10-01
City Masonry Inc,directory,https://www.yellowpages.com/des-moines-ia/,Yellow Pages Des Moines trade listings,2026-10-01
Solid Concrete DeSigns Inc,directory,https://www.yellowpages.com/des-moines-ia/,Yellow Pages Des Moines trade listings,2026-10-01
Rooftopper Exteriors,directory,https://www.yellowpages.com/des-moines-ia/,Yellow Pages Des Moines trade listings,2026-10-01
All Basements & More,directory,https://www.yellowpages.com/des-moines-ia/,Yellow Pages Des Moines trade listings,2026-10-01
Painovich Robert and Sally,directory,https://www.yellowpages.com/des-moines-ia/,Yellow Pages Des Moines trade listings,2026-10-01
"Hallett Materials, A CRH Company",directory,https://www.yellowpages.com/des-moines-ia/,Yellow Pages Des Moines trade listings,2026-10-01
All Iowa Contractors,directory,https://www.yellowpages.com/des-moines-ia/,Yellow Pages Des Moines trade listings,2026-10-01
Better Basements,directory,https://www.yellowpages.com/des-moines-ia/,Yellow Pages Des Moines trade listings,2026-10-01
Moretrench,directory,https://www.yellowpages.com/des-moines-ia/,Yellow Pages Des Moines trade listings,2026-10-01
"Peerless Compaction Grouting, Inc. dba Uretek ICR Heartland",directory,https://www.yellowpages.com/des-moines-ia/,Yellow Pages Des Moines trade listings,2026-10-01
Contractors Group Inc,directory,https://www.yellowpages.com/des-moines-ia/,Yellow Pages Des Moines trade listings,2026-10-01
B.A.M! Basements and Masons,directory,https://www.yellowpages.com/des-moines-ia/,Yellow Pages Des Moines trade listings,2026-10-01
Acculevel,directory,https://www.yellowpages.com/des-moines-ia/,Yellow Pages Des Moines trade listings,2026-10-01
Barrier Waterproofing Systems,directory,https://www.yellowpages.com/des-moines-ia/,Yellow Pages Des Moines trade listings,2026-10-01
MidWest Basement Systems Inc,directory,https://www.yellowpages.com/des-moines-ia/,Yellow Pages Des Moines trade listings,2026-10-01
Silliman Construction,directory,https://www.yellowpages.com/des-moines-ia/,Yellow Pages Des Moines trade listings,2026-10-01
Laffoon & Co Inc,directory,https://www.yellowpages.com/des-moines-ia/,Yellow Pages Des Moines trade listings,2026-10-01
Iowa Tuckpointing,directory,https://www.yellowpages.com/des-moines-ia/,Yellow Pages Des Moines trade listings,2026-10-01
Downing Construction Inc,directory,https://www.yellowpages.com/des-moines-ia/,Yellow Pages Des Moines trade listings,2026-10-01
Cambron & Thacker Construction Inc,directory,https://www.yellowpages.com/des-moines-ia/,Yellow Pages Des Moines trade listings,2026-10-01
Iron Men Construction,directory,https://www.yellowpages.com/des-moines-ia/,Yellow Pages Des Moines trade listings,2026-10-01
DBI Foundation Repair,directory,https://www.yellowpages.com/des-moines-ia/,Yellow Pages Des Moines trade listings,2026-10-01
"Hallett Materials, A CRH Company",directory,https://www.yellowpages.com/des-moines-ia/,Yellow Pages Des Moines trade listings,2026-10-01
Finishline Concrete,directory,https://www.yellowpages.com/des-moines-ia/,Yellow Pages Des Moines trade listings,2026-10-01
A1 Concrete Leveling,directory,https://www.yellowpages.com/des-moines-ia/,Yellow Pages Des Moines trade listings,2026-10-01
Adams Door Company,directory,https://www.yellowpages.com/des-moines-ia/,Yellow Pages Des Moines trade listings,2026-10-01
Des Moines Door Co,directory,https://www.yellowpages.com/des-moines-ia/,Yellow Pages Des Moines trade listings,2026-10-01
Adams Door Company,directory,https://www.yellowpages.com/des-moines-ia/,Yellow Pages Des Moines trade listings,2026-10-01
Des Moines Door Co,directory,https://www.yellowpages.com/des-moines-ia/,Yellow Pages Des Moines trade listings,2026-10-01
Overhead Door Company of Des Moines,directory,https://www.yellowpages.com/des-moines-ia/,Yellow Pages Des Moines trade listings,2026-10-01
Same Day Garage Door Service & Repair,directory,https://www.yellowpages.com/des-moines-ia/,Yellow Pages Des Moines trade listings,2026-10-01
Hicklin Door Services & ACS Door Services,directory,https://www.yellowpages.com/des-moines-ia/,Yellow Pages Des Moines trade listings,2026-10-01
DH Pace Iowa,directory,https://www.yellowpages.com/des-moines-ia/,Yellow Pages Des Moines trade listings,2026-10-01
Titan Garage Doors Des Moines,directory,https://www.yellowpages.com/des-moines-ia/,Yellow Pages Des Moines trade listings,2026-10-01
Garage Door Des Moines,directory,https://www.yellowpages.com/des-moines-ia/,Yellow Pages Des Moines trade listings,2026-10-01
Precision Garage Door of Des Moines,directory,https://www.yellowpages.com/des-moines-ia/,Yellow Pages Des Moines trade listings,2026-10-01
Automatic Door Group Inc,directory,https://www.yellowpages.com/des-moines-ia/,Yellow Pages Des Moines trade listings,2026-10-01
Des Moines Door Co,directory,https://www.yellowpages.com/des-moines-ia/,Yellow Pages Des Moines trade listings,2026-10-01
Delden Garage Doors Inc,directory,https://www.yellowpages.com/des-moines-ia/,Yellow Pages Des Moines trade listings,2026-10-01
Out Door Thingz,directory,https://www.yellowpages.com/des-moines-ia/,Yellow Pages Des Moines trade listings,2026-10-01
Budget Garage,directory,https://www.yellowpages.com/des-moines-ia/,Yellow Pages Des Moines trade listings,2026-10-01
Canter Door Service,directory,https://www.yellowpages.com/des-moines-ia/,Yellow Pages Des Moines trade listings,2026-10-01
SDA Entrematic,directory,https://www.yellowpages.com/des-moines-ia/,Yellow Pages Des Moines trade listings,2026-10-01
"AAA Garage Door and Opener, Inc.",directory,https://www.yellowpages.com/des-moines-ia/,Yellow Pages Des Moines trade listings,2026-10-01
"Midwest Overhead Garage Doors, LLC",directory,https://www.yellowpages.com/des-moines-ia/,Yellow Pages Des Moines trade listings,2026-10-01
Fivestar Door,directory,https://www.yellowpages.com/des-moines-ia/,Yellow Pages Des Moines trade listings,2026-10-01
Delden Garage Doors Inc.,directory,https://www.yellowpages.com/des-moines-ia/,Yellow Pages Des Moines trade listings,2026-10-01
Door Entry,directory,https://www.yellowpages.com/des-moines-ia/,Yellow Pages Des Moines trade listings,2026-10-01
Kelly Installations,directory,https://www.yellowpages.com/des-moines-ia/,Yellow Pages Des Moines trade listings,2026-10-01
Delden Manufacturing,directory,https://www.yellowpages.com/des-moines-ia/,Yellow Pages Des Moines trade listings,2026-10-01
Garden Center at The Home Depot,directory,https://www.yellowpages.com/des-moines-ia/,Yellow Pages Des Moines trade listings,2026-10-01
Barron Equipment & Overhead Doors Des Moines,directory,https://www.yellowpages.com/des-moines-ia/,Yellow Pages Des Moines trade listings,2026-10-01
Dan's Overhead Doors & More,directory,https://www.yellowpages.com/des-moines-ia/,Yellow Pages Des Moines trade listings,2026-10-01
WD Door Garage Doors & Openers of Des Moines,directory,https://www.yellowpages.com/des-moines-ia/,Yellow Pages Des Moines trade listings,2026-10-01
Absolute Overhead Door,directory,https://www.yellowpages.com/des-moines-ia/,Yellow Pages Des Moines trade listings,2026-10-01
Edwards Garage Doors,directory,https://www.yellowpages.com/des-moines-ia/,Yellow Pages Des Moines trade listings,2026-10-01
Dan's Overhead Doors & More,directory,https://www.yellowpages.com/des-moines-ia/,Yellow Pages Des Moines trade listings,2026-10-01
Des Moines Door Co,directory,https://www.yellowpages.com/des-moines-ia/,Yellow Pages Des Moines trade listings,2026-10-01
Overhead Door Company of Des Moines,directory,https://www.yellowpages.com/des-moines-ia/,Yellow Pages Des Moines trade listings,2026-10-01
Garage Door Johnston,directory,https://www.yellowpages.com/des-moines-ia/,Yellow Pages Des Moines trade listings,2026-10-01
Precision Garage Door of Des Moines,directory,https://www.yellowpages.com/des-moines-ia/,Yellow Pages Des Moines trade listings,2026-10-01
Dan's Overhead Doors & More,directory,https://www.yellowpages.com/des-moines-ia/,Yellow Pages Des Moines trade listings,2026-10-01
Garage Door Windsor Heights,directory,https://www.yellowpages.com/des-moines-ia/,Yellow Pages Des Moines trade listings,2026-10-01
Amega Garage Doors & Openers Inc,directory,https://www.yellowpages.com/des-moines-ia/,Yellow Pages Des Moines trade listings,2026-10-01
Doors of Distinction,directory,https://www.yellowpages.com/des-moines-ia/,Yellow Pages Des Moines trade listings,2026-10-01
ABC Garage Door,directory,https://www.yellowpages.com/des-moines-ia/,Yellow Pages Des Moines trade listings,2026-10-01
Garage Door Grimes,directory,https://www.yellowpages.com/des-moines-ia/,Yellow Pages Des Moines trade listings,2026-10-01
Precision Door Service Inc,directory,https://www.yellowpages.com/des-moines-ia/,Yellow Pages Des Moines trade listings,2026-10-01
Overhead Door,directory,https://www.yellowpages.com/des-moines-ia/,Yellow Pages Des Moines trade listings,2026-10-01
Ankeny Garage Door Repair,directory,https://www.yellowpages.com/des-moines-ia/,Yellow Pages Des Moines trade listings,2026-10-01
ACCESS GARAGE DOOR,directory,https://www.yellowpages.com/des-moines-ia/,Yellow Pages Des Moines trade listings,2026-10-01
Des Moines Door Company,directory,https://www.yellowpages.com/des-moines-ia/,Yellow Pages Des Moines trade listings,2026-10-01
Lowe's Home Improvement,directory,https://www.yellowpages.com/des-moines-ia/,Yellow Pages Des Moines trade listings,2026-10-01
Dan's Doors,directory,https://www.yellowpages.com/des-moines-ia/,Yellow Pages Des Moines trade listings,2026-10-01
Precision Door Service,directory,https://www.yellowpages.com/des-moines-ia/,Yellow Pages Des Moines trade listings,2026-10-01
Hardin Garage Doors,directory,https://www.yellowpages.com/des-moines-ia/,Yellow Pages Des Moines trade listings,2026-10-01
Hedricks Garage Doors & Springs,directory,https://www.yellowpages.com/des-moines-ia/,Yellow Pages Des Moines trade listings,2026-10-01
Hedricks Doors,directory,https://www.yellowpages.com/des-moines-ia/,Yellow Pages Des Moines trade listings,2026-10-01
Top Gun Contractors of Grimes,directory,https://www.yellowpages.com/des-moines-ia/,Yellow Pages Des Moines trade listings,2026-10-01
John Voss Concrete & Excavating Inc.,directory,https://www.yellowpages.com/des-moines-ia/,Yellow Pages Des Moines trade listings,2026-10-01
DLR Construction,directory,https://www.yellowpages.com/des-moines-ia/,Yellow Pages Des Moines trade listings,2026-10-01
Top Gun Contractors of Grimes,directory,https://www.yellowpages.com/des-moines-ia/,Yellow Pages Des Moines trade listings,2026-10-01
John Voss Concrete & Excavating Inc.,directory,https://www.yellowpages.com/des-moines-ia/,Yellow Pages Des Moines trade listings,2026-10-01
DLR Construction,directory,https://www.yellowpages.com/des-moines-ia/,Yellow Pages Des Moines trade listings,2026-10-01
Stephen R Grubb Construction Inc.,directory,https://www.yellowpages.com/des-moines-ia/,Yellow Pages Des Moines trade listings,2026-10-01
Gutters Plus Exteriors,directory,https://www.yellowpages.com/des-moines-ia/,Yellow Pages Des Moines trade listings,2026-10-01
Construction Materials Testing,directory,https://www.yellowpages.com/des-moines-ia/,Yellow Pages Des Moines trade listings,2026-10-01
Allied Construction Services Inc.,directory,https://www.yellowpages.com/des-moines-ia/,Yellow Pages Des Moines trade listings,2026-10-01
Carroll C L & Co Contr,directory,https://www.yellowpages.com/des-moines-ia/,Yellow Pages Des Moines trade listings,2026-10-01
"Custis Contracting Services, LLC",directory,https://www.yellowpages.com/des-moines-ia/,Yellow Pages Des Moines trade listings,2026-10-01
Weitz Iowa,directory,https://www.yellowpages.com/des-moines-ia/,Yellow Pages Des Moines trade listings,2026-10-01
"Neumann Brothers, Inc.",directory,https://www.yellowpages.com/des-moines-ia/,Yellow Pages Des Moines trade listings,2026-10-01
Deleon Jack Construction Inc,directory,https://www.yellowpages.com/des-moines-ia/,Yellow Pages Des Moines trade listings,2026-10-01
Hy-Vee Construction,directory,https://www.yellowpages.com/des-moines-ia/,Yellow Pages Des Moines trade listings,2026-10-01
Breiholz Construction,directory,https://www.yellowpages.com/des-moines-ia/,Yellow Pages Des Moines trade listings,2026-10-01
Total Exteriors,directory,https://www.yellowpages.com/des-moines-ia/,Yellow Pages Des Moines trade listings,2026-10-01
McAninch Corp,directory,https://www.yellowpages.com/des-moines-ia/,Yellow Pages Des Moines trade listings,2026-10-01
Strother Built Construction,directory,https://www.yellowpages.com/des-moines-ia/,Yellow Pages Des Moines trade listings,2026-10-01
"The Weitz Company Des Moines, IA Headquarters",directory,https://www.yellowpages.com/des-moines-ia/,Yellow Pages Des Moines trade listings,2026-10-01
The Weitz Company,directory,https://www.yellowpages.com/des-moines-ia/,Yellow Pages Des Moines trade listings,2026-10-01
Nelson Contracting,directory,https://www.yellowpages.com/des-moines-ia/,Yellow Pages Des Moines trade listings,2026-10-01
TERRY'S CONTRACTORS,directory,https://www.yellowpages.com/des-moines-ia/,Yellow Pages Des Moines trade listings,2026-10-01
Atlas Masonry & Chimney,directory,https://www.yellowpages.com/des-moines-ia/,Yellow Pages Des Moines trade listings,2026-10-01
Home Pro's Inc,directory,https://www.yellowpages.com/des-moines-ia/,Yellow Pages Des Moines trade listings,2026-10-01
B & M Contractor's,directory,https://www.yellowpages.com/des-moines-ia/,Yellow Pages Des Moines trade listings,2026-10-01
Echolutionary Construction,directory,https://www.yellowpages.com/des-moines-ia/,Yellow Pages Des Moines trade listings,2026-10-01
Professional Contracting Services,directory,https://www.yellowpages.com/des-moines-ia/,Yellow Pages Des Moines trade listings,2026-10-01
Done Right Roofing & Exteriors,directory,https://www.yellowpages.com/des-moines-ia/,Yellow Pages Des Moines trade listings,2026-10-01
Elder Corporation,directory,https://www.yellowpages.com/des-moines-ia/,Yellow Pages Des Moines trade listings,2026-10-01
John Voss Concrete & Excavating Inc.,directory,https://www.yellowpages.com/des-moines-ia/,Yellow Pages Des Moines trade listings,2026-10-01
Top Gun Contractors of Grimes,directory,https://www.yellowpages.com/des-moines-ia/,Yellow Pages Des Moines trade listings,2026-10-01
DLR Construction,directory,https://www.yellowpages.com/des-moines-ia/,Yellow Pages Des Moines trade listings,2026-10-01
Stephen R Grubb Construction Inc.,directory,https://www.yellowpages.com/des-moines-ia/,Yellow Pages Des Moines trade listings,2026-10-01
"Steel Builders, Inc",directory,https://www.yellowpages.com/des-moines-ia/,Yellow Pages Des Moines trade listings,2026-10-01
R & D Builders,directory,https://www.yellowpages.com/des-moines-ia/,Yellow Pages Des Moines trade listings,2026-10-01
All Homes Construction,directory,https://www.yellowpages.com/des-moines-ia/,Yellow Pages Des Moines trade listings,2026-10-01
Sani Enterprise,directory,https://www.yellowpages.com/des-moines-ia/,Yellow Pages Des Moines trade listings,2026-10-01
Oakwood Builders Group,directory,https://www.yellowpages.com/des-moines-ia/,Yellow Pages Des Moines trade listings,2026-10-01
JE Dunn Construction Co,directory,https://www.yellowpages.com/des-moines-ia/,Yellow Pages Des Moines trade listings,2026-10-01
Graham Construction,directory,https://www.yellowpages.com/des-moines-ia/,Yellow Pages Des Moines trade listings,2026-10-01
Ezv Storm Recovery,directory,https://www.yellowpages.com/des-moines-ia/,Yellow Pages Des Moines trade listings,2026-10-01
Beal Derkenne Construction,directory,https://www.yellowpages.com/des-moines-ia/,Yellow Pages Des Moines trade listings,2026-10-01
Henningsen Const Inc,directory,https://www.yellowpages.com/des-moines-ia/,Yellow Pages Des Moines trade listings,2026-10-01
Folkers Construction Inc,directory,https://www.yellowpages.com/des-moines-ia/,Yellow Pages Des Moines trade listings,2026-10-01
Legacy Construction Associates Inc,directory,https://www.yellowpages.com/des-moines-ia/,Yellow Pages Des Moines trade listings,2026-10-01
Ebm Construction Inc,directory,https://www.yellowpages.com/des-moines-ia/,Yellow Pages Des Moines trade listings,2026-10-01
Samuels Group,directory,https://www.yellowpages.com/des-moines-ia/,Yellow Pages Des Moines trade listings,2026-10-01
Your Exterior Depot,directory,https://www.yellowpages.com/des-moines-ia/,Yellow Pages Des Moines trade listings,2026-10-01
Better Basements,directory,https://www.yellowpages.com/des-moines-ia/,Yellow Pages Des Moines trade listings,2026-10-01
Baxter Construction,directory,https://www.yellowpages.com/des-moines-ia/,Yellow Pages Des Moines trade listings,2026-10-01
Csla Iowa,directory,https://www.yellowpages.com/des-moines-ia/,Yellow Pages Des Moines trade listings,2026-10-01
Ruperto Construction,directory,https://www.yellowpages.com/des-moines-ia/,Yellow Pages Des Moines trade listings,2026-10-01
Central Iowa Radon,directory,https://www.yellowpages.com/des-moines-ia/,Yellow Pages Des Moines trade listings,2026-10-01
Estes Construction,directory,https://www.yellowpages.com/des-moines-ia/,Yellow Pages Des Moines trade listings,2026-10-01
Rojas Roofing,directory,https://www.yellowpages.com/des-moines-ia/,Yellow Pages Des Moines trade listings,2026-10-01
All Iowa Construction,directory,https://www.yellowpages.com/des-moines-ia/,Yellow Pages Des Moines trade listings,2026-10-01
JE Dunn Construction Co,directory,https://www.yellowpages.com/des-moines-ia/,Yellow Pages Des Moines trade listings,2026-10-01
Graham Construction,directory,https://www.yellowpages.com/des-moines-ia/,Yellow Pages Des Moines trade listings,2026-10-01
Anwell Construction,directory,https://www.yellowpages.com/des-moines-ia/,Yellow Pages Des Moines trade listings,2026-10-01
Kestor Constr,directory,https://www.yellowpages.com/des-moines-ia/,Yellow Pages Des Moines trade listings,2026-10-01
D & Y Construction Service,directory,https://www.yellowpages.com/des-moines-ia/,Yellow Pages Des Moines trade listings,2026-10-01
GTG Construction,directory,https://www.yellowpages.com/des-moines-ia/,Yellow Pages Des Moines trade listings,2026-10-01
Artisans of Faith,directory,https://www.yellowpages.com/des-moines-ia/,Yellow Pages Des Moines trade listings,2026-10-01
Focus Construction,directory,https://www.yellowpages.com/des-moines-ia/,Yellow Pages Des Moines trade listings,2026-10-01
Epoxy Flooring Iowa,directory,https://www.yellowpages.com/des-moines-ia/,Yellow Pages Des Moines trade listings,2026-10-01
Structure Construction,directory,https://www.yellowpages.com/des-moines-ia/,Yellow Pages Des Moines trade listings,2026-10-01
Q3 Contracting Inc,directory,https://www.yellowpages.com/des-moines-ia/,Yellow Pages Des Moines trade listings,2026-10-01
Nehring Construction Inc,directory,https://www.yellowpages.com/des-moines-ia/,Yellow Pages Des Moines trade listings,2026-10-01
Graham Construction,directory,https://www.yellowpages.com/des-moines-ia/,Yellow Pages Des Moines trade listings,2026-10-01
Royal Construction Services Inc,directory,https://www.yellowpages.com/des-moines-ia/,Yellow Pages Des Moines trade listings,2026-10-01
Sage Construction,directory,https://www.yellowpages.com/des-moines-ia/,Yellow Pages Des Moines trade listings,2026-10-01
B R Construction,directory,https://www.yellowpages.com/des-moines-ia/,Yellow Pages Des Moines trade listings,2026-10-01
Jpr Construction Ny,directory,https://www.yellowpages.com/des-moines-ia/,Yellow Pages Des Moines trade listings,2026-10-01
Jordison Construction Shop,directory,https://www.yellowpages.com/des-moines-ia/,Yellow Pages Des Moines trade listings,2026-10-01
Murueta Construction,directory,https://www.yellowpages.com/des-moines-ia/,Yellow Pages Des Moines trade listings,2026-10-01
Reynolds General Construction,directory,https://www.yellowpages.com/des-moines-ia/,Yellow Pages Des Moines trade listings,2026-10-01
DML Construction Service,directory,https://www.yellowpages.com/des-moines-ia/,Yellow Pages Des Moines trade listings,2026-10-01
Handyhawk,directory,https://www.yellowpages.com/des-moines-ia/,Yellow Pages Des Moines trade listings,2026-10-01
Aye Contractors,directory,https://www.yellowpages.com/des-moines-ia/,Yellow Pages Des Moines trade listings,2026-10-01
Swope Construction Inc,directory,https://www.yellowpages.com/des-moines-ia/,Yellow Pages Des Moines trade listings,2026-10-01
Construction Products Inc,directory,https://www.yellowpages.com/des-moines-ia/,Yellow Pages Des Moines trade listings,2026-10-01
Perk General Contracting,directory,https://www.yellowpages.com/des-moines-ia/,Yellow Pages Des Moines trade listings,2026-10-01
TelCom Construction,directory,https://www.yellowpages.com/des-moines-ia/,Yellow Pages Des Moines trade listings,2026-10-01
Lopez Construction Services,directory,https://www.yellowpages.com/des-moines-ia/,Yellow Pages Des Moines trade listings,2026-10-01
All Iowa Construction Service,directory,https://www.yellowpages.com/des-moines-ia/,Yellow Pages Des Moines trade listings,2026-10-01
Rocky Hurst Construction Inc,directory,https://www.yellowpages.com/des-moines-ia/,Yellow Pages Des Moines trade listings,2026-10-01
Mattas Construction Company,directory,https://www.yellowpages.com/des-moines-ia/,Yellow Pages Des Moines trade listings,2026-10-01
Gedeon Build Up,directory,https://www.yellowpages.com/des-moines-ia/,Yellow Pages Des Moines trade listings,2026-10-01
Mj Builders,directory,https://www.yellowpages.com/des-moines-ia/,Yellow Pages Des Moines trade listings,2026-10-01
Drake Homes-Des Moines Home BLDR,directory,https://www.yellowpages.com/des-moines-ia/,Yellow Pages Des Moines trade listings,2026-10-01
Worthington Construction,directory,https://www.yellowpages.com/des-moines-ia/,Yellow Pages Des Moines trade listings,2026-10-01
M Newton Construction,directory,https://www.yellowpages.com/des-moines-ia/,Yellow Pages Des Moines trade listings,2026-10-01
Lopez Construction Service,directory,https://www.yellowpages.com/des-moines-ia/,Yellow Pages Des Moines trade listings,2026-10-01
Midstate Rolloff,directory,https://www.yellowpages.com/des-moines-ia/,Yellow Pages Des Moines trade listings,2026-10-01
Southeast Constructors Inc,directory,https://www.yellowpages.com/des-moines-ia/,Yellow Pages Des Moines trade listings,2026-10-01
Smith Builders,directory,https://www.yellowpages.com/des-moines-ia/,Yellow Pages Des Moines trade listings,2026-10-01
IBEW Local 55,directory,https://www.yellowpages.com/des-moines-ia/,Yellow Pages Des Moines trade listings,2026-10-01
Optimum General Contractors,directory,https://www.yellowpages.com/des-moines-ia/,Yellow Pages Des Moines trade listings,2026-10-01
Loyal Construction Services Inc,directory,https://www.yellowpages.com/des-moines-ia/,Yellow Pages Des Moines trade listings,2026-10-01
MMK Construction,directory,https://www.yellowpages.com/des-moines-ia/,Yellow Pages Des Moines trade listings,2026-10-01
Scherr Contracting,directory,https://www.yellowpages.com/des-moines-ia/,Yellow Pages Des Moines trade listings,2026-10-01
Vincent General CNTRCTNG,directory,https://www.yellowpages.com/des-moines-ia/,Yellow Pages Des Moines trade listings,2026-10-01
Southeast Constructors,directory,https://www.yellowpages.com/des-moines-ia/,Yellow Pages Des Moines trade listings,2026-10-01
Seth Wicks Construction,directory,https://www.yellowpages.com/des-moines-ia/,Yellow Pages Des Moines trade listings,2026-10-01
Skold Specialty Contracting,directory,https://www.yellowpages.com/des-moines-ia/,Yellow Pages Des Moines trade listings,2026-10-01
Soli Construction & Contractors,directory,https://www.yellowpages.com/des-moines-ia/,Yellow Pages Des Moines trade listings,2026-10-01
Construction & Aggregate Products Inc,directory,https://www.yellowpages.com/des-moines-ia/,Yellow Pages Des Moines trade listings,2026-10-01
Pic Inc,directory,https://www.yellowpages.com/des-moines-ia/,Yellow Pages Des Moines trade listings,2026-10-01
Primetime Remodels,directory,https://www.yellowpages.com/des-moines-ia/,Yellow Pages Des Moines trade listings,2026-10-01
Narrow Gate Construction,directory,https://www.yellowpages.com/des-moines-ia/,Yellow Pages Des Moines trade listings,2026-10-01
Eagle Construction Co,directory,https://www.yellowpages.com/des-moines-ia/,Yellow Pages Des Moines trade listings,2026-10-01
Amp Construction & Landscaping,directory,https://www.yellowpages.com/des-moines-ia/,Yellow Pages Des Moines trade listings,2026-10-01
Daughenbaugh Construction + Restoration,directory,https://www.yellowpages.com/des-moines-ia/,Yellow Pages Des Moines trade listings,2026-10-01
JC AM Group LLC. Remodeling Construction Home Improvement,directory,https://www.yellowpages.com/des-moines-ia/,Yellow Pages Des Moines trade listings,2026-10-01
MG's Construction LLC,directory,https://www.yellowpages.com/des-moines-ia/,Yellow Pages Des Moines trade listings,2026-10-01
Lillard Construction,directory,https://www.yellowpages.com/des-moines-ia/,Yellow Pages Des Moines trade listings,2026-10-01
Pacesetter Co Inc,directory,https://www.yellowpages.com/des-moines-ia/,Yellow Pages Des Moines trade listings,2026-10-01
Purscell Co,directory,https://www.yellowpages.com/des-moines-ia/,Yellow Pages Des Moines trade listings,2026-10-01
"Bergstrom Construction, Inc",directory,https://www.yellowpages.com/des-moines-ia/,Yellow Pages Des Moines trade listings,2026-10-01
Home Sketch Inc,directory,https://www.yellowpages.com/des-moines-ia/,Yellow Pages Des Moines trade listings,2026-10-01
Raven Electric,directory,https://www.yellowpages.com/des-moines-ia/,Yellow Pages Des Moines trade listings,2026-10-01
C Green Contractor,directory,https://www.yellowpages.com/des-moines-ia/,Yellow Pages Des Moines trade listings,2026-10-01
Ruperto Construction Lc,directory,https://www.yellowpages.com/des-moines-ia/,Yellow Pages Des Moines trade listings,2026-10-01
Netzel Construction,directory,https://www.yellowpages.com/des-moines-ia/,Yellow Pages Des Moines trade listings,2026-10-01
Graham Construction Company,directory,https://www.yellowpages.com/des-moines-ia/,Yellow Pages Des Moines trade listings,2026-10-01
First General Services,directory,https://www.yellowpages.com/des-moines-ia/,Yellow Pages Des Moines trade listings,2026-10-01
GRA RE Builders,directory,https://www.yellowpages.com/des-moines-ia/,Yellow Pages Des Moines trade listings,2026-10-01
Affordable Construction,directory,https://www.yellowpages.com/des-moines-ia/,Yellow Pages Des Moines trade listings,2026-10-01
Home Maids of Iowa,directory,https://www.yellowpages.com/des-moines-ia/,Yellow Pages Des Moines trade listings,2026-10-01
Heuermann L L Siding & Insulation,directory,https://www.yellowpages.com/des-moines-ia/,Yellow Pages Des Moines trade listings,2026-10-01
Konstruct Pros Llc,directory,https://www.yellowpages.com/des-moines-ia/,Yellow Pages Des Moines trade listings,2026-10-01
Iowa Landscape Supply,directory,https://www.yellowpages.com/des-moines-ia/,Yellow Pages Des Moines trade listings,2026-10-01
Aim Kitchen & Bath,directory,https://www.yellowpages.com/des-moines-ia/,Yellow Pages Des Moines trade listings,2026-10-01
Scott's Home Renewal,directory,https://www.yellowpages.com/des-moines-ia/,Yellow Pages Des Moines trade listings,2026-10-01
Des Moines Winterset Memorials,directory,https://www.yellowpages.com/des-moines-ia/,Yellow Pages Des Moines trade listings,2026-10-01
Plumb Supply Company,directory,https://www.yellowpages.com/des-moines-ia/,Yellow Pages Des Moines trade listings,2026-10-01
Built By Bill,directory,https://www.yellowpages.com/des-moines-ia/,Yellow Pages Des Moines trade listings,2026-10-01
Project Solutions,directory,https://www.yellowpages.com/des-moines-ia/,Yellow Pages Des Moines trade listings,2026-10-01
"Action Roofing & Construction, Inc.",directory,https://www.yellowpages.com/des-moines-ia/,Yellow Pages Des Moines trade listings,2026-10-01
Builders FirstSource,directory,https://www.yellowpages.com/des-moines-ia/,Yellow Pages Des Moines trade listings,2026-10-01
Jensen Builders Ltd,directory,https://www.yellowpages.com/des-moines-ia/,Yellow Pages Des Moines trade listings,2026-10-01
Andrew's Roofing Company,directory,https://www.yellowpages.com/des-moines-ia/,Yellow Pages Des Moines trade listings,2026-10-01
Blue Sky Cleaning and Demolition Services,directory,https://www.yellowpages.com/des-moines-ia/,Yellow Pages Des Moines trade listings,2026-10-01
JCV Construction Inc,directory,https://www.yellowpages.com/des-moines-ia/,Yellow Pages Des Moines trade listings,2026-10-01
Elite Woodworks & Home Improvements,directory,https://www.yellowpages.com/des-moines-ia/,Yellow Pages Des Moines trade listings,2026-10-01
Anderson Professional Painting,directory,https://www.yellowpages.com/des-moines-ia/,Yellow Pages Des Moines trade listings,2026-10-01
Nehring Construction Inc,directory,https://www.yellowpages.com/des-moines-ia/,Yellow Pages Des Moines trade listings,2026-10-01
Mos Custom Construction,directory,https://www.yellowpages.com/des-moines-ia/,Yellow Pages Des Moines trade listings,2026-10-01
Champion Crane Svc Inc,directory,https://www.yellowpages.com/des-moines-ia/,Yellow Pages Des Moines trade listings,2026-10-01
Recon Roofing & Construction,directory,https://www.yellowpages.com/des-moines-ia/,Yellow Pages Des Moines trade listings,2026-10-01
Creating Spaces,directory,https://www.yellowpages.com/des-moines-ia/,Yellow Pages Des Moines trade listings,2026-10-01
ASK Studio,directory,https://www.yellowpages.com/des-moines-ia/,Yellow Pages Des Moines trade listings,2026-10-01
American Perfection Basement Waterproofing,directory,https://www.yellowpages.com/des-moines-ia/,Yellow Pages Des Moines trade listings,2026-10-01
Classic Pavers,directory,https://www.yellowpages.com/des-moines-ia/,Yellow Pages Des Moines trade listings,2026-10-01
JC Services,directory,https://www.yellowpages.com/des-moines-ia/,Yellow Pages Des Moines trade listings,2026-10-01
Ram Development,directory,https://www.yellowpages.com/des-moines-ia/,Yellow Pages Des Moines trade listings,2026-10-01
Jls Grading & Dirt Work,directory,https://www.yellowpages.com/des-moines-ia/,Yellow Pages Des Moines trade listings,2026-10-01
McAninch Corp,directory,https://www.yellowpages.com/des-moines-ia/,Yellow Pages Des Moines trade listings,2026-10-01
Elder Corporation,directory,https://www.yellowpages.com/des-moines-ia/,Yellow Pages Des Moines trade listings,2026-10-01
Treehugger Completetree Service,directory,https://www.yellowpages.com/des-moines-ia/,Yellow Pages Des Moines trade listings,2026-10-01
Mckinney Excavating,directory,https://www.yellowpages.com/des-moines-ia/,Yellow Pages Des Moines trade listings,2026-10-01
Oxford Tree Service,directory,https://www.yellowpages.com/des-moines-ia/,Yellow Pages Des Moines trade listings,2026-10-01
Towers Grading & Land Improvement,directory,https://www.yellowpages.com/des-moines-ia/,Yellow Pages Des Moines trade listings,2026-10-01
Huber Grading,directory,https://www.yellowpages.com/des-moines-ia/,Yellow Pages Des Moines trade listings,2026-10-01
Huber Grading,directory,https://www.yellowpages.com/des-moines-ia/,Yellow Pages Des Moines trade listings,2026-10-01
Huber Grading & Land Development,directory,https://www.yellowpages.com/des-moines-ia/,Yellow Pages Des Moines trade listings,2026-10-01
Hyde mowing & snow removal,directory,https://www.yellowpages.com/des-moines-ia/,Yellow Pages Des Moines trade listings,2026-10-01
"Hibbs Excavating & Grading, Inc.",directory,https://www.yellowpages.com/des-moines-ia/,Yellow Pages Des Moines trade listings,2026-10-01
Ryse Contracting,directory,https://www.yellowpages.com/des-moines-ia/,Yellow Pages Des Moines trade listings,2026-10-01
Martin Grading & Landscaping,directory,https://www.yellowpages.com/des-moines-ia/,Yellow Pages Des Moines trade listings,2026-10-01
KRK Property Management,directory,https://www.yellowpages.com/des-moines-ia/,Yellow Pages Des Moines trade listings,2026-10-01
Vice Construction,directory,https://www.yellowpages.com/des-moines-ia/,Yellow Pages Des Moines trade listings,2026-10-01
Allstate Gutter & Siding,directory,https://www.yellowpages.com/des-moines-ia/,Yellow Pages Des Moines trade listings,2026-10-01
Exterior Sheet Metal Inc,directory,https://www.yellowpages.com/des-moines-ia/,Yellow Pages Des Moines trade listings,2026-10-01
Allstate Gutter & Siding,directory,https://www.yellowpages.com/des-moines-ia/,Yellow Pages Des Moines trade listings,2026-10-01
Exterior Sheet Metal Inc,directory,https://www.yellowpages.com/des-moines-ia/,Yellow Pages Des Moines trade listings,2026-10-01
Lastime Exteriors,directory,https://www.yellowpages.com/des-moines-ia/,Yellow Pages Des Moines trade listings,2026-10-01
Alan's Seamless Gutters & Windows,directory,https://www.yellowpages.com/des-moines-ia/,Yellow Pages Des Moines trade listings,2026-10-01
Allstate Gutter & Siding,directory,https://www.yellowpages.com/des-moines-ia/,Yellow Pages Des Moines trade listings,2026-10-01
Gutters Plus Exteriors,directory,https://www.yellowpages.com/des-moines-ia/,Yellow Pages Des Moines trade listings,2026-10-01
Alan's Seamless Gutters,directory,https://www.yellowpages.com/des-moines-ia/,Yellow Pages Des Moines trade listings,2026-10-01
Ankeny Seamless Gutters,directory,https://www.yellowpages.com/des-moines-ia/,Yellow Pages Des Moines trade listings,2026-10-01
A1 Advanced Guttering Systems,directory,https://www.yellowpages.com/des-moines-ia/,Yellow Pages Des Moines trade listings,2026-10-01
Gutter Supplies Inc,directory,https://www.yellowpages.com/des-moines-ia/,Yellow Pages Des Moines trade listings,2026-10-01
Dougs Seamless Gutters N' More,directory,https://www.yellowpages.com/des-moines-ia/,Yellow Pages Des Moines trade listings,2026-10-01
Iowa Gutter Cleaning,directory,https://www.yellowpages.com/des-moines-ia/,Yellow Pages Des Moines trade listings,2026-10-01
Gutter Cleaning Iowa,directory,https://www.yellowpages.com/des-moines-ia/,Yellow Pages Des Moines trade listings,2026-10-01
Des Moines Seamless Gutters,directory,https://www.yellowpages.com/des-moines-ia/,Yellow Pages Des Moines trade listings,2026-10-01
Trusted Roofing and Exteriors,directory,https://www.yellowpages.com/des-moines-ia/,Yellow Pages Des Moines trade listings,2026-10-01
Ahumada Gutters LLC,directory,https://www.yellowpages.com/des-moines-ia/,Yellow Pages Des Moines trade listings,2026-10-01
Gutters Plus Exteriors & Roofing,directory,https://www.yellowpages.com/des-moines-ia/,Yellow Pages Des Moines trade listings,2026-10-01
S & C Seamless Gutters,directory,https://www.yellowpages.com/des-moines-ia/,Yellow Pages Des Moines trade listings,2026-10-01
Paplow Roofing Seamless Gutters and Siding and Windows,directory,https://www.yellowpages.com/des-moines-ia/,Yellow Pages Des Moines trade listings,2026-10-01
Current Seamless Gutters,directory,https://www.yellowpages.com/des-moines-ia/,Yellow Pages Des Moines trade listings,2026-10-01
Wildcat Roofing & Construction,directory,https://www.yellowpages.com/des-moines-ia/,Yellow Pages Des Moines trade listings,2026-10-01
Brothers Gutters Inc,directory,https://www.yellowpages.com/des-moines-ia/,Yellow Pages Des Moines trade listings,2026-10-01
Mike's Seamless Gutter,directory,https://www.yellowpages.com/des-moines-ia/,Yellow Pages Des Moines trade listings,2026-10-01
"Action Roofing & Construction, Inc.",directory,https://www.yellowpages.com/des-moines-ia/,Yellow Pages Des Moines trade listings,2026-10-01
"Aspen Contracting, Inc.",directory,https://www.yellowpages.com/des-moines-ia/,Yellow Pages Des Moines trade listings,2026-10-01
One & Done Roofing,directory,https://www.yellowpages.com/des-moines-ia/,Yellow Pages Des Moines trade listings,2026-10-01
Recon Roofing & Construction,directory,https://www.yellowpages.com/des-moines-ia/,Yellow Pages Des Moines trade listings,2026-10-01
Exterior Sheet Metal Inc,directory,https://www.yellowpages.com/des-moines-ia/,Yellow Pages Des Moines trade listings,2026-10-01
Allstate Gutter & Siding,directory,https://www.yellowpages.com/des-moines-ia/,Yellow Pages Des Moines trade listings,2026-10-01
Lastime Exteriors,directory,https://www.yellowpages.com/des-moines-ia/,Yellow Pages Des Moines trade listings,2026-10-01
Alan's Seamless Gutters & Windows,directory,https://www.yellowpages.com/des-moines-ia/,Yellow Pages Des Moines trade listings,2026-10-01
Lastime Exteriors,directory,https://www.yellowpages.com/des-moines-ia/,Yellow Pages Des Moines trade listings,2026-10-01
AFFORDABLE ROOFING AND EXTERIORS INC,directory,https://www.yellowpages.com/des-moines-ia/,Yellow Pages Des Moines trade listings,2026-10-01
Ultimate Exteriors,directory,https://www.yellowpages.com/des-moines-ia/,Yellow Pages Des Moines trade listings,2026-10-01
Affordable Roofing & Exteriors Inc,directory,https://www.yellowpages.com/des-moines-ia/,Yellow Pages Des Moines trade listings,2026-10-01
Affordable Contracting,directory,https://www.yellowpages.com/des-moines-ia/,Yellow Pages Des Moines trade listings,2026-10-01
All Iowa Products,directory,https://www.yellowpages.com/des-moines-ia/,Yellow Pages Des Moines trade listings,2026-10-01
Rising Star Wholesale,directory,https://www.yellowpages.com/des-moines-ia/,Yellow Pages Des Moines trade listings,2026-10-01
Friend Landscaping,directory,https://www.yellowpages.com/des-moines-ia/,Yellow Pages Des Moines trade listings,2026-10-01
Polar Products,directory,https://www.yellowpages.com/des-moines-ia/,Yellow Pages Des Moines trade listings,2026-10-01
LeafFilter Gutter Installation & Guards,directory,https://www.yellowpages.com/des-moines-ia/,Yellow Pages Des Moines trade listings,2026-10-01
American Softwash,directory,https://www.yellowpages.com/des-moines-ia/,Yellow Pages Des Moines trade listings,2026-10-01
AFFORDABLE EXTERIORS LLC,directory,https://www.yellowpages.com/des-moines-ia/,Yellow Pages Des Moines trade listings,2026-10-01
Waddle Exteriors & Roofing,directory,https://www.yellowpages.com/des-moines-ia/,Yellow Pages Des Moines trade listings,2026-10-01
Premier Exteriors & Repair,directory,https://www.yellowpages.com/des-moines-ia/,Yellow Pages Des Moines trade listings,2026-10-01
Lastime Roofing-Siding-Gutters,directory,https://www.yellowpages.com/des-moines-ia/,Yellow Pages Des Moines trade listings,2026-10-01
Happy Roof,directory,https://www.yellowpages.com/des-moines-ia/,Yellow Pages Des Moines trade listings,2026-10-01
Brincks Exteriors,directory,https://www.yellowpages.com/des-moines-ia/,Yellow Pages Des Moines trade listings,2026-10-01
Superstorm Restoration,directory,https://www.yellowpages.com/des-moines-ia/,Yellow Pages Des Moines trade listings,2026-10-01
Gutter Helmet,directory,https://www.yellowpages.com/des-moines-ia/,Yellow Pages Des Moines trade listings,2026-10-01
Ridge Craft Gutters,directory,https://www.yellowpages.com/des-moines-ia/,Yellow Pages Des Moines trade listings,2026-10-01
Schmidt Brothers Roofing LLC,directory,https://www.yellowpages.com/des-moines-ia/,Yellow Pages Des Moines trade listings,2026-10-01
Goliath Gutters,directory,https://www.yellowpages.com/des-moines-ia/,Yellow Pages Des Moines trade listings,2026-10-01
Beaverdale Gutter,directory,https://www.yellowpages.com/des-moines-ia/,Yellow Pages Des Moines trade listings,2026-10-01
Gutter Pros,directory,https://www.yellowpages.com/des-moines-ia/,Yellow Pages Des Moines trade listings,2026-10-01
Home By Home Exteriors & More,directory,https://www.yellowpages.com/des-moines-ia/,Yellow Pages Des Moines trade listings,2026-10-01
A P Seamless Gutter & Roofing,directory,https://www.yellowpages.com/des-moines-ia/,Yellow Pages Des Moines trade listings,2026-10-01
Elite Construction & Seamless Gutters,directory,https://www.yellowpages.com/des-moines-ia/,Yellow Pages Des Moines trade listings,2026-10-01
Gutters & More,directory,https://www.yellowpages.com/des-moines-ia/,Yellow Pages Des Moines trade listings,2026-10-01
"Team Roofing & Restoration, LLC",directory,https://www.yellowpages.com/des-moines-ia/,Yellow Pages Des Moines trade listings,2026-10-01
Contractor Services of Iowa,directory,https://www.yellowpages.com/des-moines-ia/,Yellow Pages Des Moines trade listings,2026-10-01
Haggerty Windows And Siding,directory,https://www.yellowpages.com/des-moines-ia/,Yellow Pages Des Moines trade listings,2026-10-01
Burch Better Homes,directory,https://www.yellowpages.com/des-moines-ia/,Yellow Pages Des Moines trade listings,2026-10-01
Deck and Drive Solutions,directory,https://www.yellowpages.com/des-moines-ia/,Yellow Pages Des Moines trade listings,2026-10-01
Americas Best Choice Windows & More,directory,https://www.yellowpages.com/des-moines-ia/,Yellow Pages Des Moines trade listings,2026-10-01
Allure Roofing & Construction,directory,https://www.yellowpages.com/des-moines-ia/,Yellow Pages Des Moines trade listings,2026-10-01
Genesis Roofing,directory,https://www.yellowpages.com/des-moines-ia/,Yellow Pages Des Moines trade listings,2026-10-01
Roofsmart,directory,https://www.yellowpages.com/des-moines-ia/,Yellow Pages Des Moines trade listings,2026-10-01
Lastime Roofing and A Lot More,directory,https://www.yellowpages.com/des-moines-ia/,Yellow Pages Des Moines trade listings,2026-10-01
Contractors Group Inc,directory,https://www.yellowpages.com/des-moines-ia/,Yellow Pages Des Moines trade listings,2026-10-01
Titan Roofing and Exteriors,directory,https://www.yellowpages.com/des-moines-ia/,Yellow Pages Des Moines trade listings,2026-10-01
Rodgers Construction,directory,https://www.yellowpages.com/des-moines-ia/,Yellow Pages Des Moines trade listings,2026-10-01
Diamond Ridge Construction,directory,https://www.yellowpages.com/des-moines-ia/,Yellow Pages Des Moines trade listings,2026-10-01
Midwest Seamless Siding & Windows,directory,https://www.yellowpages.com/des-moines-ia/,Yellow Pages Des Moines trade listings,2026-10-01
Omni Exteriors,directory,https://www.yellowpages.com/des-moines-ia/,Yellow Pages Des Moines trade listings,2026-10-01
CR Painting,directory,https://www.yellowpages.com/des-moines-ia/,Yellow Pages Des Moines trade listings,2026-10-01
T D Roofing,directory,https://www.yellowpages.com/des-moines-ia/,Yellow Pages Des Moines trade listings,2026-10-01
Midwest Damage Assessments Inc,directory,https://www.yellowpages.com/des-moines-ia/,Yellow Pages Des Moines trade listings,2026-10-01
Alliance Roofing & Restoration,directory,https://www.yellowpages.com/des-moines-ia/,Yellow Pages Des Moines trade listings,2026-10-01
Alliance Exteriors,directory,https://www.yellowpages.com/des-moines-ia/,Yellow Pages Des Moines trade listings,2026-10-01
Superstorm Roofing & Siding,directory,https://www.yellowpages.com/des-moines-ia/,Yellow Pages Des Moines trade listings,2026-10-01
Heartland Gutters,directory,https://www.yellowpages.com/des-moines-ia/,Yellow Pages Des Moines trade listings,2026-10-01
National Gutter Systems & Exteriors,directory,https://www.yellowpages.com/des-moines-ia/,Yellow Pages Des Moines trade listings,2026-10-01
Leaf Guard of Central Iowa,directory,https://www.yellowpages.com/des-moines-ia/,Yellow Pages Des Moines trade listings,2026-10-01
C & C Seamless Gutters,directory,https://www.yellowpages.com/des-moines-ia/,Yellow Pages Des Moines trade listings,2026-10-01
Leaf Guard Gutters,directory,https://www.yellowpages.com/des-moines-ia/,Yellow Pages Des Moines trade listings,2026-10-01
Home Solutions of Iowa,directory,https://www.yellowpages.com/des-moines-ia/,Yellow Pages Des Moines trade listings,2026-10-01
Clear Choice Des Moines,directory,https://www.yellowpages.com/des-moines-ia/,Yellow Pages Des Moines trade listings,2026-10-01
Ryse Contracting,directory,https://www.yellowpages.com/des-moines-ia/,Yellow Pages Des Moines trade listings,2026-10-01
Mucu's Exterior,directory,https://www.yellowpages.com/des-moines-ia/,Yellow Pages Des Moines trade listings,2026-10-01
LeafGuard By Home Solutions-IA,directory,https://www.yellowpages.com/des-moines-ia/,Yellow Pages Des Moines trade listings,2026-10-01
Genesis Roofing,directory,https://www.yellowpages.com/des-moines-ia/,Yellow Pages Des Moines trade listings,2026-10-01
Connett Services,directory,https://www.yellowpages.com/des-moines-ia/,Yellow Pages Des Moines trade listings,2026-10-01
Central Iowa Mechanical,directory,https://www.yellowpages.com/des-moines-ia/,Yellow Pages Des Moines trade listings,2026-10-01
Comfort Systems Inc,directory,https://www.yellowpages.com/des-moines-ia/,Yellow Pages Des Moines trade listings,2026-10-01
Pat Combs Htg & Clg,directory,https://www.yellowpages.com/des-moines-ia/,Yellow Pages Des Moines trade listings,2026-10-01
Bob Clemons,directory,https://www.yellowpages.com/des-moines-ia/,Yellow Pages Des Moines trade listings,2026-10-01
G A Larson Co,directory,https://www.yellowpages.com/des-moines-ia/,Yellow Pages Des Moines trade listings,2026-10-01
Servicelegends,directory,https://www.yellowpages.com/des-moines-ia/,Yellow Pages Des Moines trade listings,2026-10-01
Jz Refrigeration,directory,https://www.yellowpages.com/des-moines-ia/,Yellow Pages Des Moines trade listings,2026-10-01
Charleston Inc,directory,https://www.yellowpages.com/des-moines-ia/,Yellow Pages Des Moines trade listings,2026-10-01
The Comfort Group co LLC,directory,https://www.yellowpages.com/des-moines-ia/,Yellow Pages Des Moines trade listings,2026-10-01
"TWC Services, Inc",directory,https://www.yellowpages.com/des-moines-ia/,Yellow Pages Des Moines trade listings,2026-10-01
Engineering Excellence,directory,https://www.yellowpages.com/des-moines-ia/,Yellow Pages Des Moines trade listings,2026-10-01
Arona Corporation,directory,https://www.yellowpages.com/des-moines-ia/,Yellow Pages Des Moines trade listings,2026-10-01
Punelli Heating & Air Conditioning,directory,https://www.yellowpages.com/des-moines-ia/,Yellow Pages Des Moines trade listings,2026-10-01
Overman's Indoor Comfort Systems,directory,https://www.yellowpages.com/des-moines-ia/,Yellow Pages Des Moines trade listings,2026-10-01
Nicodemus Heating & Air Conditioning,directory,https://www.yellowpages.com/des-moines-ia/,Yellow Pages Des Moines trade listings,2026-10-01
Fini Conditioned Air,directory,https://www.yellowpages.com/des-moines-ia/,Yellow Pages Des Moines trade listings,2026-10-01
Bill Rhiner's Plumbing Heating & Cleaning,directory,https://www.yellowpages.com/des-moines-ia/,Yellow Pages Des Moines trade listings,2026-10-01
Marick Inc.,directory,https://www.yellowpages.com/des-moines-ia/,Yellow Pages Des Moines trade listings,2026-10-01
"BEST Heating, Cooling & Electric, Inc.",directory,https://www.yellowpages.com/des-moines-ia/,Yellow Pages Des Moines trade listings,2026-10-01
Saylorville Heating & Cooling Inc,directory,https://www.yellowpages.com/des-moines-ia/,Yellow Pages Des Moines trade listings,2026-10-01
"Lazer Home Services Plumbing, HVAC, & Electrical",directory,https://www.yellowpages.com/des-moines-ia/,Yellow Pages Des Moines trade listings,2026-10-01
Graham Construction Company,directory,https://www.yellowpages.com/des-moines-ia/,Yellow Pages Des Moines trade listings,2026-10-01
"True Comfort Heating, Cooling and Plumbing",directory,https://www.yellowpages.com/des-moines-ia/,Yellow Pages Des Moines trade listings,2026-10-01
Trane - Heating & Cooling Services,directory,https://www.yellowpages.com/des-moines-ia/,Yellow Pages Des Moines trade listings,2026-10-01
Sundberg America,directory,https://www.yellowpages.com/des-moines-ia/,Yellow Pages Des Moines trade listings,2026-10-01
Elite Heating And Cooling Inc.,directory,https://www.yellowpages.com/des-moines-ia/,Yellow Pages Des Moines trade listings,2026-10-01
Midwest Comfort Heating & Cooling,directory,https://www.yellowpages.com/des-moines-ia/,Yellow Pages Des Moines trade listings,2026-10-01
True Comfort Heating Cooling & Plumbing,directory,https://www.yellowpages.com/des-moines-ia/,Yellow Pages Des Moines trade listings,2026-10-01
Aerus of Des Moines,directory,https://www.yellowpages.com/des-moines-ia/,Yellow Pages Des Moines trade listings,2026-10-01
Varsity Zone HVAC of Urbandale,directory,https://www.yellowpages.com/des-moines-ia/,Yellow Pages Des Moines trade listings,2026-10-01
O'Connor Company - Urbandale,directory,https://www.yellowpages.com/des-moines-ia/,Yellow Pages Des Moines trade listings,2026-10-01
"Greens Appliance, Heating & Cooling",directory,https://www.yellowpages.com/des-moines-ia/,Yellow Pages Des Moines trade listings,2026-10-01
HVAC Service in Ankeny IA,directory,https://www.yellowpages.com/des-moines-ia/,Yellow Pages Des Moines trade listings,2026-10-01
Sunbelt Rentals Climate Control,directory,https://www.yellowpages.com/des-moines-ia/,Yellow Pages Des Moines trade listings,2026-10-01
Plumbing Service In Ankeny IA,directory,https://www.yellowpages.com/des-moines-ia/,Yellow Pages Des Moines trade listings,2026-10-01
"Lazer Home Services Plumbing, HVAC, & Electrical",directory,https://www.yellowpages.com/des-moines-ia/,Yellow Pages Des Moines trade listings,2026-10-01
Graham Construction Company,directory,https://www.yellowpages.com/des-moines-ia/,Yellow Pages Des Moines trade listings,2026-10-01
"True Comfort Heating, Cooling and Plumbing",directory,https://www.yellowpages.com/des-moines-ia/,Yellow Pages Des Moines trade listings,2026-10-01
Elite Heating And Cooling Inc.,directory,https://www.yellowpages.com/des-moines-ia/,Yellow Pages Des Moines trade listings,2026-10-01
Midwest Comfort Heating & Cooling,directory,https://www.yellowpages.com/des-moines-ia/,Yellow Pages Des Moines trade listings,2026-10-01
True Comfort Heating Cooling & Plumbing,directory,https://www.yellowpages.com/des-moines-ia/,Yellow Pages Des Moines trade listings,2026-10-01
Des Moines Comfort,directory,https://www.yellowpages.com/des-moines-ia/,Yellow Pages Des Moines trade listings,2026-10-01
"Holt Plumbing, Heating, Cooling, & Electrical",directory,https://www.yellowpages.com/des-moines-ia/,Yellow Pages Des Moines trade listings,2026-10-01
Modern Heating & Air,directory,https://www.yellowpages.com/des-moines-ia/,Yellow Pages Des Moines trade listings,2026-10-01
Iowa All Pro Heating & Cooling,directory,https://www.yellowpages.com/des-moines-ia/,Yellow Pages Des Moines trade listings,2026-10-01
Sunbelt Rentals Power & HVAC,directory,https://www.yellowpages.com/des-moines-ia/,Yellow Pages Des Moines trade listings,2026-10-01
"Dalton Plumbing, Heating, Cooling, Electric and Fireplaces, Inc.",directory,https://www.yellowpages.com/des-moines-ia/,Yellow Pages Des Moines trade listings,2026-10-01
Home Services at The Home Depot,directory,https://www.yellowpages.com/des-moines-ia/,Yellow Pages Des Moines trade listings,2026-10-01
Advanced Problem Solutions,directory,https://www.yellowpages.com/des-moines-ia/,Yellow Pages Des Moines trade listings,2026-10-01
Cerris Systems,directory,https://www.yellowpages.com/des-moines-ia/,Yellow Pages Des Moines trade listings,2026-10-01
Team Kline,directory,https://www.yellowpages.com/des-moines-ia/,Yellow Pages Des Moines trade listings,2026-10-01
Des Moines Heating & Cooling,directory,https://www.yellowpages.com/des-moines-ia/,Yellow Pages Des Moines trade listings,2026-10-01
Sanco Thermo King,directory,https://www.yellowpages.com/des-moines-ia/,Yellow Pages Des Moines trade listings,2026-10-01
Heating and Air Conditioning Service West Des Moines IA,directory,https://www.yellowpages.com/des-moines-ia/,Yellow Pages Des Moines trade listings,2026-10-01
Golden Rule Plumbing Heating & Cooling,directory,https://www.yellowpages.com/des-moines-ia/,Yellow Pages Des Moines trade listings,2026-10-01
"Chas W. Goering Plumbing, Heating, and Cooling",directory,https://www.yellowpages.com/des-moines-ia/,Yellow Pages Des Moines trade listings,2026-10-01
Systemworks,directory,https://www.yellowpages.com/des-moines-ia/,Yellow Pages Des Moines trade listings,2026-10-01
"Schaal Plumbing, Heating and Cooling",directory,https://www.yellowpages.com/des-moines-ia/,Yellow Pages Des Moines trade listings,2026-10-01
"Corn States Metal Fabricators, Inc.",directory,https://www.yellowpages.com/des-moines-ia/,Yellow Pages Des Moines trade listings,2026-10-01
Metro Heating & Cooling,directory,https://www.yellowpages.com/des-moines-ia/,Yellow Pages Des Moines trade listings,2026-10-01
Leonard Tinker Heating & Cooling,directory,https://www.yellowpages.com/des-moines-ia/,Yellow Pages Des Moines trade listings,2026-10-01
General Parts-Formely Lehman Commercial Service,directory,https://www.yellowpages.com/des-moines-ia/,Yellow Pages Des Moines trade listings,2026-10-01
True Temp Service,directory,https://www.yellowpages.com/des-moines-ia/,Yellow Pages Des Moines trade listings,2026-10-01
SME Mechanical Inc,directory,https://www.yellowpages.com/des-moines-ia/,Yellow Pages Des Moines trade listings,2026-10-01
American Heating & Cooling Service,directory,https://www.yellowpages.com/des-moines-ia/,Yellow Pages Des Moines trade listings,2026-10-01
Aj's Heating & Cooling,directory,https://www.yellowpages.com/des-moines-ia/,Yellow Pages Des Moines trade listings,2026-10-01
Lozier Heating & Cooling,directory,https://www.yellowpages.com/des-moines-ia/,Yellow Pages Des Moines trade listings,2026-10-01
Bryant Iowa Heating and Cooling,directory,https://www.yellowpages.com/des-moines-ia/,Yellow Pages Des Moines trade listings,2026-10-01
Calikeys,directory,https://www.yellowpages.com/des-moines-ia/,Yellow Pages Des Moines trade listings,2026-10-01
Randy Robinson Htg & Clg,directory,https://www.yellowpages.com/des-moines-ia/,Yellow Pages Des Moines trade listings,2026-10-01
"Des Moines Comfort, Inc.",directory,https://www.yellowpages.com/des-moines-ia/,Yellow Pages Des Moines trade listings,2026-10-01
Bill Rhiner's,directory,https://www.yellowpages.com/des-moines-ia/,Yellow Pages Des Moines trade listings,2026-10-01
Dalbey Joseph & Marla,directory,https://www.yellowpages.com/des-moines-ia/,Yellow Pages Des Moines trade listings,2026-10-01
Trane,directory,https://www.yellowpages.com/des-moines-ia/,Yellow Pages Des Moines trade listings,2026-10-01
Custom Air,directory,https://www.yellowpages.com/des-moines-ia/,Yellow Pages Des Moines trade listings,2026-10-01
Heating and Air Conditioning Service West Des Moines IA,directory,https://www.yellowpages.com/des-moines-ia/,Yellow Pages Des Moines trade listings,2026-10-01
CFM Distributors,directory,https://www.yellowpages.com/des-moines-ia/,Yellow Pages Des Moines trade listings,2026-10-01
Bob Oliver Heating & Air Conditioning,directory,https://www.yellowpages.com/des-moines-ia/,Yellow Pages Des Moines trade listings,2026-10-01
Ace Air Tools,directory,https://www.yellowpages.com/des-moines-ia/,Yellow Pages Des Moines trade listings,2026-10-01
Central Sales Inc,directory,https://www.yellowpages.com/des-moines-ia/,Yellow Pages Des Moines trade listings,2026-10-01
Air Support Inc. Heating & Air Conditioning,directory,https://www.yellowpages.com/des-moines-ia/,Yellow Pages Des Moines trade listings,2026-10-01
Central Sales Inc,directory,https://www.yellowpages.com/des-moines-ia/,Yellow Pages Des Moines trade listings,2026-10-01
Howe Sales Co,directory,https://www.yellowpages.com/des-moines-ia/,Yellow Pages Des Moines trade listings,2026-10-01
Specified Systems Inc,directory,https://www.yellowpages.com/des-moines-ia/,Yellow Pages Des Moines trade listings,2026-10-01
Paul A Halvorson Inc,directory,https://www.yellowpages.com/des-moines-ia/,Yellow Pages Des Moines trade listings,2026-10-01
Dickerson Mechanical Inc,directory,https://www.yellowpages.com/des-moines-ia/,Yellow Pages Des Moines trade listings,2026-10-01
The Original Evans Air,directory,https://www.yellowpages.com/des-moines-ia/,Yellow Pages Des Moines trade listings,2026-10-01
Bryant Iowa Heating & Cooling,directory,https://www.yellowpages.com/des-moines-ia/,Yellow Pages Des Moines trade listings,2026-10-01
Sherman Company Clive,directory,https://www.yellowpages.com/des-moines-ia/,Yellow Pages Des Moines trade listings,2026-10-01
B & B Fitness Inc,directory,https://www.yellowpages.com/des-moines-ia/,Yellow Pages Des Moines trade listings,2026-10-01
Veteran Heating & Cooling,directory,https://www.yellowpages.com/des-moines-ia/,Yellow Pages Des Moines trade listings,2026-10-01
Heartland Heating & Cooling,directory,https://www.yellowpages.com/des-moines-ia/,Yellow Pages Des Moines trade listings,2026-10-01
Lenz Heating &  Cooling,directory,https://www.yellowpages.com/des-moines-ia/,Yellow Pages Des Moines trade listings,2026-10-01
Bob Oliver Heating and Cooling,directory,https://www.yellowpages.com/des-moines-ia/,Yellow Pages Des Moines trade listings,2026-10-01
City Wide Heating Air Conditioning Inc,directory,https://www.yellowpages.com/des-moines-ia/,Yellow Pages Des Moines trade listings,2026-10-01
Adel-Des Moines Heating & Cooling,directory,https://www.yellowpages.com/des-moines-ia/,Yellow Pages Des Moines trade listings,2026-10-01
72 Degrees Comfort Company,directory,https://www.yellowpages.com/des-moines-ia/,Yellow Pages Des Moines trade listings,2026-10-01
Golden Rule Plumbing Heating & Cooling,directory,https://www.yellowpages.com/des-moines-ia/,Yellow Pages Des Moines trade listings,2026-10-01
A-Kleen Sweep Vacuum Center,directory,https://www.yellowpages.com/des-moines-ia/,Yellow Pages Des Moines trade listings,2026-10-01
American Home Services,directory,https://www.yellowpages.com/des-moines-ia/,Yellow Pages Des Moines trade listings,2026-10-01
Aire Serv of NW Des Moines,directory,https://www.yellowpages.com/des-moines-ia/,Yellow Pages Des Moines trade listings,2026-10-01
Dayton Heating & Air Conditioning,directory,https://www.yellowpages.com/des-moines-ia/,Yellow Pages Des Moines trade listings,2026-10-01
"Chas W. Goering Plumbing, Heating, and Cooling",directory,https://www.yellowpages.com/des-moines-ia/,Yellow Pages Des Moines trade listings,2026-10-01
Wilson Carpet & Air Duct Cleaning,directory,https://www.yellowpages.com/des-moines-ia/,Yellow Pages Des Moines trade listings,2026-10-01
Trane Commercial Sales Office,directory,https://www.yellowpages.com/des-moines-ia/,Yellow Pages Des Moines trade listings,2026-10-01
Trane Supply,directory,https://www.yellowpages.com/des-moines-ia/,Yellow Pages Des Moines trade listings,2026-10-01
Polk County Heating & Cooling,directory,https://www.yellowpages.com/des-moines-ia/,Yellow Pages Des Moines trade listings,2026-10-01
Proctor Mechanical Corp,directory,https://www.yellowpages.com/des-moines-ia/,Yellow Pages Des Moines trade listings,2026-10-01
Systemworks,directory,https://www.yellowpages.com/des-moines-ia/,Yellow Pages Des Moines trade listings,2026-10-01
Heating and Air Conditioning Service Berwick IA,directory,https://www.yellowpages.com/des-moines-ia/,Yellow Pages Des Moines trade listings,2026-10-01
"Schaal Plumbing, Heating and Cooling",directory,https://www.yellowpages.com/des-moines-ia/,Yellow Pages Des Moines trade listings,2026-10-01
Baker Group,directory,https://www.yellowpages.com/des-moines-ia/,Yellow Pages Des Moines trade listings,2026-10-01
"Corn States Metal Fabricators, Inc.",directory,https://www.yellowpages.com/des-moines-ia/,Yellow Pages Des Moines trade listings,2026-10-01
United Rentals - Climate Solutions,directory,https://www.yellowpages.com/des-moines-ia/,Yellow Pages Des Moines trade listings,2026-10-01
Lenz Heating & Cooling,directory,https://www.yellowpages.com/des-moines-ia/,Yellow Pages Des Moines trade listings,2026-10-01
Central Iowa Mechanical,directory,https://www.yellowpages.com/des-moines-ia/,Yellow Pages Des Moines trade listings,2026-10-01
Kohles Bach Inc,directory,https://www.yellowpages.com/des-moines-ia/,Yellow Pages Des Moines trade listings,2026-10-01
Home Services at The Home Depot,directory,https://www.yellowpages.com/des-moines-ia/,Yellow Pages Des Moines trade listings,2026-10-01
Bousquet's A-Team Heating & Cooling,directory,https://www.yellowpages.com/des-moines-ia/,Yellow Pages Des Moines trade listings,2026-10-01
Home Services at The Home Depot,directory,https://www.yellowpages.com/des-moines-ia/,Yellow Pages Des Moines trade listings,2026-10-01
Varsity Zone HVAC of Urbandale,directory,https://www.yellowpages.com/des-moines-ia/,Yellow Pages Des Moines trade listings,2026-10-01
Bryant Iowa Heating & Cooling,directory,https://www.yellowpages.com/des-moines-ia/,Yellow Pages Des Moines trade listings,2026-10-01
Home Services at The Home Depot,directory,https://www.yellowpages.com/des-moines-ia/,Yellow Pages Des Moines trade listings,2026-10-01
Aspen Aire Heating & Cooling,directory,https://www.yellowpages.com/des-moines-ia/,Yellow Pages Des Moines trade listings,2026-10-01
P1 Service,directory,https://www.yellowpages.com/des-moines-ia/,Yellow Pages Des Moines trade listings,2026-10-01
"72 Degrees, A Holt Company",directory,https://www.yellowpages.com/des-moines-ia/,Yellow Pages Des Moines trade listings,2026-10-01
Comfort Products Distributing,directory,https://www.yellowpages.com/des-moines-ia/,Yellow Pages Des Moines trade listings,2026-10-01
O'Connor Company - Urbandale,directory,https://www.yellowpages.com/des-moines-ia/,Yellow Pages Des Moines trade listings,2026-10-01
"Greens Appliance, Heating & Cooling",directory,https://www.yellowpages.com/des-moines-ia/,Yellow Pages Des Moines trade listings,2026-10-01
Primetime Heating & Cooling,directory,https://www.yellowpages.com/des-moines-ia/,Yellow Pages Des Moines trade listings,2026-10-01
HVAC Service in Ankeny IA,directory,https://www.yellowpages.com/des-moines-ia/,Yellow Pages Des Moines trade listings,2026-10-01
Community Heating & Cooling,directory,https://www.yellowpages.com/des-moines-ia/,Yellow Pages Des Moines trade listings,2026-10-01
Ferguson,directory,https://www.yellowpages.com/des-moines-ia/,Yellow Pages Des Moines trade listings,2026-10-01
"Scott's Heating, Cooling & Plumbing",directory,https://www.yellowpages.com/des-moines-ia/,Yellow Pages Des Moines trade listings,2026-10-01
Sunbelt Rentals Climate Control,directory,https://www.yellowpages.com/des-moines-ia/,Yellow Pages Des Moines trade listings,2026-10-01
Alger Leechman Heating & Cooling,directory,https://www.yellowpages.com/des-moines-ia/,Yellow Pages Des Moines trade listings,2026-10-01
Rhiner Bros Plumbing Heating & Cooling,directory,https://www.yellowpages.com/des-moines-ia/,Yellow Pages Des Moines trade listings,2026-10-01
Cozy Home Heating & Cooling,directory,https://www.yellowpages.com/des-moines-ia/,Yellow Pages Des Moines trade listings,2026-10-01
Territory Heating & Cooling,directory,https://www.yellowpages.com/des-moines-ia/,Yellow Pages Des Moines trade listings,2026-10-01
"Neighbors Heating Cooling, Plumbing & Geothermal",directory,https://www.yellowpages.com/des-moines-ia/,Yellow Pages Des Moines trade listings,2026-10-01
Rogers Electric and Plumbing and Heating,directory,https://www.yellowpages.com/des-moines-ia/,Yellow Pages Des Moines trade listings,2026-10-01
Kohles Mechanical Inc,directory,https://www.yellowpages.com/des-moines-ia/,Yellow Pages Des Moines trade listings,2026-10-01
ACI Mechanical Inc,directory,https://www.yellowpages.com/des-moines-ia/,Yellow Pages Des Moines trade listings,2026-10-01
Dennis Supply Company,directory,https://www.yellowpages.com/des-moines-ia/,Yellow Pages Des Moines trade listings,2026-10-01
Air Control Products Inc,directory,https://www.yellowpages.com/des-moines-ia/,Yellow Pages Des Moines trade listings,2026-10-01
Halvorson Trane Service-Parts,directory,https://www.yellowpages.com/des-moines-ia/,Yellow Pages Des Moines trade listings,2026-10-01
C.H. McGuiness Co,directory,https://www.yellowpages.com/des-moines-ia/,Yellow Pages Des Moines trade listings,2026-10-01
C.H. McGuiness Co,directory,https://www.yellowpages.com/des-moines-ia/,Yellow Pages Des Moines trade listings,2026-10-01
Connett Services,directory,https://www.yellowpages.com/des-moines-ia/,Yellow Pages Des Moines trade listings,2026-10-01
Blessing Heating & Cooling Co.,directory,https://www.yellowpages.com/des-moines-ia/,Yellow Pages Des Moines trade listings,2026-10-01
Leonard Tinker Heating & Cooling,directory,https://www.yellowpages.com/des-moines-ia/,Yellow Pages Des Moines trade listings,2026-10-01
Daniels Filter Service,directory,https://www.yellowpages.com/des-moines-ia/,Yellow Pages Des Moines trade listings,2026-10-01
Midwest Comfort Heating & Cooling,directory,https://www.yellowpages.com/des-moines-ia/,Yellow Pages Des Moines trade listings,2026-10-01
True Comfort Heating Cooling & Plumbing,directory,https://www.yellowpages.com/des-moines-ia/,Yellow Pages Des Moines trade listings,2026-10-01
Heating & Cooling Supply,directory,https://www.yellowpages.com/des-moines-ia/,Yellow Pages Des Moines trade listings,2026-10-01
OCD Drywall Finishing,directory,https://www.yellowpages.com/des-moines-ia/,Yellow Pages Des Moines trade listings,2026-10-01
"Holt Plumbing, Heating, Cooling, & Electrical",directory,https://www.yellowpages.com/des-moines-ia/,Yellow Pages Des Moines trade listings,2026-10-01
Saylorville Heating & Cooling Inc,directory,https://www.yellowpages.com/des-moines-ia/,Yellow Pages Des Moines trade listings,2026-10-01
Iowa All Pro Heating & Cooling,directory,https://www.yellowpages.com/des-moines-ia/,Yellow Pages Des Moines trade listings,2026-10-01
All Seasons HVAC,directory,https://www.yellowpages.com/des-moines-ia/,Yellow Pages Des Moines trade listings,2026-10-01
Des Moines Heating & Cooling,directory,https://www.yellowpages.com/des-moines-ia/,Yellow Pages Des Moines trade listings,2026-10-01
United Heating & Air Conditioning,directory,https://www.yellowpages.com/des-moines-ia/,Yellow Pages Des Moines trade listings,2026-10-01
Connett Services,directory,https://www.yellowpages.com/des-moines-ia/,Yellow Pages Des Moines trade listings,2026-10-01
Alger Leechman Heating and Cooling,directory,https://www.yellowpages.com/des-moines-ia/,Yellow Pages Des Moines trade listings,2026-10-01
The Comfort Group Co,directory,https://www.yellowpages.com/des-moines-ia/,Yellow Pages Des Moines trade listings,2026-10-01
Territory Heating & Cooling,directory,https://www.yellowpages.com/des-moines-ia/,Yellow Pages Des Moines trade listings,2026-10-01
Leechman Heating & Cooling,directory,https://www.yellowpages.com/des-moines-ia/,Yellow Pages Des Moines trade listings,2026-10-01
Aj's Heating & Cooling,directory,https://www.yellowpages.com/des-moines-ia/,Yellow Pages Des Moines trade listings,2026-10-01
Mid-Iowa Service,directory,https://www.yellowpages.com/des-moines-ia/,Yellow Pages Des Moines trade listings,2026-10-01
Marick Inc.,directory,https://www.yellowpages.com/des-moines-ia/,Yellow Pages Des Moines trade listings,2026-10-01
Metro Heating & Cooling,directory,https://www.yellowpages.com/des-moines-ia/,Yellow Pages Des Moines trade listings,2026-10-01
"BEST Heating, Cooling & Electric, Inc.",directory,https://www.yellowpages.com/des-moines-ia/,Yellow Pages Des Moines trade listings,2026-10-01
"Lazer Home Services Plumbing, HVAC, & Electrical",directory,https://www.yellowpages.com/des-moines-ia/,Yellow Pages Des Moines trade listings,2026-10-01
Graham Construction Company,directory,https://www.yellowpages.com/des-moines-ia/,Yellow Pages Des Moines trade listings,2026-10-01
Central Iowa Mechanical,directory,https://www.yellowpages.com/des-moines-ia/,Yellow Pages Des Moines trade listings,2026-10-01
Re-Bath of Central Iowa,directory,https://www.yellowpages.com/des-moines-ia/,Yellow Pages Des Moines trade listings,2026-10-01
"True Comfort Heating, Cooling and Plumbing",directory,https://www.yellowpages.com/des-moines-ia/,Yellow Pages Des Moines trade listings,2026-10-01
C.H. McGuiness Co,directory,https://www.yellowpages.com/des-moines-ia/,Yellow Pages Des Moines trade listings,2026-10-01
Thrasher  Service Corp,directory,https://www.yellowpages.com/des-moines-ia/,Yellow Pages Des Moines trade listings,2026-10-01
Trane - Heating & Cooling Services,directory,https://www.yellowpages.com/des-moines-ia/,Yellow Pages Des Moines trade listings,2026-10-01
Sundberg America,directory,https://www.yellowpages.com/des-moines-ia/,Yellow Pages Des Moines trade listings,2026-10-01
Plumb Supply Company,directory,https://www.yellowpages.com/des-moines-ia/,Yellow Pages Des Moines trade listings,2026-10-01
Resource Services Inc,directory,https://www.yellowpages.com/des-moines-ia/,Yellow Pages Des Moines trade listings,2026-10-01
Elite Heating And Cooling Inc.,directory,https://www.yellowpages.com/des-moines-ia/,Yellow Pages Des Moines trade listings,2026-10-01
General Parts-Formely Lehman Commercial Service,directory,https://www.yellowpages.com/des-moines-ia/,Yellow Pages Des Moines trade listings,2026-10-01
Comfort Systems Inc,directory,https://www.yellowpages.com/des-moines-ia/,Yellow Pages Des Moines trade listings,2026-10-01
Aerus of Des Moines,directory,https://www.yellowpages.com/des-moines-ia/,Yellow Pages Des Moines trade listings,2026-10-01
Allegiance Htg,directory,https://www.yellowpages.com/des-moines-ia/,Yellow Pages Des Moines trade listings,2026-10-01
Des Moines Comfort,directory,https://www.yellowpages.com/des-moines-ia/,Yellow Pages Des Moines trade listings,2026-10-01
Modern Heating & Air,directory,https://www.yellowpages.com/des-moines-ia/,Yellow Pages Des Moines trade listings,2026-10-01
Pat Combs Htg & Clg,directory,https://www.yellowpages.com/des-moines-ia/,Yellow Pages Des Moines trade listings,2026-10-01
Bob Clemons,directory,https://www.yellowpages.com/des-moines-ia/,Yellow Pages Des Moines trade listings,2026-10-01
G A Larson Co,directory,https://www.yellowpages.com/des-moines-ia/,Yellow Pages Des Moines trade listings,2026-10-01
Sunbelt Rentals Power & HVAC,directory,https://www.yellowpages.com/des-moines-ia/,Yellow Pages Des Moines trade listings,2026-10-01
"Dalton Plumbing, Heating, Cooling, Electric and Fireplaces, Inc.",directory,https://www.yellowpages.com/des-moines-ia/,Yellow Pages Des Moines trade listings,2026-10-01
Home Services at The Home Depot,directory,https://www.yellowpages.com/des-moines-ia/,Yellow Pages Des Moines trade listings,2026-10-01
Advanced Problem Solutions,directory,https://www.yellowpages.com/des-moines-ia/,Yellow Pages Des Moines trade listings,2026-10-01
Cerris Systems,directory,https://www.yellowpages.com/des-moines-ia/,Yellow Pages Des Moines trade listings,2026-10-01
Team Kline,directory,https://www.yellowpages.com/des-moines-ia/,Yellow Pages Des Moines trade listings,2026-10-01
Sanco Thermo King,directory,https://www.yellowpages.com/des-moines-ia/,Yellow Pages Des Moines trade listings,2026-10-01
Zupan Heating & Cooling,directory,https://www.yellowpages.com/des-moines-ia/,Yellow Pages Des Moines trade listings,2026-10-01
True Temp Service,directory,https://www.yellowpages.com/des-moines-ia/,Yellow Pages Des Moines trade listings,2026-10-01
Iowa Boiler Co,directory,https://www.yellowpages.com/des-moines-ia/,Yellow Pages Des Moines trade listings,2026-10-01
Nichols Controls & Supply Inc,directory,https://www.yellowpages.com/des-moines-ia/,Yellow Pages Des Moines trade listings,2026-10-01
SME Mechanical Inc,directory,https://www.yellowpages.com/des-moines-ia/,Yellow Pages Des Moines trade listings,2026-10-01
Northways,directory,https://www.yellowpages.com/des-moines-ia/,Yellow Pages Des Moines trade listings,2026-10-01
Obsidian Heating and Cooling,directory,https://www.yellowpages.com/des-moines-ia/,Yellow Pages Des Moines trade listings,2026-10-01
Arona Corporation,directory,https://www.yellowpages.com/des-moines-ia/,Yellow Pages Des Moines trade listings,2026-10-01
Servicelegends,directory,https://www.yellowpages.com/des-moines-ia/,Yellow Pages Des Moines trade listings,2026-10-01
Modern Climate Systems,directory,https://www.yellowpages.com/des-moines-ia/,Yellow Pages Des Moines trade listings,2026-10-01
Punelli Heating & Air Conditioning,directory,https://www.yellowpages.com/des-moines-ia/,Yellow Pages Des Moines trade listings,2026-10-01
Overman's Indoor Comfort Systems,directory,https://www.yellowpages.com/des-moines-ia/,Yellow Pages Des Moines trade listings,2026-10-01
Jz Refrigeration,directory,https://www.yellowpages.com/des-moines-ia/,Yellow Pages Des Moines trade listings,2026-10-01
Down the Drain Services,directory,https://www.yellowpages.com/des-moines-ia/,Yellow Pages Des Moines trade listings,2026-10-01
Affordable Drain & Sewer Service,directory,https://www.yellowpages.com/des-moines-ia/,Yellow Pages Des Moines trade listings,2026-10-01
American Heating & Cooling Service,directory,https://www.yellowpages.com/des-moines-ia/,Yellow Pages Des Moines trade listings,2026-10-01
Charleston Inc,directory,https://www.yellowpages.com/des-moines-ia/,Yellow Pages Des Moines trade listings,2026-10-01
The Comfort Group co LLC,directory,https://www.yellowpages.com/des-moines-ia/,Yellow Pages Des Moines trade listings,2026-10-01
Nicodemus Heating & Air Conditioning,directory,https://www.yellowpages.com/des-moines-ia/,Yellow Pages Des Moines trade listings,2026-10-01
Greens Appliance Heating & Cooling Inc,directory,https://www.yellowpages.com/des-moines-ia/,Yellow Pages Des Moines trade listings,2026-10-01
Fini Conditioned Air,directory,https://www.yellowpages.com/des-moines-ia/,Yellow Pages Des Moines trade listings,2026-10-01
American Home Services,directory,https://www.yellowpages.com/des-moines-ia/,Yellow Pages Des Moines trade listings,2026-10-01
"Halsey Plumbing, Heating, Cooling & Electric",directory,https://www.yellowpages.com/des-moines-ia/,Yellow Pages Des Moines trade listings,2026-10-01
Budget Heating & Cooling,directory,https://www.yellowpages.com/des-moines-ia/,Yellow Pages Des Moines trade listings,2026-10-01
Polk County Heating & Cooling,directory,https://www.yellowpages.com/des-moines-ia/,Yellow Pages Des Moines trade listings,2026-10-01
"Schaal Plumbing, Heating and Cooling",directory,https://www.yellowpages.com/des-moines-ia/,Yellow Pages Des Moines trade listings,2026-10-01
Adel-Des Moines Heating & Cooling,directory,https://www.yellowpages.com/des-moines-ia/,Yellow Pages Des Moines trade listings,2026-10-01
Lenz Heating & Cooling,directory,https://www.yellowpages.com/des-moines-ia/,Yellow Pages Des Moines trade listings,2026-10-01
Bousquet's A-Team Heating & Cooling,directory,https://www.yellowpages.com/des-moines-ia/,Yellow Pages Des Moines trade listings,2026-10-01
"72 Degrees Heating, Cooling, Plumbing & Electrical",directory,https://www.yellowpages.com/des-moines-ia/,Yellow Pages Des Moines trade listings,2026-10-01
Bryant Iowa Heating & Cooling,directory,https://www.yellowpages.com/des-moines-ia/,Yellow Pages Des Moines trade listings,2026-10-01
Aspen Aire Heating & Cooling,directory,https://www.yellowpages.com/des-moines-ia/,Yellow Pages Des Moines trade listings,2026-10-01
O'Connor Company - Urbandale,directory,https://www.yellowpages.com/des-moines-ia/,Yellow Pages Des Moines trade listings,2026-10-01
Primetime Heating & Cooling,directory,https://www.yellowpages.com/des-moines-ia/,Yellow Pages Des Moines trade listings,2026-10-01
Community Heating & Cooling,directory,https://www.yellowpages.com/des-moines-ia/,Yellow Pages Des Moines trade listings,2026-10-01
"Scott's Heating, Cooling & Plumbing",directory,https://www.yellowpages.com/des-moines-ia/,Yellow Pages Des Moines trade listings,2026-10-01
Web Connect,directory,https://www.yellowpages.com/des-moines-ia/,Yellow Pages Des Moines trade listings,2026-10-01
Alger Leechman Heating & Cooling,directory,https://www.yellowpages.com/des-moines-ia/,Yellow Pages Des Moines trade listings,2026-10-01
Rhiner Bros Plumbing Heating & Cooling,directory,https://www.yellowpages.com/des-moines-ia/,Yellow Pages Des Moines trade listings,2026-10-01
Cozy Home Heating & Cooling,directory,https://www.yellowpages.com/des-moines-ia/,Yellow Pages Des Moines trade listings,2026-10-01
Territory Heating & Cooling,directory,https://www.yellowpages.com/des-moines-ia/,Yellow Pages Des Moines trade listings,2026-10-01
Cunningham Inc,directory,https://www.yellowpages.com/des-moines-ia/,Yellow Pages Des Moines trade listings,2026-10-01
Rogers Electric and Plumbing and Heating,directory,https://www.yellowpages.com/des-moines-ia/,Yellow Pages Des Moines trade listings,2026-10-01
Halvorson Trane Service-Parts,directory,https://www.yellowpages.com/des-moines-ia/,Yellow Pages Des Moines trade listings,2026-10-01
Bryant Iowa Heating & Cooling,directory,https://www.yellowpages.com/des-moines-ia/,Yellow Pages Des Moines trade listings,2026-10-01
Mechanical Sales Inc,directory,https://www.yellowpages.com/des-moines-ia/,Yellow Pages Des Moines trade listings,2026-10-01
Aspen Aire Inc,directory,https://www.yellowpages.com/des-moines-ia/,Yellow Pages Des Moines trade listings,2026-10-01
Bryant Iowa Heating & Cooling,directory,https://www.yellowpages.com/des-moines-ia/,Yellow Pages Des Moines trade listings,2026-10-01
Current R,directory,https://www.yellowpages.com/des-moines-ia/,Yellow Pages Des Moines trade listings,2026-10-01
Charles Northway Services,directory,https://www.yellowpages.com/des-moines-ia/,Yellow Pages Des Moines trade listings,2026-10-01
Action Plus Plumbing Heating & Cooling,directory,https://www.yellowpages.com/des-moines-ia/,Yellow Pages Des Moines trade listings,2026-10-01
Waukee Plumbing Heating & Cooling,directory,https://www.yellowpages.com/des-moines-ia/,Yellow Pages Des Moines trade listings,2026-10-01
Polk County Heating Cooling Plumbing & Electrical,directory,https://www.yellowpages.com/des-moines-ia/,Yellow Pages Des Moines trade listings,2026-10-01
Obsidian Heating & Cooling,directory,https://www.yellowpages.com/des-moines-ia/,Yellow Pages Des Moines trade listings,2026-10-01
Polk County Heating Cooling Plumbing & Electrical,directory,https://www.yellowpages.com/des-moines-ia/,Yellow Pages Des Moines trade listings,2026-10-01
Deist Heating & Cooling Inc,directory,https://www.yellowpages.com/des-moines-ia/,Yellow Pages Des Moines trade listings,2026-10-01
Mid-Iowa SVC Heating & Cooling,directory,https://www.yellowpages.com/des-moines-ia/,Yellow Pages Des Moines trade listings,2026-10-01
Trade Allies,directory,https://www.yellowpages.com/des-moines-ia/,Yellow Pages Des Moines trade listings,2026-10-01
Northway's Heating & Cooling,directory,https://www.yellowpages.com/des-moines-ia/,Yellow Pages Des Moines trade listings,2026-10-01
Pro Comfort LLC (Home Energy Consultants),directory,https://www.yellowpages.com/des-moines-ia/,Yellow Pages Des Moines trade listings,2026-10-01
Heartland Heating & Cooling,directory,https://www.yellowpages.com/des-moines-ia/,Yellow Pages Des Moines trade listings,2026-10-01
Golden Rule Plumbing Heating & Cooling,directory,https://www.yellowpages.com/des-moines-ia/,Yellow Pages Des Moines trade listings,2026-10-01
Lenz Heating &  Cooling,directory,https://www.yellowpages.com/des-moines-ia/,Yellow Pages Des Moines trade listings,2026-10-01
A-Kleen Sweep Vacuum Center,directory,https://www.yellowpages.com/des-moines-ia/,Yellow Pages Des Moines trade listings,2026-10-01
Bob Oliver Heating and Cooling,directory,https://www.yellowpages.com/des-moines-ia/,Yellow Pages Des Moines trade listings,2026-10-01
City Wide Heating Air Conditioning Inc,directory,https://www.yellowpages.com/des-moines-ia/,Yellow Pages Des Moines trade listings,2026-10-01
Kohles & Bach,directory,https://www.yellowpages.com/des-moines-ia/,Yellow Pages Des Moines trade listings,2026-10-01
Lozier Heating & Cooling,directory,https://www.yellowpages.com/des-moines-ia/,Yellow Pages Des Moines trade listings,2026-10-01
Aire Serv of NW Des Moines,directory,https://www.yellowpages.com/des-moines-ia/,Yellow Pages Des Moines trade listings,2026-10-01
Dayton Heating & Air Conditioning,directory,https://www.yellowpages.com/des-moines-ia/,Yellow Pages Des Moines trade listings,2026-10-01
"Chas W. Goering Plumbing, Heating, and Cooling",directory,https://www.yellowpages.com/des-moines-ia/,Yellow Pages Des Moines trade listings,2026-10-01
Wilson Carpet & Air Duct Cleaning,directory,https://www.yellowpages.com/des-moines-ia/,Yellow Pages Des Moines trade listings,2026-10-01
Polk County Heating & Cooling,directory,https://www.yellowpages.com/des-moines-ia/,Yellow Pages Des Moines trade listings,2026-10-01
Trane Commercial Sales Office,directory,https://www.yellowpages.com/des-moines-ia/,Yellow Pages Des Moines trade listings,2026-10-01
Trane Supply,directory,https://www.yellowpages.com/des-moines-ia/,Yellow Pages Des Moines trade listings,2026-10-01
Proctor Mechanical Corp,directory,https://www.yellowpages.com/des-moines-ia/,Yellow Pages Des Moines trade listings,2026-10-01
Randy Robinson Htg & Clg,directory,https://www.yellowpages.com/des-moines-ia/,Yellow Pages Des Moines trade listings,2026-10-01
"Des Moines Comfort, Inc.",directory,https://www.yellowpages.com/des-moines-ia/,Yellow Pages Des Moines trade listings,2026-10-01
Heating and Air Conditioning Service Berwick IA,directory,https://www.yellowpages.com/des-moines-ia/,Yellow Pages Des Moines trade listings,2026-10-01
"Corn States Metal Fabricators, Inc.",directory,https://www.yellowpages.com/des-moines-ia/,Yellow Pages Des Moines trade listings,2026-10-01
United Rentals - Climate Solutions,directory,https://www.yellowpages.com/des-moines-ia/,Yellow Pages Des Moines trade listings,2026-10-01
Central Iowa Mechanical,directory,https://www.yellowpages.com/des-moines-ia/,Yellow Pages Des Moines trade listings,2026-10-01
Kohles Bach Inc,directory,https://www.yellowpages.com/des-moines-ia/,Yellow Pages Des Moines trade listings,2026-10-01
Iowa's  All Season Heating &  Cooling,directory,https://www.yellowpages.com/des-moines-ia/,Yellow Pages Des Moines trade listings,2026-10-01
Bill Rhiner's,directory,https://www.yellowpages.com/des-moines-ia/,Yellow Pages Des Moines trade listings,2026-10-01
Dalbey Joseph & Marla,directory,https://www.yellowpages.com/des-moines-ia/,Yellow Pages Des Moines trade listings,2026-10-01
Home Services at The Home Depot,directory,https://www.yellowpages.com/des-moines-ia/,Yellow Pages Des Moines trade listings,2026-10-01
Midwest Comfort Heating & Cooling,directory,https://www.yellowpages.com/des-moines-ia/,Yellow Pages Des Moines trade listings,2026-10-01
Home Services at The Home Depot,directory,https://www.yellowpages.com/des-moines-ia/,Yellow Pages Des Moines trade listings,2026-10-01
Dynasty Homes,directory,https://www.yellowpages.com/des-moines-ia/,Yellow Pages Des Moines trade listings,2026-10-01
Dynasty Homes,directory,https://www.yellowpages.com/des-moines-ia/,Yellow Pages Des Moines trade listings,2026-10-01
Stephen R Grubb Construction Inc.,directory,https://www.yellowpages.com/des-moines-ia/,Yellow Pages Des Moines trade listings,2026-10-01
ACR Construction Inc.,directory,https://www.yellowpages.com/des-moines-ia/,Yellow Pages Des Moines trade listings,2026-10-01
Affordable Construction,directory,https://www.yellowpages.com/des-moines-ia/,Yellow Pages Des Moines trade listings,2026-10-01
Mosaic,directory,https://www.yellowpages.com/des-moines-ia/,Yellow Pages Des Moines trade listings,2026-10-01
Ruby Rose Townhomes by D.R. Horton,directory,https://www.yellowpages.com/des-moines-ia/,Yellow Pages Des Moines trade listings,2026-10-01
Woods of Copper Creek by D.R. Horton,directory,https://www.yellowpages.com/des-moines-ia/,Yellow Pages Des Moines trade listings,2026-10-01
Misaels Construction,directory,https://www.yellowpages.com/des-moines-ia/,Yellow Pages Des Moines trade listings,2026-10-01
Three Lakes by D.R. Horton,directory,https://www.yellowpages.com/des-moines-ia/,Yellow Pages Des Moines trade listings,2026-10-01
Netzel Construction,directory,https://www.yellowpages.com/des-moines-ia/,Yellow Pages Des Moines trade listings,2026-10-01
L and L Home Solutions,directory,https://www.yellowpages.com/des-moines-ia/,Yellow Pages Des Moines trade listings,2026-10-01
Home Builders Association of Iowa,directory,https://www.yellowpages.com/des-moines-ia/,Yellow Pages Des Moines trade listings,2026-10-01
Oakland Group Home,directory,https://www.yellowpages.com/des-moines-ia/,Yellow Pages Des Moines trade listings,2026-10-01
Savannah Homes,directory,https://www.yellowpages.com/des-moines-ia/,Yellow Pages Des Moines trade listings,2026-10-01
Comex Construction,directory,https://www.yellowpages.com/des-moines-ia/,Yellow Pages Des Moines trade listings,2026-10-01
Beal Derkenne Construction,directory,https://www.yellowpages.com/des-moines-ia/,Yellow Pages Des Moines trade listings,2026-10-01
Affordable Construction,directory,https://www.yellowpages.com/des-moines-ia/,Yellow Pages Des Moines trade listings,2026-10-01
Badillo,directory,https://www.yellowpages.com/des-moines-ia/,Yellow Pages Des Moines trade listings,2026-10-01
Core Contracting Associates Inc,directory,https://www.yellowpages.com/des-moines-ia/,Yellow Pages Des Moines trade listings,2026-10-01
R.D. Cooper Construction,directory,https://www.yellowpages.com/des-moines-ia/,Yellow Pages Des Moines trade listings,2026-10-01
Nelson Construction Service,directory,https://www.yellowpages.com/des-moines-ia/,Yellow Pages Des Moines trade listings,2026-10-01
Cerebral Group,directory,https://www.yellowpages.com/des-moines-ia/,Yellow Pages Des Moines trade listings,2026-10-01
Earthpark,directory,https://www.yellowpages.com/des-moines-ia/,Yellow Pages Des Moines trade listings,2026-10-01
Tom Ballard Construction,directory,https://www.yellowpages.com/des-moines-ia/,Yellow Pages Des Moines trade listings,2026-10-01
Crown Services Inc,directory,https://www.yellowpages.com/des-moines-ia/,Yellow Pages Des Moines trade listings,2026-10-01
S&M Construction,directory,https://www.yellowpages.com/des-moines-ia/,Yellow Pages Des Moines trade listings,2026-10-01
Ingersoll Business Suites,directory,https://www.yellowpages.com/des-moines-ia/,Yellow Pages Des Moines trade listings,2026-10-01
S M Stone,directory,https://www.yellowpages.com/des-moines-ia/,Yellow Pages Des Moines trade listings,2026-10-01
Denco Highway Construction Corp.,directory,https://www.yellowpages.com/des-moines-ia/,Yellow Pages Des Moines trade listings,2026-10-01
Cassia,directory,https://www.yellowpages.com/des-moines-ia/,Yellow Pages Des Moines trade listings,2026-10-01
Dynasty Homes,directory,https://www.yellowpages.com/des-moines-ia/,Yellow Pages Des Moines trade listings,2026-10-01
Stephen R Grubb Construction Inc.,directory,https://www.yellowpages.com/des-moines-ia/,Yellow Pages Des Moines trade listings,2026-10-01
P G Construction,directory,https://www.yellowpages.com/des-moines-ia/,Yellow Pages Des Moines trade listings,2026-10-01
II Rivers Construction,directory,https://www.yellowpages.com/des-moines-ia/,Yellow Pages Des Moines trade listings,2026-10-01
Sage Exteriors,directory,https://www.yellowpages.com/des-moines-ia/,Yellow Pages Des Moines trade listings,2026-10-01
Ko Construction,directory,https://www.yellowpages.com/des-moines-ia/,Yellow Pages Des Moines trade listings,2026-10-01
Nicholson's Construction,directory,https://www.yellowpages.com/des-moines-ia/,Yellow Pages Des Moines trade listings,2026-10-01
Neumann Brothers Inc,directory,https://www.yellowpages.com/des-moines-ia/,Yellow Pages Des Moines trade listings,2026-10-01
Holst Construction,directory,https://www.yellowpages.com/des-moines-ia/,Yellow Pages Des Moines trade listings,2026-10-01
Eggers Bilt Homes,directory,https://www.yellowpages.com/des-moines-ia/,Yellow Pages Des Moines trade listings,2026-10-01
Grand Lakeview Homes,directory,https://www.yellowpages.com/des-moines-ia/,Yellow Pages Des Moines trade listings,2026-10-01
Lil Brother Construction,directory,https://www.yellowpages.com/des-moines-ia/,Yellow Pages Des Moines trade listings,2026-10-01
Jack Deleon Const,directory,https://www.yellowpages.com/des-moines-ia/,Yellow Pages Des Moines trade listings,2026-10-01
Companies of Clarke,directory,https://www.yellowpages.com/des-moines-ia/,Yellow Pages Des Moines trade listings,2026-10-01
Jose Construction,directory,https://www.yellowpages.com/des-moines-ia/,Yellow Pages Des Moines trade listings,2026-10-01
Martin Luther Homes of Iowa,directory,https://www.yellowpages.com/des-moines-ia/,Yellow Pages Des Moines trade listings,2026-10-01
K & K Homes Inc,directory,https://www.yellowpages.com/des-moines-ia/,Yellow Pages Des Moines trade listings,2026-10-01
Khi Inc,directory,https://www.yellowpages.com/des-moines-ia/,Yellow Pages Des Moines trade listings,2026-10-01
B & B Elite,directory,https://www.yellowpages.com/des-moines-ia/,Yellow Pages Des Moines trade listings,2026-10-01
R M Madden Construction Inc,directory,https://www.yellowpages.com/des-moines-ia/,Yellow Pages Des Moines trade listings,2026-10-01
Sundance Homes,directory,https://www.yellowpages.com/des-moines-ia/,Yellow Pages Des Moines trade listings,2026-10-01
Tom Connolly Homes,directory,https://www.yellowpages.com/des-moines-ia/,Yellow Pages Des Moines trade listings,2026-10-01
Builder Inc,directory,https://www.yellowpages.com/des-moines-ia/,Yellow Pages Des Moines trade listings,2026-10-01
Rosewall's Handyman & Remodeling,directory,https://www.yellowpages.com/des-moines-ia/,Yellow Pages Des Moines trade listings,2026-10-01
Graham Construction,directory,https://www.yellowpages.com/des-moines-ia/,Yellow Pages Des Moines trade listings,2026-10-01
Bella Homes,directory,https://www.yellowpages.com/des-moines-ia/,Yellow Pages Des Moines trade listings,2026-10-01
Sunrise Housing Inc,directory,https://www.yellowpages.com/des-moines-ia/,Yellow Pages Des Moines trade listings,2026-10-01
Unique Homes,directory,https://www.yellowpages.com/des-moines-ia/,Yellow Pages Des Moines trade listings,2026-10-01
Fort Des Moines Correctional,directory,https://www.yellowpages.com/des-moines-ia/,Yellow Pages Des Moines trade listings,2026-10-01
Commercial Construction,directory,https://www.yellowpages.com/des-moines-ia/,Yellow Pages Des Moines trade listings,2026-10-01
TMB Custom Homes,directory,https://www.yellowpages.com/des-moines-ia/,Yellow Pages Des Moines trade listings,2026-10-01
Tip Top Construction,directory,https://www.yellowpages.com/des-moines-ia/,Yellow Pages Des Moines trade listings,2026-10-01
KRM Custom Homes,directory,https://www.yellowpages.com/des-moines-ia/,Yellow Pages Des Moines trade listings,2026-10-01
Braga Ltd,directory,https://www.yellowpages.com/des-moines-ia/,Yellow Pages Des Moines trade listings,2026-10-01
Torgerson Construction,directory,https://www.yellowpages.com/des-moines-ia/,Yellow Pages Des Moines trade listings,2026-10-01
Zenti Group General Contracting,directory,https://www.yellowpages.com/des-moines-ia/,Yellow Pages Des Moines trade listings,2026-10-01
American Home Sales,directory,https://www.yellowpages.com/des-moines-ia/,Yellow Pages Des Moines trade listings,2026-10-01
Steakhouse And Company Inc,directory,https://www.yellowpages.com/des-moines-ia/,Yellow Pages Des Moines trade listings,2026-10-01
Lou Lyle Craftsman,directory,https://www.yellowpages.com/des-moines-ia/,Yellow Pages Des Moines trade listings,2026-10-01
Tru View Enterprises Inc,directory,https://www.yellowpages.com/des-moines-ia/,Yellow Pages Des Moines trade listings,2026-10-01
Graham Construction Company,directory,https://www.yellowpages.com/des-moines-ia/,Yellow Pages Des Moines trade listings,2026-10-01
Purscell Co,directory,https://www.yellowpages.com/des-moines-ia/,Yellow Pages Des Moines trade listings,2026-10-01
Breiholz Construction,directory,https://www.yellowpages.com/des-moines-ia/,Yellow Pages Des Moines trade listings,2026-10-01
Heuermann L L Siding & Insulation,directory,https://www.yellowpages.com/des-moines-ia/,Yellow Pages Des Moines trade listings,2026-10-01
Atlas Masonry & Chimney,directory,https://www.yellowpages.com/des-moines-ia/,Yellow Pages Des Moines trade listings,2026-10-01
Scott's Home Renewal,directory,https://www.yellowpages.com/des-moines-ia/,Yellow Pages Des Moines trade listings,2026-10-01
Roumel N Son,directory,https://www.yellowpages.com/des-moines-ia/,Yellow Pages Des Moines trade listings,2026-10-01
Pacesetter Co Inc,directory,https://www.yellowpages.com/des-moines-ia/,Yellow Pages Des Moines trade listings,2026-10-01
The Shredder + MedShred,directory,https://www.yellowpages.com/des-moines-ia/,Yellow Pages Des Moines trade listings,2026-10-01
Phc Contractors,directory,https://www.yellowpages.com/des-moines-ia/,Yellow Pages Des Moines trade listings,2026-10-01
B & M Contractor's,directory,https://www.yellowpages.com/des-moines-ia/,Yellow Pages Des Moines trade listings,2026-10-01
Professional Contracting Services,directory,https://www.yellowpages.com/des-moines-ia/,Yellow Pages Des Moines trade listings,2026-10-01
Mobile Wash Of Iowa LLC,directory,https://www.yellowpages.com/des-moines-ia/,Yellow Pages Des Moines trade listings,2026-10-01
Hartman Construction & Remodeling,directory,https://www.yellowpages.com/des-moines-ia/,Yellow Pages Des Moines trade listings,2026-10-01
Elder Corporation,directory,https://www.yellowpages.com/des-moines-ia/,Yellow Pages Des Moines trade listings,2026-10-01
Flummerfelt Homes & Storage,directory,https://www.yellowpages.com/des-moines-ia/,Yellow Pages Des Moines trade listings,2026-10-01
Legacy Home Builders,directory,https://www.yellowpages.com/des-moines-ia/,Yellow Pages Des Moines trade listings,2026-10-01
Graham Construction,directory,https://www.yellowpages.com/des-moines-ia/,Yellow Pages Des Moines trade listings,2026-10-01
Beal Derkenne Construction,directory,https://www.yellowpages.com/des-moines-ia/,Yellow Pages Des Moines trade listings,2026-10-01
Parking Lot Specialties,directory,https://www.yellowpages.com/des-moines-ia/,Yellow Pages Des Moines trade listings,2026-10-01
Oakwood Homes,directory,https://www.yellowpages.com/des-moines-ia/,Yellow Pages Des Moines trade listings,2026-10-01
Hatch Development Group,directory,https://www.yellowpages.com/des-moines-ia/,Yellow Pages Des Moines trade listings,2026-10-01
Graham Construction,directory,https://www.yellowpages.com/des-moines-ia/,Yellow Pages Des Moines trade listings,2026-10-01
Favela Drywall,directory,https://www.yellowpages.com/des-moines-ia/,Yellow Pages Des Moines trade listings,2026-10-01
Ebert Painting,directory,https://www.yellowpages.com/des-moines-ia/,Yellow Pages Des Moines trade listings,2026-10-01
Graham Construction,directory,https://www.yellowpages.com/des-moines-ia/,Yellow Pages Des Moines trade listings,2026-10-01
Aye Contractors,directory,https://www.yellowpages.com/des-moines-ia/,Yellow Pages Des Moines trade listings,2026-10-01
Michael Contracting Services,directory,https://www.yellowpages.com/des-moines-ia/,Yellow Pages Des Moines trade listings,2026-10-01
Bolio Roofing & Construction,directory,https://www.yellowpages.com/des-moines-ia/,Yellow Pages Des Moines trade listings,2026-10-01
Arby Construction,directory,https://www.yellowpages.com/des-moines-ia/,Yellow Pages Des Moines trade listings,2026-10-01
Best Carpet Cleaning,directory,https://www.yellowpages.com/des-moines-ia/,Yellow Pages Des Moines trade listings,2026-10-01
Professional Contracting Services,directory,https://www.yellowpages.com/des-moines-ia/,Yellow Pages Des Moines trade listings,2026-10-01
Don Hill Brick Restoration,directory,https://www.yellowpages.com/des-moines-ia/,Yellow Pages Des Moines trade listings,2026-10-01
Iowa Bath Solutions,directory,https://www.yellowpages.com/des-moines-ia/,Yellow Pages Des Moines trade listings,2026-10-01
Godwin General Contractors,directory,https://www.yellowpages.com/des-moines-ia/,Yellow Pages Des Moines trade listings,2026-10-01
DW Siding and Construction,directory,https://www.yellowpages.com/des-moines-ia/,Yellow Pages Des Moines trade listings,2026-10-01
HQ builders,directory,https://www.yellowpages.com/des-moines-ia/,Yellow Pages Des Moines trade listings,2026-10-01
Primetime Remodels,directory,https://www.yellowpages.com/des-moines-ia/,Yellow Pages Des Moines trade listings,2026-10-01
All Homes,directory,https://www.yellowpages.com/des-moines-ia/,Yellow Pages Des Moines trade listings,2026-10-01
Farm & Home Builders Inc,directory,https://www.yellowpages.com/des-moines-ia/,Yellow Pages Des Moines trade listings,2026-10-01
First General Services,directory,https://www.yellowpages.com/des-moines-ia/,Yellow Pages Des Moines trade listings,2026-10-01
TS Construction,directory,https://www.yellowpages.com/des-moines-ia/,Yellow Pages Des Moines trade listings,2026-10-01
Dallenbach Larson Development,directory,https://www.yellowpages.com/des-moines-ia/,Yellow Pages Des Moines trade listings,2026-10-01
Horizon Custom Builders Inc,directory,https://www.yellowpages.com/des-moines-ia/,Yellow Pages Des Moines trade listings,2026-10-01
Mapes Construction,directory,https://www.yellowpages.com/des-moines-ia/,Yellow Pages Des Moines trade listings,2026-10-01
Venture Homes,directory,https://www.yellowpages.com/des-moines-ia/,Yellow Pages Des Moines trade listings,2026-10-01
Savannah Homes Inc,directory,https://www.yellowpages.com/des-moines-ia/,Yellow Pages Des Moines trade listings,2026-10-01
Kaufman Cosntruction,directory,https://www.yellowpages.com/des-moines-ia/,Yellow Pages Des Moines trade listings,2026-10-01
Holcomb Corporation,directory,https://www.yellowpages.com/des-moines-ia/,Yellow Pages Des Moines trade listings,2026-10-01
Century Complete - Iowa Studio,directory,https://www.yellowpages.com/des-moines-ia/,Yellow Pages Des Moines trade listings,2026-10-01
Villas at Willow Run Twinhomes by D.R. Horton,directory,https://www.yellowpages.com/des-moines-ia/,Yellow Pages Des Moines trade listings,2026-10-01
Banks Landing Townhomes by D.R. Horton,directory,https://www.yellowpages.com/des-moines-ia/,Yellow Pages Des Moines trade listings,2026-10-01
Stonebridge by D.R. Horton,directory,https://www.yellowpages.com/des-moines-ia/,Yellow Pages Des Moines trade listings,2026-10-01
Show Realty Group,directory,https://www.yellowpages.com/des-moines-ia/,Yellow Pages Des Moines trade listings,2026-10-01
Triple R Builders Inc,directory,https://www.yellowpages.com/des-moines-ia/,Yellow Pages Des Moines trade listings,2026-10-01
Spring Creek Crossing,directory,https://www.yellowpages.com/des-moines-ia/,Yellow Pages Des Moines trade listings,2026-10-01
Century Complete - Meadow Vista South,directory,https://www.yellowpages.com/des-moines-ia/,Yellow Pages Des Moines trade listings,2026-10-01
Iowa Division Office by D.R. Horton,directory,https://www.yellowpages.com/des-moines-ia/,Yellow Pages Des Moines trade listings,2026-10-01
Brook Ridge by D.R. Horton,directory,https://www.yellowpages.com/des-moines-ia/,Yellow Pages Des Moines trade listings,2026-10-01
Brook Ridge by D.R. Horton,directory,https://www.yellowpages.com/des-moines-ia/,Yellow Pages Des Moines trade listings,2026-10-01
Estates at Prairie Trail by D.R. Horton,directory,https://www.yellowpages.com/des-moines-ia/,Yellow Pages Des Moines trade listings,2026-10-01
Pointes West by D.R. Horton,directory,https://www.yellowpages.com/des-moines-ia/,Yellow Pages Des Moines trade listings,2026-10-01
Rochon Corp,directory,https://www.yellowpages.com/des-moines-ia/,Yellow Pages Des Moines trade listings,2026-10-01
Ellipsis,directory,https://www.yellowpages.com/des-moines-ia/,Yellow Pages Des Moines trade listings,2026-10-01
Spring Creek Ridge West by D.R. Horton,directory,https://www.yellowpages.com/des-moines-ia/,Yellow Pages Des Moines trade listings,2026-10-01
Iowa Division Office by D.R. Horton,directory,https://www.yellowpages.com/des-moines-ia/,Yellow Pages Des Moines trade listings,2026-10-01
Spring Creek Ridge North by D.R. Horton,directory,https://www.yellowpages.com/des-moines-ia/,Yellow Pages Des Moines trade listings,2026-10-01
Acheson Construction Inc,directory,https://www.yellowpages.com/des-moines-ia/,Yellow Pages Des Moines trade listings,2026-10-01
K & V Homes,directory,https://www.yellowpages.com/des-moines-ia/,Yellow Pages Des Moines trade listings,2026-10-01
Ridgedale Villas Phase Two,directory,https://www.yellowpages.com/des-moines-ia/,Yellow Pages Des Moines trade listings,2026-10-01
Ridgedale Heights by D.R. Horton,directory,https://www.yellowpages.com/des-moines-ia/,Yellow Pages Des Moines trade listings,2026-10-01
Fox Ridge Townhomes by D.R. Horton,directory,https://www.yellowpages.com/des-moines-ia/,Yellow Pages Des Moines trade listings,2026-10-01
Quail Run by D.R. Horton,directory,https://www.yellowpages.com/des-moines-ia/,Yellow Pages Des Moines trade listings,2026-10-01
Regency Commercial Services,directory,https://www.yellowpages.com/des-moines-ia/,Yellow Pages Des Moines trade listings,2026-10-01
Waterford Pointe by D.R. Horton,directory,https://www.yellowpages.com/des-moines-ia/,Yellow Pages Des Moines trade listings,2026-10-01
Tiny Homes of Iowa,directory,https://www.yellowpages.com/des-moines-ia/,Yellow Pages Des Moines trade listings,2026-10-01
Gratias Homes LLC,directory,https://www.yellowpages.com/des-moines-ia/,Yellow Pages Des Moines trade listings,2026-10-01
Canyon Landing Townhomes by D.R. Horton,directory,https://www.yellowpages.com/des-moines-ia/,Yellow Pages Des Moines trade listings,2026-10-01
Prairie Point View by D.R. Horton,directory,https://www.yellowpages.com/des-moines-ia/,Yellow Pages Des Moines trade listings,2026-10-01
Wisteria Heights by D.R. Horton,directory,https://www.yellowpages.com/des-moines-ia/,Yellow Pages Des Moines trade listings,2026-10-01
Canyon Landing by D.R. Horton,directory,https://www.yellowpages.com/des-moines-ia/,Yellow Pages Des Moines trade listings,2026-10-01
Crosshaven by D.R. Horton,directory,https://www.yellowpages.com/des-moines-ia/,Yellow Pages Des Moines trade listings,2026-10-01
Rockford Rigging Inc,directory,https://www.yellowpages.com/des-moines-ia/,Yellow Pages Des Moines trade listings,2026-10-01
G & D Auto Electric,directory,https://www.yellowpages.com/des-moines-ia/,Yellow Pages Des Moines trade listings,2026-10-01
Simon Welding Inc,directory,https://www.yellowpages.com/des-moines-ia/,Yellow Pages Des Moines trade listings,2026-10-01
Heuermann L L Siding & Insulation,directory,https://www.yellowpages.com/des-moines-ia/,Yellow Pages Des Moines trade listings,2026-10-01
Engineered Thermal Insulation Inc,directory,https://www.yellowpages.com/des-moines-ia/,Yellow Pages Des Moines trade listings,2026-10-01
Iac Corporation,directory,https://www.yellowpages.com/des-moines-ia/,Yellow Pages Des Moines trade listings,2026-10-01
Des Moines Spray Foam Insulation,directory,https://www.yellowpages.com/des-moines-ia/,Yellow Pages Des Moines trade listings,2026-10-01
Division 1 Insulation LLC,directory,https://www.yellowpages.com/des-moines-ia/,Yellow Pages Des Moines trade listings,2026-10-01
AB Construction,directory,https://www.yellowpages.com/des-moines-ia/,Yellow Pages Des Moines trade listings,2026-10-01
L and L Home Solutions,directory,https://www.yellowpages.com/des-moines-ia/,Yellow Pages Des Moines trade listings,2026-10-01
R D Enterprises,directory,https://www.yellowpages.com/des-moines-ia/,Yellow Pages Des Moines trade listings,2026-10-01
Reynolds Energy Solutions L.L.C,directory,https://www.yellowpages.com/des-moines-ia/,Yellow Pages Des Moines trade listings,2026-10-01
L & L Insulations,directory,https://www.yellowpages.com/des-moines-ia/,Yellow Pages Des Moines trade listings,2026-10-01
Tj Miller Drywall,directory,https://www.yellowpages.com/des-moines-ia/,Yellow Pages Des Moines trade listings,2026-10-01
Rock-N-Trowel,directory,https://www.yellowpages.com/des-moines-ia/,Yellow Pages Des Moines trade listings,2026-10-01
Insulation Plus,directory,https://www.yellowpages.com/des-moines-ia/,Yellow Pages Des Moines trade listings,2026-10-01
Dickman Supply & Insulation,directory,https://www.yellowpages.com/des-moines-ia/,Yellow Pages Des Moines trade listings,2026-10-01
Citywide Insulation Inc,directory,https://www.yellowpages.com/des-moines-ia/,Yellow Pages Des Moines trade listings,2026-10-01
Energy Solutions Of America,directory,https://www.yellowpages.com/des-moines-ia/,Yellow Pages Des Moines trade listings,2026-10-01
All Iowa Insulation Services,directory,https://www.yellowpages.com/des-moines-ia/,Yellow Pages Des Moines trade listings,2026-10-01
Iowa Spray Foam Insulators,directory,https://www.yellowpages.com/des-moines-ia/,Yellow Pages Des Moines trade listings,2026-10-01
Prevailing Resources,directory,https://www.yellowpages.com/des-moines-ia/,Yellow Pages Des Moines trade listings,2026-10-01
Precision Insulation and Coatings,directory,https://www.yellowpages.com/des-moines-ia/,Yellow Pages Des Moines trade listings,2026-10-01
Afi Insulation,directory,https://www.yellowpages.com/des-moines-ia/,Yellow Pages Des Moines trade listings,2026-10-01
Affordable Foam Insulation,directory,https://www.yellowpages.com/des-moines-ia/,Yellow Pages Des Moines trade listings,2026-10-01
Icm Insulation LTD,directory,https://www.yellowpages.com/des-moines-ia/,Yellow Pages Des Moines trade listings,2026-10-01
Net Eagle Finishes,directory,https://www.yellowpages.com/des-moines-ia/,Yellow Pages Des Moines trade listings,2026-10-01
High R Inc,directory,https://www.yellowpages.com/des-moines-ia/,Yellow Pages Des Moines trade listings,2026-10-01
Project Insulation,directory,https://www.yellowpages.com/des-moines-ia/,Yellow Pages Des Moines trade listings,2026-10-01
Save Green Spray Foam,directory,https://www.yellowpages.com/des-moines-ia/,Yellow Pages Des Moines trade listings,2026-10-01
US Energy Savers,directory,https://www.yellowpages.com/des-moines-ia/,Yellow Pages Des Moines trade listings,2026-10-01
Ankeny Spray Foam Insulation,directory,https://www.yellowpages.com/des-moines-ia/,Yellow Pages Des Moines trade listings,2026-10-01
Walker Spray Foam,directory,https://www.yellowpages.com/des-moines-ia/,Yellow Pages Des Moines trade listings,2026-10-01
Affordable Foam Insulation,directory,https://www.yellowpages.com/des-moines-ia/,Yellow Pages Des Moines trade listings,2026-10-01
Home Insulation Service,directory,https://www.yellowpages.com/des-moines-ia/,Yellow Pages Des Moines trade listings,2026-10-01
Contractor Services of Iowa,directory,https://www.yellowpages.com/des-moines-ia/,Yellow Pages Des Moines trade listings,2026-10-01
Midwest Insulation Systems,directory,https://www.yellowpages.com/des-moines-ia/,Yellow Pages Des Moines trade listings,2026-10-01
H & E Weatherization,directory,https://www.yellowpages.com/des-moines-ia/,Yellow Pages Des Moines trade listings,2026-10-01
Service Partners,directory,https://www.yellowpages.com/des-moines-ia/,Yellow Pages Des Moines trade listings,2026-10-01
Kinzler Construction Services of Des Moines,directory,https://www.yellowpages.com/des-moines-ia/,Yellow Pages Des Moines trade listings,2026-10-01
Contractors Group Inc,directory,https://www.yellowpages.com/des-moines-ia/,Yellow Pages Des Moines trade listings,2026-10-01
Insulation Engineering,directory,https://www.yellowpages.com/des-moines-ia/,Yellow Pages Des Moines trade listings,2026-10-01
Energy Masters,directory,https://www.yellowpages.com/des-moines-ia/,Yellow Pages Des Moines trade listings,2026-10-01
Growth Construction,directory,https://www.yellowpages.com/des-moines-ia/,Yellow Pages Des Moines trade listings,2026-10-01
Castle Pointe Homes,directory,https://www.yellowpages.com/des-moines-ia/,Yellow Pages Des Moines trade listings,2026-10-01
Retro Foam of Iowa,directory,https://www.yellowpages.com/des-moines-ia/,Yellow Pages Des Moines trade listings,2026-10-01
Precision Insulation & Coatings,directory,https://www.yellowpages.com/des-moines-ia/,Yellow Pages Des Moines trade listings,2026-10-01
"EcoLogika Home Performance, LLC",directory,https://www.yellowpages.com/des-moines-ia/,Yellow Pages Des Moines trade listings,2026-10-01
Brothers Insulation Foam & Drywall,directory,https://www.yellowpages.com/des-moines-ia/,Yellow Pages Des Moines trade listings,2026-10-01
Energy Masters,directory,https://www.yellowpages.com/des-moines-ia/,Yellow Pages Des Moines trade listings,2026-10-01
Koala Insulation of Des Moines,directory,https://www.yellowpages.com/des-moines-ia/,Yellow Pages Des Moines trade listings,2026-10-01
Sunray Construction,directory,https://www.yellowpages.com/des-moines-ia/,Yellow Pages Des Moines trade listings,2026-10-01
Home Solutions of Iowa,directory,https://www.yellowpages.com/des-moines-ia/,Yellow Pages Des Moines trade listings,2026-10-01
Energy Masters Commercial,directory,https://www.yellowpages.com/des-moines-ia/,Yellow Pages Des Moines trade listings,2026-10-01
Leaf Guard Gutters,directory,https://www.yellowpages.com/des-moines-ia/,Yellow Pages Des Moines trade listings,2026-10-01
Betterspace Landscapes LLC,directory,https://www.yellowpages.com/des-moines-ia/,Yellow Pages Des Moines trade listings,2026-10-01
Betterspace Landscapes LLC,directory,https://www.yellowpages.com/des-moines-ia/,Yellow Pages Des Moines trade listings,2026-10-01
Two Rivers Landscape,directory,https://www.yellowpages.com/des-moines-ia/,Yellow Pages Des Moines trade listings,2026-10-01
2 Men And A Mower Lawn Service,directory,https://www.yellowpages.com/des-moines-ia/,Yellow Pages Des Moines trade listings,2026-10-01
Mr2 Services,directory,https://www.yellowpages.com/des-moines-ia/,Yellow Pages Des Moines trade listings,2026-10-01
Iowa Lawn and Landscape,directory,https://www.yellowpages.com/des-moines-ia/,Yellow Pages Des Moines trade listings,2026-10-01
Allen Lawn Care & Landscaping Commercial Snow Removal,directory,https://www.yellowpages.com/des-moines-ia/,Yellow Pages Des Moines trade listings,2026-10-01
Grass Masters Lawn Care Inc,directory,https://www.yellowpages.com/des-moines-ia/,Yellow Pages Des Moines trade listings,2026-10-01
Supreme Lawn and Landscape,directory,https://www.yellowpages.com/des-moines-ia/,Yellow Pages Des Moines trade listings,2026-10-01
TM Property Services LLC,directory,https://www.yellowpages.com/des-moines-ia/,Yellow Pages Des Moines trade listings,2026-10-01
Perficut Co,directory,https://www.yellowpages.com/des-moines-ia/,Yellow Pages Des Moines trade listings,2026-10-01
Big Daddy Hauling & Mowing,directory,https://www.yellowpages.com/des-moines-ia/,Yellow Pages Des Moines trade listings,2026-10-01
Grass Masters Lawn Care Inc,directory,https://www.yellowpages.com/des-moines-ia/,Yellow Pages Des Moines trade listings,2026-10-01
Landscape Technologies,directory,https://www.yellowpages.com/des-moines-ia/,Yellow Pages Des Moines trade listings,2026-10-01
E & J Lawcare & Landscaping,directory,https://www.yellowpages.com/des-moines-ia/,Yellow Pages Des Moines trade listings,2026-10-01
Gardens Grace,directory,https://www.yellowpages.com/des-moines-ia/,Yellow Pages Des Moines trade listings,2026-10-01
Patriot Lawn Care Services,directory,https://www.yellowpages.com/des-moines-ia/,Yellow Pages Des Moines trade listings,2026-10-01
Central Iowa Dirt Works,directory,https://www.yellowpages.com/des-moines-ia/,Yellow Pages Des Moines trade listings,2026-10-01
MLC Lawn & Landscape,directory,https://www.yellowpages.com/des-moines-ia/,Yellow Pages Des Moines trade listings,2026-10-01
Lewis Lawn & Labor Inc.,directory,https://www.yellowpages.com/des-moines-ia/,Yellow Pages Des Moines trade listings,2026-10-01
Lighthouse Landscapes Lighting,directory,https://www.yellowpages.com/des-moines-ia/,Yellow Pages Des Moines trade listings,2026-10-01
High N Tight Lawn and Landscaping,directory,https://www.yellowpages.com/des-moines-ia/,Yellow Pages Des Moines trade listings,2026-10-01
All 4 Seasons,directory,https://www.yellowpages.com/des-moines-ia/,Yellow Pages Des Moines trade listings,2026-10-01
Masolini Service,directory,https://www.yellowpages.com/des-moines-ia/,Yellow Pages Des Moines trade listings,2026-10-01
Iowa Landscape Group,directory,https://www.yellowpages.com/des-moines-ia/,Yellow Pages Des Moines trade listings,2026-10-01
No Horsing Around Lawncare,directory,https://www.yellowpages.com/des-moines-ia/,Yellow Pages Des Moines trade listings,2026-10-01
Pearsons Landscaping & Grading,directory,https://www.yellowpages.com/des-moines-ia/,Yellow Pages Des Moines trade listings,2026-10-01
Frontline Lawns & Landscapes,directory,https://www.yellowpages.com/des-moines-ia/,Yellow Pages Des Moines trade listings,2026-10-01
Nodaway Valley Tree Farm,directory,https://www.yellowpages.com/des-moines-ia/,Yellow Pages Des Moines trade listings,2026-10-01
Frontline Lawn & Landscapes Inc,directory,https://www.yellowpages.com/des-moines-ia/,Yellow Pages Des Moines trade listings,2026-10-01
Outdoor Concepts,directory,https://www.yellowpages.com/des-moines-ia/,Yellow Pages Des Moines trade listings,2026-10-01
Betterspace Landscapes LLC,directory,https://www.yellowpages.com/des-moines-ia/,Yellow Pages Des Moines trade listings,2026-10-01
DeVries Outdoors Inc.,directory,https://www.yellowpages.com/des-moines-ia/,Yellow Pages Des Moines trade listings,2026-10-01
DeVries Lawn & Landscape,directory,https://www.yellowpages.com/des-moines-ia/,Yellow Pages Des Moines trade listings,2026-10-01
Baker's Turf & Snow,directory,https://www.yellowpages.com/des-moines-ia/,Yellow Pages Des Moines trade listings,2026-10-01
Green Keepers Lawn & Landscape,directory,https://www.yellowpages.com/des-moines-ia/,Yellow Pages Des Moines trade listings,2026-10-01
Friend Landscaping,directory,https://www.yellowpages.com/des-moines-ia/,Yellow Pages Des Moines trade listings,2026-10-01
Anne's Landscaping Services,directory,https://www.yellowpages.com/des-moines-ia/,Yellow Pages Des Moines trade listings,2026-10-01
Double Take Lawn Services,directory,https://www.yellowpages.com/des-moines-ia/,Yellow Pages Des Moines trade listings,2026-10-01
Schultes Horticulture,directory,https://www.yellowpages.com/des-moines-ia/,Yellow Pages Des Moines trade listings,2026-10-01
Tall Properties Inc,directory,https://www.yellowpages.com/des-moines-ia/,Yellow Pages Des Moines trade listings,2026-10-01
Lawn Sculptors,directory,https://www.yellowpages.com/des-moines-ia/,Yellow Pages Des Moines trade listings,2026-10-01
Blackford Tree Service,directory,https://www.yellowpages.com/des-moines-ia/,Yellow Pages Des Moines trade listings,2026-10-01
Bob Lenc Landscaping & Lawn Care,directory,https://www.yellowpages.com/des-moines-ia/,Yellow Pages Des Moines trade listings,2026-10-01
Capital Landscaping,directory,https://www.yellowpages.com/des-moines-ia/,Yellow Pages Des Moines trade listings,2026-10-01
Des Moines Landscapes,directory,https://www.yellowpages.com/des-moines-ia/,Yellow Pages Des Moines trade listings,2026-10-01
Earl May Garden Center,directory,https://www.yellowpages.com/des-moines-ia/,Yellow Pages Des Moines trade listings,2026-10-01
Outdoor Concepts,directory,https://www.yellowpages.com/des-moines-ia/,Yellow Pages Des Moines trade listings,2026-10-01
Don White & Son Sodding,directory,https://www.yellowpages.com/des-moines-ia/,Yellow Pages Des Moines trade listings,2026-10-01
Fly Graphic Style,directory,https://www.yellowpages.com/des-moines-ia/,Yellow Pages Des Moines trade listings,2026-10-01
Iowa Landscape Supply,directory,https://www.yellowpages.com/des-moines-ia/,Yellow Pages Des Moines trade listings,2026-10-01
All Seasons Lawn Care & Snow Removal,directory,https://www.yellowpages.com/des-moines-ia/,Yellow Pages Des Moines trade listings,2026-10-01
Wiges Outdoor Services,directory,https://www.yellowpages.com/des-moines-ia/,Yellow Pages Des Moines trade listings,2026-10-01
"Land Alterations & Construction Services, LLC",directory,https://www.yellowpages.com/des-moines-ia/,Yellow Pages Des Moines trade listings,2026-10-01
Marquez Brothers Lawn & Landscaping,directory,https://www.yellowpages.com/des-moines-ia/,Yellow Pages Des Moines trade listings,2026-10-01
Premium Tree Service,directory,https://www.yellowpages.com/des-moines-ia/,Yellow Pages Des Moines trade listings,2026-10-01
Warner Contracting,directory,https://www.yellowpages.com/des-moines-ia/,Yellow Pages Des Moines trade listings,2026-10-01
DM Hardscape,directory,https://www.yellowpages.com/des-moines-ia/,Yellow Pages Des Moines trade listings,2026-10-01
Christmas Ornaments,directory,https://www.yellowpages.com/des-moines-ia/,Yellow Pages Des Moines trade listings,2026-10-01
#1 Lawncare,directory,https://www.yellowpages.com/des-moines-ia/,Yellow Pages Des Moines trade listings,2026-10-01
A1 Greenturf Lawncare,directory,https://www.yellowpages.com/des-moines-ia/,Yellow Pages Des Moines trade listings,2026-10-01
T and J Lawn Mowing,directory,https://www.yellowpages.com/des-moines-ia/,Yellow Pages Des Moines trade listings,2026-10-01
Genus Landscape Architects,directory,https://www.yellowpages.com/des-moines-ia/,Yellow Pages Des Moines trade listings,2026-10-01
Capital Landscaping,directory,https://www.yellowpages.com/des-moines-ia/,Yellow Pages Des Moines trade listings,2026-10-01
Brian's Tree Service,directory,https://www.yellowpages.com/des-moines-ia/,Yellow Pages Des Moines trade listings,2026-10-01
Matt's Lawn Care,directory,https://www.yellowpages.com/des-moines-ia/,Yellow Pages Des Moines trade listings,2026-10-01
Arbor Rock & Wall Landscaping,directory,https://www.yellowpages.com/des-moines-ia/,Yellow Pages Des Moines trade listings,2026-10-01
Twin Oaks Landscaping,directory,https://www.yellowpages.com/des-moines-ia/,Yellow Pages Des Moines trade listings,2026-10-01
Two Rivers Landscape,directory,https://www.yellowpages.com/des-moines-ia/,Yellow Pages Des Moines trade listings,2026-10-01
Greenscape,directory,https://www.yellowpages.com/des-moines-ia/,Yellow Pages Des Moines trade listings,2026-10-01
Mark's Lawn Care,directory,https://www.yellowpages.com/des-moines-ia/,Yellow Pages Des Moines trade listings,2026-10-01
C & C Lawn Care,directory,https://www.yellowpages.com/des-moines-ia/,Yellow Pages Des Moines trade listings,2026-10-01
J B Service,directory,https://www.yellowpages.com/des-moines-ia/,Yellow Pages Des Moines trade listings,2026-10-01
A+ Lawn & Landscape,directory,https://www.yellowpages.com/des-moines-ia/,Yellow Pages Des Moines trade listings,2026-10-01
Altoona Lawn Care,directory,https://www.yellowpages.com/des-moines-ia/,Yellow Pages Des Moines trade listings,2026-10-01
Land Alterations & Construction Services,directory,https://www.yellowpages.com/des-moines-ia/,Yellow Pages Des Moines trade listings,2026-10-01
Friend Landscaping,directory,https://www.yellowpages.com/des-moines-ia/,Yellow Pages Des Moines trade listings,2026-10-01
Green Horizons Lawn Care,directory,https://www.yellowpages.com/des-moines-ia/,Yellow Pages Des Moines trade listings,2026-10-01
Oxford Tree Service,directory,https://www.yellowpages.com/des-moines-ia/,Yellow Pages Des Moines trade listings,2026-10-01
Grass Grabbers Lawn & Landscape,directory,https://www.yellowpages.com/des-moines-ia/,Yellow Pages Des Moines trade listings,2026-10-01
Arbor Rock and Wall Landscaping LLC,directory,https://www.yellowpages.com/des-moines-ia/,Yellow Pages Des Moines trade listings,2026-10-01
The Tree Guy,directory,https://www.yellowpages.com/des-moines-ia/,Yellow Pages Des Moines trade listings,2026-10-01
Artistic Design & Construction,directory,https://www.yellowpages.com/des-moines-ia/,Yellow Pages Des Moines trade listings,2026-10-01
The Bug Man,directory,https://www.yellowpages.com/des-moines-ia/,Yellow Pages Des Moines trade listings,2026-10-01
Perficut,directory,https://www.yellowpages.com/des-moines-ia/,Yellow Pages Des Moines trade listings,2026-10-01
The Growing Concern,directory,https://www.yellowpages.com/des-moines-ia/,Yellow Pages Des Moines trade listings,2026-10-01
Jls Grading & Dirt Work,directory,https://www.yellowpages.com/des-moines-ia/,Yellow Pages Des Moines trade listings,2026-10-01
Quick Supply Co.,directory,https://www.yellowpages.com/des-moines-ia/,Yellow Pages Des Moines trade listings,2026-10-01
"Ultimate Lawn Services, LLC",directory,https://www.yellowpages.com/des-moines-ia/,Yellow Pages Des Moines trade listings,2026-10-01
Supreme Lawn & Landscape,directory,https://www.yellowpages.com/des-moines-ia/,Yellow Pages Des Moines trade listings,2026-10-01
Wright Outdoor Solutions,directory,https://www.yellowpages.com/des-moines-ia/,Yellow Pages Des Moines trade listings,2026-10-01
Peters Lawn And Landscaping,directory,https://www.yellowpages.com/des-moines-ia/,Yellow Pages Des Moines trade listings,2026-10-01
Ultimate Scapes Landscaping,directory,https://www.yellowpages.com/des-moines-ia/,Yellow Pages Des Moines trade listings,2026-10-01
The Grounds Keeper,directory,https://www.yellowpages.com/des-moines-ia/,Yellow Pages Des Moines trade listings,2026-10-01
Iowa Outdoor Products,directory,https://www.yellowpages.com/des-moines-ia/,Yellow Pages Des Moines trade listings,2026-10-01
Kaldenberg's PBS Landscaping & Lawn Care,directory,https://www.yellowpages.com/des-moines-ia/,Yellow Pages Des Moines trade listings,2026-10-01
Hyde mowing & snow removal,directory,https://www.yellowpages.com/des-moines-ia/,Yellow Pages Des Moines trade listings,2026-10-01
MidWest L & I Inc,directory,https://www.yellowpages.com/des-moines-ia/,Yellow Pages Des Moines trade listings,2026-10-01
Outdoor Concepts,directory,https://www.yellowpages.com/des-moines-ia/,Yellow Pages Des Moines trade listings,2026-10-01
Naturescape,directory,https://www.yellowpages.com/des-moines-ia/,Yellow Pages Des Moines trade listings,2026-10-01
Stone Cross Lawn & Landscape & Concrete Collaborative,directory,https://www.yellowpages.com/des-moines-ia/,Yellow Pages Des Moines trade listings,2026-10-01
Stripez Site Management,directory,https://www.yellowpages.com/des-moines-ia/,Yellow Pages Des Moines trade listings,2026-10-01
Morales landscape,directory,https://www.yellowpages.com/des-moines-ia/,Yellow Pages Des Moines trade listings,2026-10-01
Perficut Companies Inc,directory,https://www.yellowpages.com/des-moines-ia/,Yellow Pages Des Moines trade listings,2026-10-01
Etch Outdoor Living,directory,https://www.yellowpages.com/des-moines-ia/,Yellow Pages Des Moines trade listings,2026-10-01
Chad Parker Lawn Care,directory,https://www.yellowpages.com/des-moines-ia/,Yellow Pages Des Moines trade listings,2026-10-01
Nature Scape,directory,https://www.yellowpages.com/des-moines-ia/,Yellow Pages Des Moines trade listings,2026-10-01
Perficut Companies Inc.,directory,https://www.yellowpages.com/des-moines-ia/,Yellow Pages Des Moines trade listings,2026-10-01
A + Lawn & Landscape,directory,https://www.yellowpages.com/des-moines-ia/,Yellow Pages Des Moines trade listings,2026-10-01
Boulder Brothers Landscaping,directory,https://www.yellowpages.com/des-moines-ia/,Yellow Pages Des Moines trade listings,2026-10-01
Artistic Curbing LLC,directory,https://www.yellowpages.com/des-moines-ia/,Yellow Pages Des Moines trade listings,2026-10-01
Alpha Landscapes,directory,https://www.yellowpages.com/des-moines-ia/,Yellow Pages Des Moines trade listings,2026-10-01
Mid Iowa Lawn Care,directory,https://www.yellowpages.com/des-moines-ia/,Yellow Pages Des Moines trade listings,2026-10-01
Shades of Green,directory,https://www.yellowpages.com/des-moines-ia/,Yellow Pages Des Moines trade listings,2026-10-01
U.S. Lawns,directory,https://www.yellowpages.com/des-moines-ia/,Yellow Pages Des Moines trade listings,2026-10-01
Greenscape,directory,https://www.yellowpages.com/des-moines-ia/,Yellow Pages Des Moines trade listings,2026-10-01
Bzak Landscaping Inc,directory,https://www.yellowpages.com/des-moines-ia/,Yellow Pages Des Moines trade listings,2026-10-01
Wicks Turf,directory,https://www.yellowpages.com/des-moines-ia/,Yellow Pages Des Moines trade listings,2026-10-01
Evergreene Sodding & Landscaping,directory,https://www.yellowpages.com/des-moines-ia/,Yellow Pages Des Moines trade listings,2026-10-01
Proscape Inc,directory,https://www.yellowpages.com/des-moines-ia/,Yellow Pages Des Moines trade listings,2026-10-01
Central Iowa Dirt Works and Landscaping,directory,https://www.yellowpages.com/des-moines-ia/,Yellow Pages Des Moines trade listings,2026-10-01
Zone 5 Designs,directory,https://www.yellowpages.com/des-moines-ia/,Yellow Pages Des Moines trade listings,2026-10-01
Premier Landscape,directory,https://www.yellowpages.com/des-moines-ia/,Yellow Pages Des Moines trade listings,2026-10-01
Truelsen Blumenthal,directory,https://www.yellowpages.com/des-moines-ia/,Yellow Pages Des Moines trade listings,2026-10-01
TRapper's WIldlife Control,directory,https://www.yellowpages.com/des-moines-ia/,Yellow Pages Des Moines trade listings,2026-10-01
Tebock's Landscape,directory,https://www.yellowpages.com/des-moines-ia/,Yellow Pages Des Moines trade listings,2026-10-01
Evergreen Lawn & Landscape,directory,https://www.yellowpages.com/des-moines-ia/,Yellow Pages Des Moines trade listings,2026-10-01
Cutting Edge Landscaping,directory,https://www.yellowpages.com/des-moines-ia/,Yellow Pages Des Moines trade listings,2026-10-01
Black Diamond Landscaping,directory,https://www.yellowpages.com/des-moines-ia/,Yellow Pages Des Moines trade listings,2026-10-01
Luke's Lawn & Landscaping,directory,https://www.yellowpages.com/des-moines-ia/,Yellow Pages Des Moines trade listings,2026-10-01
"MR2 Services, Inc.",directory,https://www.yellowpages.com/des-moines-ia/,Yellow Pages Des Moines trade listings,2026-10-01
TA Services,directory,https://www.yellowpages.com/des-moines-ia/,Yellow Pages Des Moines trade listings,2026-10-01
T.A. Services,directory,https://www.yellowpages.com/des-moines-ia/,Yellow Pages Des Moines trade listings,2026-10-01
TNT Landscaping & Nursery,directory,https://www.yellowpages.com/des-moines-ia/,Yellow Pages Des Moines trade listings,2026-10-01
T & T Sprinkler Service Inc.,directory,https://www.yellowpages.com/des-moines-ia/,Yellow Pages Des Moines trade listings,2026-10-01
Boetger Lawnscapes,directory,https://www.yellowpages.com/des-moines-ia/,Yellow Pages Des Moines trade listings,2026-10-01
Perennial Gardens,directory,https://www.yellowpages.com/des-moines-ia/,Yellow Pages Des Moines trade listings,2026-10-01
Snyder Landscaping & Lawn Care,directory,https://www.yellowpages.com/des-moines-ia/,Yellow Pages Des Moines trade listings,2026-10-01
Absolute Lawncare,directory,https://www.yellowpages.com/des-moines-ia/,Yellow Pages Des Moines trade listings,2026-10-01
Jose's Landscaping,directory,https://www.yellowpages.com/des-moines-ia/,Yellow Pages Des Moines trade listings,2026-10-01
ARW Landscaping,directory,https://www.yellowpages.com/des-moines-ia/,Yellow Pages Des Moines trade listings,2026-10-01
AS Landscaping Company,directory,https://www.yellowpages.com/des-moines-ia/,Yellow Pages Des Moines trade listings,2026-10-01
Galan's Landscaping,directory,https://www.yellowpages.com/des-moines-ia/,Yellow Pages Des Moines trade listings,2026-10-01
Mid-Iowa Lawn Care & Landscaping,directory,https://www.yellowpages.com/des-moines-ia/,Yellow Pages Des Moines trade listings,2026-10-01
Lawn Perfection,directory,https://www.yellowpages.com/des-moines-ia/,Yellow Pages Des Moines trade listings,2026-10-01
Betterspace Landscapes LLC,directory,https://www.yellowpages.com/des-moines-ia/,Yellow Pages Des Moines trade listings,2026-10-01
Mr2 Services,directory,https://www.yellowpages.com/des-moines-ia/,Yellow Pages Des Moines trade listings,2026-10-01
Allen Lawn Care & Landscaping Commercial Snow Removal,directory,https://www.yellowpages.com/des-moines-ia/,Yellow Pages Des Moines trade listings,2026-10-01
DeVries Lawn & Landscape,directory,https://www.yellowpages.com/des-moines-ia/,Yellow Pages Des Moines trade listings,2026-10-01
Baker's Turf & Snow,directory,https://www.yellowpages.com/des-moines-ia/,Yellow Pages Des Moines trade listings,2026-10-01
Green Keepers Lawn & Landscape,directory,https://www.yellowpages.com/des-moines-ia/,Yellow Pages Des Moines trade listings,2026-10-01
Anne's Landscaping Services,directory,https://www.yellowpages.com/des-moines-ia/,Yellow Pages Des Moines trade listings,2026-10-01
Fly Graphic Style,directory,https://www.yellowpages.com/des-moines-ia/,Yellow Pages Des Moines trade listings,2026-10-01
DM Hardscape,directory,https://www.yellowpages.com/des-moines-ia/,Yellow Pages Des Moines trade listings,2026-10-01
Arbor Rock and Wall Landscaping LLC,directory,https://www.yellowpages.com/des-moines-ia/,Yellow Pages Des Moines trade listings,2026-10-01
"Ultimate Lawn Services, LLC",directory,https://www.yellowpages.com/des-moines-ia/,Yellow Pages Des Moines trade listings,2026-10-01
Kaldenberg's PBS Landscaping & Lawn Care,directory,https://www.yellowpages.com/des-moines-ia/,Yellow Pages Des Moines trade listings,2026-10-01
T & T Sprinkler Service Inc.,directory,https://www.yellowpages.com/des-moines-ia/,Yellow Pages Des Moines trade listings,2026-10-01
Jose's Landscaping,directory,https://www.yellowpages.com/des-moines-ia/,Yellow Pages Des Moines trade listings,2026-10-01
ARW Landscaping,directory,https://www.yellowpages.com/des-moines-ia/,Yellow Pages Des Moines trade listings,2026-10-01
AS Landscaping Company,directory,https://www.yellowpages.com/des-moines-ia/,Yellow Pages Des Moines trade listings,2026-10-01
Galan's Landscaping,directory,https://www.yellowpages.com/des-moines-ia/,Yellow Pages Des Moines trade listings,2026-10-01
SiteOne Landscape Supply,directory,https://www.yellowpages.com/des-moines-ia/,Yellow Pages Des Moines trade listings,2026-10-01
Nolte and Sons Lawn and Irrigation,directory,https://www.yellowpages.com/des-moines-ia/,Yellow Pages Des Moines trade listings,2026-10-01
Hubbell Realty Company,directory,https://www.yellowpages.com/des-moines-ia/,Yellow Pages Des Moines trade listings,2026-10-01
JG Landscaping Company,directory,https://www.yellowpages.com/des-moines-ia/,Yellow Pages Des Moines trade listings,2026-10-01
TruGreen,directory,https://www.yellowpages.com/des-moines-ia/,Yellow Pages Des Moines trade listings,2026-10-01
Two Rivers Landscape,directory,https://www.yellowpages.com/des-moines-ia/,Yellow Pages Des Moines trade listings,2026-10-01
2 Men And A Mower Lawn Service,directory,https://www.yellowpages.com/des-moines-ia/,Yellow Pages Des Moines trade listings,2026-10-01
Iowa Lawn and Landscape,directory,https://www.yellowpages.com/des-moines-ia/,Yellow Pages Des Moines trade listings,2026-10-01
Outdoor Concepts,directory,https://www.yellowpages.com/des-moines-ia/,Yellow Pages Des Moines trade listings,2026-10-01
DeVries Outdoors Inc.,directory,https://www.yellowpages.com/des-moines-ia/,Yellow Pages Des Moines trade listings,2026-10-01
Double Take Lawn Services,directory,https://www.yellowpages.com/des-moines-ia/,Yellow Pages Des Moines trade listings,2026-10-01
Betterspace Landscapes LLC,directory,https://www.yellowpages.com/des-moines-ia/,Yellow Pages Des Moines trade listings,2026-10-01
DeVries Outdoors Inc.,directory,https://www.yellowpages.com/des-moines-ia/,Yellow Pages Des Moines trade listings,2026-10-01
DeVries Lawn & Landscape,directory,https://www.yellowpages.com/des-moines-ia/,Yellow Pages Des Moines trade listings,2026-10-01
Baker's Turf & Snow,directory,https://www.yellowpages.com/des-moines-ia/,Yellow Pages Des Moines trade listings,2026-10-01
Green Keepers Lawn & Landscape,directory,https://www.yellowpages.com/des-moines-ia/,Yellow Pages Des Moines trade listings,2026-10-01
Friend Landscaping,directory,https://www.yellowpages.com/des-moines-ia/,Yellow Pages Des Moines trade listings,2026-10-01
Anne's Landscaping Services,directory,https://www.yellowpages.com/des-moines-ia/,Yellow Pages Des Moines trade listings,2026-10-01
Double Take Lawn Services,directory,https://www.yellowpages.com/des-moines-ia/,Yellow Pages Des Moines trade listings,2026-10-01
Schultes Horticulture,directory,https://www.yellowpages.com/des-moines-ia/,Yellow Pages Des Moines trade listings,2026-10-01
Tall Properties Inc,directory,https://www.yellowpages.com/des-moines-ia/,Yellow Pages Des Moines trade listings,2026-10-01
Lawn Sculptors,directory,https://www.yellowpages.com/des-moines-ia/,Yellow Pages Des Moines trade listings,2026-10-01
Blackford Tree Service,directory,https://www.yellowpages.com/des-moines-ia/,Yellow Pages Des Moines trade listings,2026-10-01
Bob Lenc Landscaping & Lawn Care,directory,https://www.yellowpages.com/des-moines-ia/,Yellow Pages Des Moines trade listings,2026-10-01
Capital Landscaping,directory,https://www.yellowpages.com/des-moines-ia/,Yellow Pages Des Moines trade listings,2026-10-01
Des Moines Landscapes,directory,https://www.yellowpages.com/des-moines-ia/,Yellow Pages Des Moines trade listings,2026-10-01
Earl May Garden Center,directory,https://www.yellowpages.com/des-moines-ia/,Yellow Pages Des Moines trade listings,2026-10-01
Outdoor Concepts,directory,https://www.yellowpages.com/des-moines-ia/,Yellow Pages Des Moines trade listings,2026-10-01
Don White & Son Sodding,directory,https://www.yellowpages.com/des-moines-ia/,Yellow Pages Des Moines trade listings,2026-10-01
Fly Graphic Style,directory,https://www.yellowpages.com/des-moines-ia/,Yellow Pages Des Moines trade listings,2026-10-01
Iowa Landscape Supply,directory,https://www.yellowpages.com/des-moines-ia/,Yellow Pages Des Moines trade listings,2026-10-01
All Seasons Lawn Care & Snow Removal,directory,https://www.yellowpages.com/des-moines-ia/,Yellow Pages Des Moines trade listings,2026-10-01
Wiges Outdoor Services,directory,https://www.yellowpages.com/des-moines-ia/,Yellow Pages Des Moines trade listings,2026-10-01
"Land Alterations & Construction Services, LLC",directory,https://www.yellowpages.com/des-moines-ia/,Yellow Pages Des Moines trade listings,2026-10-01
Marquez Brothers Lawn & Landscaping,directory,https://www.yellowpages.com/des-moines-ia/,Yellow Pages Des Moines trade listings,2026-10-01
Premium Tree Service,directory,https://www.yellowpages.com/des-moines-ia/,Yellow Pages Des Moines trade listings,2026-10-01
Warner Contracting,directory,https://www.yellowpages.com/des-moines-ia/,Yellow Pages Des Moines trade listings,2026-10-01
DM Hardscape,directory,https://www.yellowpages.com/des-moines-ia/,Yellow Pages Des Moines trade listings,2026-10-01
Christmas Ornaments,directory,https://www.yellowpages.com/des-moines-ia/,Yellow Pages Des Moines trade listings,2026-10-01
#1 Lawncare,directory,https://www.yellowpages.com/des-moines-ia/,Yellow Pages Des Moines trade listings,2026-10-01
A1 Greenturf Lawncare,directory,https://www.yellowpages.com/des-moines-ia/,Yellow Pages Des Moines trade listings,2026-10-01
T and J Lawn Mowing,directory,https://www.yellowpages.com/des-moines-ia/,Yellow Pages Des Moines trade listings,2026-10-01
Genus Landscape Architects,directory,https://www.yellowpages.com/des-moines-ia/,Yellow Pages Des Moines trade listings,2026-10-01
Capital Landscaping,directory,https://www.yellowpages.com/des-moines-ia/,Yellow Pages Des Moines trade listings,2026-10-01
Brian's Tree Service,directory,https://www.yellowpages.com/des-moines-ia/,Yellow Pages Des Moines trade listings,2026-10-01
Matt's Lawn Care,directory,https://www.yellowpages.com/des-moines-ia/,Yellow Pages Des Moines trade listings,2026-10-01
Arbor Rock & Wall Landscaping,directory,https://www.yellowpages.com/des-moines-ia/,Yellow Pages Des Moines trade listings,2026-10-01
Twin Oaks Landscaping,directory,https://www.yellowpages.com/des-moines-ia/,Yellow Pages Des Moines trade listings,2026-10-01
Two Rivers Landscape,directory,https://www.yellowpages.com/des-moines-ia/,Yellow Pages Des Moines trade listings,2026-10-01
Greenscape,directory,https://www.yellowpages.com/des-moines-ia/,Yellow Pages Des Moines trade listings,2026-10-01
Mark's Lawn Care,directory,https://www.yellowpages.com/des-moines-ia/,Yellow Pages Des Moines trade listings,2026-10-01
C & C Lawn Care,directory,https://www.yellowpages.com/des-moines-ia/,Yellow Pages Des Moines trade listings,2026-10-01
J B Service,directory,https://www.yellowpages.com/des-moines-ia/,Yellow Pages Des Moines trade listings,2026-10-01
A+ Lawn & Landscape,directory,https://www.yellowpages.com/des-moines-ia/,Yellow Pages Des Moines trade listings,2026-10-01
Altoona Lawn Care,directory,https://www.yellowpages.com/des-moines-ia/,Yellow Pages Des Moines trade listings,2026-10-01
Land Alterations & Construction Services,directory,https://www.yellowpages.com/des-moines-ia/,Yellow Pages Des Moines trade listings,2026-10-01
Friend Landscaping,directory,https://www.yellowpages.com/des-moines-ia/,Yellow Pages Des Moines trade listings,2026-10-01
Green Horizons Lawn Care,directory,https://www.yellowpages.com/des-moines-ia/,Yellow Pages Des Moines trade listings,2026-10-01
Oxford Tree Service,directory,https://www.yellowpages.com/des-moines-ia/,Yellow Pages Des Moines trade listings,2026-10-01
Grass Grabbers Lawn & Landscape,directory,https://www.yellowpages.com/des-moines-ia/,Yellow Pages Des Moines trade listings,2026-10-01
Arbor Rock and Wall Landscaping LLC,directory,https://www.yellowpages.com/des-moines-ia/,Yellow Pages Des Moines trade listings,2026-10-01
The Tree Guy,directory,https://www.yellowpages.com/des-moines-ia/,Yellow Pages Des Moines trade listings,2026-10-01
Artistic Design & Construction,directory,https://www.yellowpages.com/des-moines-ia/,Yellow Pages Des Moines trade listings,2026-10-01
The Bug Man,directory,https://www.yellowpages.com/des-moines-ia/,Yellow Pages Des Moines trade listings,2026-10-01
Perficut,directory,https://www.yellowpages.com/des-moines-ia/,Yellow Pages Des Moines trade listings,2026-10-01
The Growing Concern,directory,https://www.yellowpages.com/des-moines-ia/,Yellow Pages Des Moines trade listings,2026-10-01
Jls Grading & Dirt Work,directory,https://www.yellowpages.com/des-moines-ia/,Yellow Pages Des Moines trade listings,2026-10-01
Quick Supply Co.,directory,https://www.yellowpages.com/des-moines-ia/,Yellow Pages Des Moines trade listings,2026-10-01
"Ultimate Lawn Services, LLC",directory,https://www.yellowpages.com/des-moines-ia/,Yellow Pages Des Moines trade listings,2026-10-01
Supreme Lawn & Landscape,directory,https://www.yellowpages.com/des-moines-ia/,Yellow Pages Des Moines trade listings,2026-10-01
Wright Outdoor Solutions,directory,https://www.yellowpages.com/des-moines-ia/,Yellow Pages Des Moines trade listings,2026-10-01
Peters Lawn And Landscaping,directory,https://www.yellowpages.com/des-moines-ia/,Yellow Pages Des Moines trade listings,2026-10-01
Ultimate Scapes Landscaping,directory,https://www.yellowpages.com/des-moines-ia/,Yellow Pages Des Moines trade listings,2026-10-01
The Grounds Keeper,directory,https://www.yellowpages.com/des-moines-ia/,Yellow Pages Des Moines trade listings,2026-10-01
Iowa Outdoor Products,directory,https://www.yellowpages.com/des-moines-ia/,Yellow Pages Des Moines trade listings,2026-10-01
Kaldenberg's PBS Landscaping & Lawn Care,directory,https://www.yellowpages.com/des-moines-ia/,Yellow Pages Des Moines trade listings,2026-10-01
Hyde mowing & snow removal,directory,https://www.yellowpages.com/des-moines-ia/,Yellow Pages Des Moines trade listings,2026-10-01
MidWest L & I Inc,directory,https://www.yellowpages.com/des-moines-ia/,Yellow Pages Des Moines trade listings,2026-10-01
Outdoor Concepts,directory,https://www.yellowpages.com/des-moines-ia/,Yellow Pages Des Moines trade listings,2026-10-01
Naturescape,directory,https://www.yellowpages.com/des-moines-ia/,Yellow Pages Des Moines trade listings,2026-10-01
Stone Cross Lawn & Landscape & Concrete Collaborative,directory,https://www.yellowpages.com/des-moines-ia/,Yellow Pages Des Moines trade listings,2026-10-01
Stripez Site Management,directory,https://www.yellowpages.com/des-moines-ia/,Yellow Pages Des Moines trade listings,2026-10-01
Morales landscape,directory,https://www.yellowpages.com/des-moines-ia/,Yellow Pages Des Moines trade listings,2026-10-01
Perficut Companies Inc,directory,https://www.yellowpages.com/des-moines-ia/,Yellow Pages Des Moines trade listings,2026-10-01
Etch Outdoor Living,directory,https://www.yellowpages.com/des-moines-ia/,Yellow Pages Des Moines trade listings,2026-10-01
Chad Parker Lawn Care,directory,https://www.yellowpages.com/des-moines-ia/,Yellow Pages Des Moines trade listings,2026-10-01
Nature Scape,directory,https://www.yellowpages.com/des-moines-ia/,Yellow Pages Des Moines trade listings,2026-10-01
Perficut Companies Inc.,directory,https://www.yellowpages.com/des-moines-ia/,Yellow Pages Des Moines trade listings,2026-10-01
A + Lawn & Landscape,directory,https://www.yellowpages.com/des-moines-ia/,Yellow Pages Des Moines trade listings,2026-10-01
Boulder Brothers Landscaping,directory,https://www.yellowpages.com/des-moines-ia/,Yellow Pages Des Moines trade listings,2026-10-01
Artistic Curbing LLC,directory,https://www.yellowpages.com/des-moines-ia/,Yellow Pages Des Moines trade listings,2026-10-01
Alpha Landscapes,directory,https://www.yellowpages.com/des-moines-ia/,Yellow Pages Des Moines trade listings,2026-10-01
Mid Iowa Lawn Care,directory,https://www.yellowpages.com/des-moines-ia/,Yellow Pages Des Moines trade listings,2026-10-01
Shades of Green,directory,https://www.yellowpages.com/des-moines-ia/,Yellow Pages Des Moines trade listings,2026-10-01
U.S. Lawns,directory,https://www.yellowpages.com/des-moines-ia/,Yellow Pages Des Moines trade listings,2026-10-01
Greenscape,directory,https://www.yellowpages.com/des-moines-ia/,Yellow Pages Des Moines trade listings,2026-10-01
Bzak Landscaping Inc,directory,https://www.yellowpages.com/des-moines-ia/,Yellow Pages Des Moines trade listings,2026-10-01
Wicks Turf,directory,https://www.yellowpages.com/des-moines-ia/,Yellow Pages Des Moines trade listings,2026-10-01
Evergreene Sodding & Landscaping,directory,https://www.yellowpages.com/des-moines-ia/,Yellow Pages Des Moines trade listings,2026-10-01
Proscape Inc,directory,https://www.yellowpages.com/des-moines-ia/,Yellow Pages Des Moines trade listings,2026-10-01
Central Iowa Dirt Works and Landscaping,directory,https://www.yellowpages.com/des-moines-ia/,Yellow Pages Des Moines trade listings,2026-10-01
Zone 5 Designs,directory,https://www.yellowpages.com/des-moines-ia/,Yellow Pages Des Moines trade listings,2026-10-01
Premier Landscape,directory,https://www.yellowpages.com/des-moines-ia/,Yellow Pages Des Moines trade listings,2026-10-01
Truelsen Blumenthal,directory,https://www.yellowpages.com/des-moines-ia/,Yellow Pages Des Moines trade listings,2026-10-01
TRapper's WIldlife Control,directory,https://www.yellowpages.com/des-moines-ia/,Yellow Pages Des Moines trade listings,2026-10-01
Tebock's Landscape,directory,https://www.yellowpages.com/des-moines-ia/,Yellow Pages Des Moines trade listings,2026-10-01
Evergreen Lawn & Landscape,directory,https://www.yellowpages.com/des-moines-ia/,Yellow Pages Des Moines trade listings,2026-10-01
Cutting Edge Landscaping,directory,https://www.yellowpages.com/des-moines-ia/,Yellow Pages Des Moines trade listings,2026-10-01
Black Diamond Landscaping,directory,https://www.yellowpages.com/des-moines-ia/,Yellow Pages Des Moines trade listings,2026-10-01
Luke's Lawn & Landscaping,directory,https://www.yellowpages.com/des-moines-ia/,Yellow Pages Des Moines trade listings,2026-10-01
"MR2 Services, Inc.",directory,https://www.yellowpages.com/des-moines-ia/,Yellow Pages Des Moines trade listings,2026-10-01
TA Services,directory,https://www.yellowpages.com/des-moines-ia/,Yellow Pages Des Moines trade listings,2026-10-01
T.A. Services,directory,https://www.yellowpages.com/des-moines-ia/,Yellow Pages Des Moines trade listings,2026-10-01
TNT Landscaping & Nursery,directory,https://www.yellowpages.com/des-moines-ia/,Yellow Pages Des Moines trade listings,2026-10-01
T & T Sprinkler Service Inc.,directory,https://www.yellowpages.com/des-moines-ia/,Yellow Pages Des Moines trade listings,2026-10-01
Boetger Lawnscapes,directory,https://www.yellowpages.com/des-moines-ia/,Yellow Pages Des Moines trade listings,2026-10-01
Perennial Gardens,directory,https://www.yellowpages.com/des-moines-ia/,Yellow Pages Des Moines trade listings,2026-10-01
Snyder Landscaping & Lawn Care,directory,https://www.yellowpages.com/des-moines-ia/,Yellow Pages Des Moines trade listings,2026-10-01
Absolute Lawncare,directory,https://www.yellowpages.com/des-moines-ia/,Yellow Pages Des Moines trade listings,2026-10-01
Jose's Landscaping,directory,https://www.yellowpages.com/des-moines-ia/,Yellow Pages Des Moines trade listings,2026-10-01
ARW Landscaping,directory,https://www.yellowpages.com/des-moines-ia/,Yellow Pages Des Moines trade listings,2026-10-01
AS Landscaping Company,directory,https://www.yellowpages.com/des-moines-ia/,Yellow Pages Des Moines trade listings,2026-10-01
Galan's Landscaping,directory,https://www.yellowpages.com/des-moines-ia/,Yellow Pages Des Moines trade listings,2026-10-01
Mid-Iowa Lawn Care & Landscaping,directory,https://www.yellowpages.com/des-moines-ia/,Yellow Pages Des Moines trade listings,2026-10-01
Lawn Perfection,directory,https://www.yellowpages.com/des-moines-ia/,Yellow Pages Des Moines trade listings,2026-10-01
Eldridge Welding & Machine Co,directory,https://www.yellowpages.com/des-moines-ia/,Yellow Pages Des Moines trade listings,2026-10-01
Rev Tech,directory,https://www.yellowpages.com/des-moines-ia/,Yellow Pages Des Moines trade listings,2026-10-01
Machine Shop,directory,https://www.yellowpages.com/des-moines-ia/,Yellow Pages Des Moines trade listings,2026-10-01
Selindh Machine Co,directory,https://www.yellowpages.com/des-moines-ia/,Yellow Pages Des Moines trade listings,2026-10-01
Koenig Engineering & Machine,directory,https://www.yellowpages.com/des-moines-ia/,Yellow Pages Des Moines trade listings,2026-10-01
ATF Davidson Ltd,directory,https://www.yellowpages.com/des-moines-ia/,Yellow Pages Des Moines trade listings,2026-10-01
Air Compressor & Machine Company of Iowa,directory,https://www.yellowpages.com/des-moines-ia/,Yellow Pages Des Moines trade listings,2026-10-01
C & A Maintenance Mach & Weld,directory,https://www.yellowpages.com/des-moines-ia/,Yellow Pages Des Moines trade listings,2026-10-01
Accurate Hydraulics & Machine Services Inc,directory,https://www.yellowpages.com/des-moines-ia/,Yellow Pages Des Moines trade listings,2026-10-01
Automotive Machine Shop Service,directory,https://www.yellowpages.com/des-moines-ia/,Yellow Pages Des Moines trade listings,2026-10-01
Add A Tool Ltd,directory,https://www.yellowpages.com/des-moines-ia/,Yellow Pages Des Moines trade listings,2026-10-01
Midstate Machine,directory,https://www.yellowpages.com/des-moines-ia/,Yellow Pages Des Moines trade listings,2026-10-01
Hawkeye Machine Co,directory,https://www.yellowpages.com/des-moines-ia/,Yellow Pages Des Moines trade listings,2026-10-01
"Engine Rebuilders, Inc",directory,https://www.yellowpages.com/des-moines-ia/,Yellow Pages Des Moines trade listings,2026-10-01
Hydraulic Supply Company,directory,https://www.yellowpages.com/des-moines-ia/,Yellow Pages Des Moines trade listings,2026-10-01
Dels Machining,directory,https://www.yellowpages.com/des-moines-ia/,Yellow Pages Des Moines trade listings,2026-10-01
Des Moines Metal Fabricating,directory,https://www.yellowpages.com/des-moines-ia/,Yellow Pages Des Moines trade listings,2026-10-01
Factory Direct PT O'S,directory,https://www.yellowpages.com/des-moines-ia/,Yellow Pages Des Moines trade listings,2026-10-01
Accurate Hydraulics & Machine Services Inc,directory,https://www.yellowpages.com/des-moines-ia/,Yellow Pages Des Moines trade listings,2026-10-01
Auto Industrial Machine Service Inc,directory,https://www.yellowpages.com/des-moines-ia/,Yellow Pages Des Moines trade listings,2026-10-01
Tinker Tooling,directory,https://www.yellowpages.com/des-moines-ia/,Yellow Pages Des Moines trade listings,2026-10-01
J D Welding & Machine,directory,https://www.yellowpages.com/des-moines-ia/,Yellow Pages Des Moines trade listings,2026-10-01
Advance Machine & Tool Company,directory,https://www.yellowpages.com/des-moines-ia/,Yellow Pages Des Moines trade listings,2026-10-01
Mid-Country Machinery Inc,directory,https://www.yellowpages.com/des-moines-ia/,Yellow Pages Des Moines trade listings,2026-10-01
Hyperformance,directory,https://www.yellowpages.com/des-moines-ia/,Yellow Pages Des Moines trade listings,2026-10-01
Quality Manufacturing Corp,directory,https://www.yellowpages.com/des-moines-ia/,Yellow Pages Des Moines trade listings,2026-10-01
Rosko Manufacturing,directory,https://www.yellowpages.com/des-moines-ia/,Yellow Pages Des Moines trade listings,2026-10-01
Arnold Motor Supply,directory,https://www.yellowpages.com/des-moines-ia/,Yellow Pages Des Moines trade listings,2026-10-01
Custom Steel Builders Inc,directory,https://www.yellowpages.com/des-moines-ia/,Yellow Pages Des Moines trade listings,2026-10-01
Central Iowa Maching Co Inc,directory,https://www.yellowpages.com/des-moines-ia/,Yellow Pages Des Moines trade listings,2026-10-01
Accurate Hydraulics & Machine Services Inc,directory,https://www.yellowpages.com/des-moines-ia/,Yellow Pages Des Moines trade listings,2026-10-01
Ns Machine,directory,https://www.yellowpages.com/des-moines-ia/,Yellow Pages Des Moines trade listings,2026-10-01
Paragon Concrete,directory,https://www.yellowpages.com/des-moines-ia/,Yellow Pages Des Moines trade listings,2026-10-01
John Voss Concrete & Excavating Inc.,directory,https://www.yellowpages.com/des-moines-ia/,Yellow Pages Des Moines trade listings,2026-10-01
Hernandez Masonry Services,directory,https://www.yellowpages.com/des-moines-ia/,Yellow Pages Des Moines trade listings,2026-10-01
CMI Services,directory,https://www.yellowpages.com/des-moines-ia/,Yellow Pages Des Moines trade listings,2026-10-01
DSM Masonry Construction,directory,https://www.yellowpages.com/des-moines-ia/,Yellow Pages Des Moines trade listings,2026-10-01
MBM Company,directory,https://www.yellowpages.com/des-moines-ia/,Yellow Pages Des Moines trade listings,2026-10-01
Gold Stone Masonry,directory,https://www.yellowpages.com/des-moines-ia/,Yellow Pages Des Moines trade listings,2026-10-01
Atlas Masonry & Chimney,directory,https://www.yellowpages.com/des-moines-ia/,Yellow Pages Des Moines trade listings,2026-10-01
"Central Asphalt Paving, Inc",directory,https://www.yellowpages.com/des-moines-ia/,Yellow Pages Des Moines trade listings,2026-10-01
DM Hardscape,directory,https://www.yellowpages.com/des-moines-ia/,Yellow Pages Des Moines trade listings,2026-10-01
Saylorcreek Sand Company,directory,https://www.yellowpages.com/des-moines-ia/,Yellow Pages Des Moines trade listings,2026-10-01
Versatile Construction LLC,directory,https://www.yellowpages.com/des-moines-ia/,Yellow Pages Des Moines trade listings,2026-10-01
Des Moines Masonry,directory,https://www.yellowpages.com/des-moines-ia/,Yellow Pages Des Moines trade listings,2026-10-01
Silvermine Construction LLC,directory,https://www.yellowpages.com/des-moines-ia/,Yellow Pages Des Moines trade listings,2026-10-01
MB Masonry LLC,directory,https://www.yellowpages.com/des-moines-ia/,Yellow Pages Des Moines trade listings,2026-10-01
Architectural Products Inc,directory,https://www.yellowpages.com/des-moines-ia/,Yellow Pages Des Moines trade listings,2026-10-01
Thrasher Foundation Repair,directory,https://www.yellowpages.com/des-moines-ia/,Yellow Pages Des Moines trade listings,2026-10-01
Foundation Recovery Systems Des Moines,directory,https://www.yellowpages.com/des-moines-ia/,Yellow Pages Des Moines trade listings,2026-10-01
Atlas Masonry & Chimney,directory,https://www.yellowpages.com/des-moines-ia/,Yellow Pages Des Moines trade listings,2026-10-01
John Williams Masonry,directory,https://www.yellowpages.com/des-moines-ia/,Yellow Pages Des Moines trade listings,2026-10-01
Manuel Masonry,directory,https://www.yellowpages.com/des-moines-ia/,Yellow Pages Des Moines trade listings,2026-10-01
A-1 Concrete Leveling of Des Moines,directory,https://www.yellowpages.com/des-moines-ia/,Yellow Pages Des Moines trade listings,2026-10-01
P & P Stone Construction LLC,directory,https://www.yellowpages.com/des-moines-ia/,Yellow Pages Des Moines trade listings,2026-10-01
Masonry Service by Atajic,directory,https://www.yellowpages.com/des-moines-ia/,Yellow Pages Des Moines trade listings,2026-10-01
Iowa Landscape Supply,directory,https://www.yellowpages.com/des-moines-ia/,Yellow Pages Des Moines trade listings,2026-10-01
Allied Construction Services Inc.,directory,https://www.yellowpages.com/des-moines-ia/,Yellow Pages Des Moines trade listings,2026-10-01
Des Moines Winterset Memorials,directory,https://www.yellowpages.com/des-moines-ia/,Yellow Pages Des Moines trade listings,2026-10-01
"Centurion Stone of Iowa, Inc.",directory,https://www.yellowpages.com/des-moines-ia/,Yellow Pages Des Moines trade listings,2026-10-01
Maxim Trucking & Materials Inc.,directory,https://www.yellowpages.com/des-moines-ia/,Yellow Pages Des Moines trade listings,2026-10-01
P & P Stone & Brick Construction,directory,https://www.yellowpages.com/des-moines-ia/,Yellow Pages Des Moines trade listings,2026-10-01
Paragon Concrete,directory,https://www.yellowpages.com/des-moines-ia/,Yellow Pages Des Moines trade listings,2026-10-01
John Voss Concrete & Excavating Inc.,directory,https://www.yellowpages.com/des-moines-ia/,Yellow Pages Des Moines trade listings,2026-10-01
Manuel Masonry,directory,https://www.yellowpages.com/des-moines-ia/,Yellow Pages Des Moines trade listings,2026-10-01
DM Hardscape,directory,https://www.yellowpages.com/des-moines-ia/,Yellow Pages Des Moines trade listings,2026-10-01
Saylorcreek Sand Company,directory,https://www.yellowpages.com/des-moines-ia/,Yellow Pages Des Moines trade listings,2026-10-01
S M Stone,directory,https://www.yellowpages.com/des-moines-ia/,Yellow Pages Des Moines trade listings,2026-10-01
B.a.m ! Basements and Masons,directory,https://www.yellowpages.com/des-moines-ia/,Yellow Pages Des Moines trade listings,2026-10-01
O'Brien Masonry,directory,https://www.yellowpages.com/des-moines-ia/,Yellow Pages Des Moines trade listings,2026-10-01
Potter Masonry & Concrete,directory,https://www.yellowpages.com/des-moines-ia/,Yellow Pages Des Moines trade listings,2026-10-01
Martens Masonry,directory,https://www.yellowpages.com/des-moines-ia/,Yellow Pages Des Moines trade listings,2026-10-01
Versatile Construction LLC,directory,https://www.yellowpages.com/des-moines-ia/,Yellow Pages Des Moines trade listings,2026-10-01
Schroder Masonry,directory,https://www.yellowpages.com/des-moines-ia/,Yellow Pages Des Moines trade listings,2026-10-01
A-1 Concrete Leveling of Des Moines,directory,https://www.yellowpages.com/des-moines-ia/,Yellow Pages Des Moines trade listings,2026-10-01
Burris Logistics,directory,https://www.yellowpages.com/des-moines-ia/,Yellow Pages Des Moines trade listings,2026-10-01
Mail Contractors of America,directory,https://www.yellowpages.com/des-moines-ia/,Yellow Pages Des Moines trade listings,2026-10-01
Foxdale,directory,https://www.yellowpages.com/des-moines-ia/,Yellow Pages Des Moines trade listings,2026-10-01
Midwest Masonry Inc,directory,https://www.yellowpages.com/des-moines-ia/,Yellow Pages Des Moines trade listings,2026-10-01
Deal-Harris Masonry,directory,https://www.yellowpages.com/des-moines-ia/,Yellow Pages Des Moines trade listings,2026-10-01
Masonry Institute of Iowa,directory,https://www.yellowpages.com/des-moines-ia/,Yellow Pages Des Moines trade listings,2026-10-01
Seedorff Masonry,directory,https://www.yellowpages.com/des-moines-ia/,Yellow Pages Des Moines trade listings,2026-10-01
Lemke Bud Masonry Contractor,directory,https://www.yellowpages.com/des-moines-ia/,Yellow Pages Des Moines trade listings,2026-10-01
Masonry Institute of Iowa,directory,https://www.yellowpages.com/des-moines-ia/,Yellow Pages Des Moines trade listings,2026-10-01
Des Moines Masonry,directory,https://www.yellowpages.com/des-moines-ia/,Yellow Pages Des Moines trade listings,2026-10-01
Silvermine Construction LLC,directory,https://www.yellowpages.com/des-moines-ia/,Yellow Pages Des Moines trade listings,2026-10-01
City Masonry Inc,directory,https://www.yellowpages.com/des-moines-ia/,Yellow Pages Des Moines trade listings,2026-10-01
MB Masonry LLC,directory,https://www.yellowpages.com/des-moines-ia/,Yellow Pages Des Moines trade listings,2026-10-01
Crose & Lemke Construction Inc,directory,https://www.yellowpages.com/des-moines-ia/,Yellow Pages Des Moines trade listings,2026-10-01
Architectural Products Inc,directory,https://www.yellowpages.com/des-moines-ia/,Yellow Pages Des Moines trade listings,2026-10-01
Thrasher Foundation Repair,directory,https://www.yellowpages.com/des-moines-ia/,Yellow Pages Des Moines trade listings,2026-10-01
Burch Better Homes,directory,https://www.yellowpages.com/des-moines-ia/,Yellow Pages Des Moines trade listings,2026-10-01
Lounsbury Landscaping,directory,https://www.yellowpages.com/des-moines-ia/,Yellow Pages Des Moines trade listings,2026-10-01
Deck and Drive Solutions,directory,https://www.yellowpages.com/des-moines-ia/,Yellow Pages Des Moines trade listings,2026-10-01
Paragon Concrete,directory,https://www.yellowpages.com/des-moines-ia/,Yellow Pages Des Moines trade listings,2026-10-01
Foundation Recovery Systems Des Moines,directory,https://www.yellowpages.com/des-moines-ia/,Yellow Pages Des Moines trade listings,2026-10-01
Epp Foundation Repair,directory,https://www.yellowpages.com/des-moines-ia/,Yellow Pages Des Moines trade listings,2026-10-01
Concrete PRF,directory,https://www.yellowpages.com/des-moines-ia/,Yellow Pages Des Moines trade listings,2026-10-01
The Driveway Company,directory,https://www.yellowpages.com/des-moines-ia/,Yellow Pages Des Moines trade listings,2026-10-01
Contractors Group Inc,directory,https://www.yellowpages.com/des-moines-ia/,Yellow Pages Des Moines trade listings,2026-10-01
Blackford Inc,directory,https://www.yellowpages.com/des-moines-ia/,Yellow Pages Des Moines trade listings,2026-10-01
Rodgers Construction,directory,https://www.yellowpages.com/des-moines-ia/,Yellow Pages Des Moines trade listings,2026-10-01
"Koester Construction Company, Inc.",directory,https://www.yellowpages.com/des-moines-ia/,Yellow Pages Des Moines trade listings,2026-10-01
Outdoor Concepts,directory,https://www.yellowpages.com/des-moines-ia/,Yellow Pages Des Moines trade listings,2026-10-01
Glen-Gery Brick Center,directory,https://www.yellowpages.com/des-moines-ia/,Yellow Pages Des Moines trade listings,2026-10-01
Masonry Products,directory,https://www.yellowpages.com/des-moines-ia/,Yellow Pages Des Moines trade listings,2026-10-01
Iverson Construction Inc,directory,https://www.yellowpages.com/des-moines-ia/,Yellow Pages Des Moines trade listings,2026-10-01
Acculevel,directory,https://www.yellowpages.com/des-moines-ia/,Yellow Pages Des Moines trade listings,2026-10-01
Alliance Construction Group,directory,https://www.yellowpages.com/des-moines-ia/,Yellow Pages Des Moines trade listings,2026-10-01
A1 Concrete Leveling Des Moines,directory,https://www.yellowpages.com/des-moines-ia/,Yellow Pages Des Moines trade listings,2026-10-01
Adams Masonry Inc,directory,https://www.yellowpages.com/des-moines-ia/,Yellow Pages Des Moines trade listings,2026-10-01
Iowa Tuckpointing,directory,https://www.yellowpages.com/des-moines-ia/,Yellow Pages Des Moines trade listings,2026-10-01
Caligiuri Construction,directory,https://www.yellowpages.com/des-moines-ia/,Yellow Pages Des Moines trade listings,2026-10-01
Gripp Dan Masonry,directory,https://www.yellowpages.com/des-moines-ia/,Yellow Pages Des Moines trade listings,2026-10-01
May Masonry,directory,https://www.yellowpages.com/des-moines-ia/,Yellow Pages Des Moines trade listings,2026-10-01
Century Brick Repair,directory,https://www.yellowpages.com/des-moines-ia/,Yellow Pages Des Moines trade listings,2026-10-01
ABC Chimney Sweeps,directory,https://www.yellowpages.com/des-moines-ia/,Yellow Pages Des Moines trade listings,2026-10-01
Ryse Contracting,directory,https://www.yellowpages.com/des-moines-ia/,Yellow Pages Des Moines trade listings,2026-10-01
Rock Solid Construction,directory,https://www.yellowpages.com/des-moines-ia/,Yellow Pages Des Moines trade listings,2026-10-01
Artistic Masonry Unlimited llc,directory,https://www.yellowpages.com/des-moines-ia/,Yellow Pages Des Moines trade listings,2026-10-01
A J Allen Mechanical Contractors Inc,directory,https://www.yellowpages.com/des-moines-ia/,Yellow Pages Des Moines trade listings,2026-10-01
Waldinger Corp,directory,https://www.yellowpages.com/des-moines-ia/,Yellow Pages Des Moines trade listings,2026-10-01
Cerris Systems,directory,https://www.yellowpages.com/des-moines-ia/,Yellow Pages Des Moines trade listings,2026-10-01
SME Mechanical Inc,directory,https://www.yellowpages.com/des-moines-ia/,Yellow Pages Des Moines trade listings,2026-10-01
Highland Park Heating & Cooling,directory,https://www.yellowpages.com/des-moines-ia/,Yellow Pages Des Moines trade listings,2026-10-01
Modern Climate Systems,directory,https://www.yellowpages.com/des-moines-ia/,Yellow Pages Des Moines trade listings,2026-10-01
"Excel Mechanical Company, Inc",directory,https://www.yellowpages.com/des-moines-ia/,Yellow Pages Des Moines trade listings,2026-10-01
Excel Mechanical,directory,https://www.yellowpages.com/des-moines-ia/,Yellow Pages Des Moines trade listings,2026-10-01
Thermal Tek,directory,https://www.yellowpages.com/des-moines-ia/,Yellow Pages Des Moines trade listings,2026-10-01
Marick Inc.,directory,https://www.yellowpages.com/des-moines-ia/,Yellow Pages Des Moines trade listings,2026-10-01
Plumb Supply Company,directory,https://www.yellowpages.com/des-moines-ia/,Yellow Pages Des Moines trade listings,2026-10-01
Resource Services Inc,directory,https://www.yellowpages.com/des-moines-ia/,Yellow Pages Des Moines trade listings,2026-10-01
Comfort Systems Inc,directory,https://www.yellowpages.com/des-moines-ia/,Yellow Pages Des Moines trade listings,2026-10-01
Des Moines Comfort,directory,https://www.yellowpages.com/des-moines-ia/,Yellow Pages Des Moines trade listings,2026-10-01
Modern Heating & Air,directory,https://www.yellowpages.com/des-moines-ia/,Yellow Pages Des Moines trade listings,2026-10-01
Saylorville Heating & Cooling Inc,directory,https://www.yellowpages.com/des-moines-ia/,Yellow Pages Des Moines trade listings,2026-10-01
American Heating & Cooling Service,directory,https://www.yellowpages.com/des-moines-ia/,Yellow Pages Des Moines trade listings,2026-10-01
Aj's Heating & Cooling,directory,https://www.yellowpages.com/des-moines-ia/,Yellow Pages Des Moines trade listings,2026-10-01
Proctor Mechanical Corp,directory,https://www.yellowpages.com/des-moines-ia/,Yellow Pages Des Moines trade listings,2026-10-01
Central Iowa Mechanical,directory,https://www.yellowpages.com/des-moines-ia/,Yellow Pages Des Moines trade listings,2026-10-01
Baker Mechanical Inc,directory,https://www.yellowpages.com/des-moines-ia/,Yellow Pages Des Moines trade listings,2026-10-01
"ACI Mechanical, Inc",directory,https://www.yellowpages.com/des-moines-ia/,Yellow Pages Des Moines trade listings,2026-10-01
Setpoint Mechanical Solutions,directory,https://www.yellowpages.com/des-moines-ia/,Yellow Pages Des Moines trade listings,2026-10-01
Kohles Mechanical Inc,directory,https://www.yellowpages.com/des-moines-ia/,Yellow Pages Des Moines trade listings,2026-10-01
Kohles Mechanical Inc,directory,https://www.yellowpages.com/des-moines-ia/,Yellow Pages Des Moines trade listings,2026-10-01
Department Mechanical,directory,https://www.yellowpages.com/des-moines-ia/,Yellow Pages Des Moines trade listings,2026-10-01
La Fulton Sons Inc,directory,https://www.yellowpages.com/des-moines-ia/,Yellow Pages Des Moines trade listings,2026-10-01
Mechanical Sales,directory,https://www.yellowpages.com/des-moines-ia/,Yellow Pages Des Moines trade listings,2026-10-01
Elite Mechanical Solutions,directory,https://www.yellowpages.com/des-moines-ia/,Yellow Pages Des Moines trade listings,2026-10-01
The Mechanical Advantage,directory,https://www.yellowpages.com/des-moines-ia/,Yellow Pages Des Moines trade listings,2026-10-01
"Schaal Plumbing, Heating and Cooling",directory,https://www.yellowpages.com/des-moines-ia/,Yellow Pages Des Moines trade listings,2026-10-01
Baker Group,directory,https://www.yellowpages.com/des-moines-ia/,Yellow Pages Des Moines trade listings,2026-10-01
"Two  Rivers Group, Inc.",directory,https://www.yellowpages.com/des-moines-ia/,Yellow Pages Des Moines trade listings,2026-10-01
Aspen Aire Heating & Cooling,directory,https://www.yellowpages.com/des-moines-ia/,Yellow Pages Des Moines trade listings,2026-10-01
P1 Service,directory,https://www.yellowpages.com/des-moines-ia/,Yellow Pages Des Moines trade listings,2026-10-01
Cunningham Inc,directory,https://www.yellowpages.com/des-moines-ia/,Yellow Pages Des Moines trade listings,2026-10-01
Reed Mechanical,directory,https://www.yellowpages.com/des-moines-ia/,Yellow Pages Des Moines trade listings,2026-10-01
Manning Seivert Mech Contractors,directory,https://www.yellowpages.com/des-moines-ia/,Yellow Pages Des Moines trade listings,2026-10-01
Dorrian Heating & Cooling Inc,directory,https://www.yellowpages.com/des-moines-ia/,Yellow Pages Des Moines trade listings,2026-10-01
Dorrian Heating & Cooling Inc,directory,https://www.yellowpages.com/des-moines-ia/,Yellow Pages Des Moines trade listings,2026-10-01
Indianola Mechanical,directory,https://www.yellowpages.com/des-moines-ia/,Yellow Pages Des Moines trade listings,2026-10-01
Iowa Professional Painting,directory,https://www.yellowpages.com/des-moines-ia/,Yellow Pages Des Moines trade listings,2026-10-01
HARTLINE PAINTING LLC,directory,https://www.yellowpages.com/des-moines-ia/,Yellow Pages Des Moines trade listings,2026-10-01
MLM Painting & Staining,directory,https://www.yellowpages.com/des-moines-ia/,Yellow Pages Des Moines trade listings,2026-10-01
Tonospray Painting,directory,https://www.yellowpages.com/des-moines-ia/,Yellow Pages Des Moines trade listings,2026-10-01
Fitzgerald Painting Company,directory,https://www.yellowpages.com/des-moines-ia/,Yellow Pages Des Moines trade listings,2026-10-01
JC Toland Painting,directory,https://www.yellowpages.com/des-moines-ia/,Yellow Pages Des Moines trade listings,2026-10-01
Zoab Painting,directory,https://www.yellowpages.com/des-moines-ia/,Yellow Pages Des Moines trade listings,2026-10-01
Rowe & Baker Painting,directory,https://www.yellowpages.com/des-moines-ia/,Yellow Pages Des Moines trade listings,2026-10-01
Harmony Painting,directory,https://www.yellowpages.com/des-moines-ia/,Yellow Pages Des Moines trade listings,2026-10-01
Fresh Paint,directory,https://www.yellowpages.com/des-moines-ia/,Yellow Pages Des Moines trade listings,2026-10-01
ProTect Painters of Des Moines,directory,https://www.yellowpages.com/des-moines-ia/,Yellow Pages Des Moines trade listings,2026-10-01
2 H Techniques,directory,https://www.yellowpages.com/des-moines-ia/,Yellow Pages Des Moines trade listings,2026-10-01
American Painting Co,directory,https://www.yellowpages.com/des-moines-ia/,Yellow Pages Des Moines trade listings,2026-10-01
Christian Painters,directory,https://www.yellowpages.com/des-moines-ia/,Yellow Pages Des Moines trade listings,2026-10-01
CertaPro Painters of Des Moines,directory,https://www.yellowpages.com/des-moines-ia/,Yellow Pages Des Moines trade listings,2026-10-01
Sloan Brothers Painting Inc,directory,https://www.yellowpages.com/des-moines-ia/,Yellow Pages Des Moines trade listings,2026-10-01
Five Star Painting of Ankeny and West Des Moines,directory,https://www.yellowpages.com/des-moines-ia/,Yellow Pages Des Moines trade listings,2026-10-01
Budget Painting And Repairs,directory,https://www.yellowpages.com/des-moines-ia/,Yellow Pages Des Moines trade listings,2026-10-01
DeWitt Painting,directory,https://www.yellowpages.com/des-moines-ia/,Yellow Pages Des Moines trade listings,2026-10-01
Fresh Coat Painters of Des Moines,directory,https://www.yellowpages.com/des-moines-ia/,Yellow Pages Des Moines trade listings,2026-10-01
Golden Touch Painters,directory,https://www.yellowpages.com/des-moines-ia/,Yellow Pages Des Moines trade listings,2026-10-01
Groovy Hues Painting of Des Moines,directory,https://www.yellowpages.com/des-moines-ia/,Yellow Pages Des Moines trade listings,2026-10-01
Triple Diamond Properties,directory,https://www.yellowpages.com/des-moines-ia/,Yellow Pages Des Moines trade listings,2026-10-01
Torres Painting,directory,https://www.yellowpages.com/des-moines-ia/,Yellow Pages Des Moines trade listings,2026-10-01
50 Shades Painting and Home Improvement,directory,https://www.yellowpages.com/des-moines-ia/,Yellow Pages Des Moines trade listings,2026-10-01
Dewitt Painting,directory,https://www.yellowpages.com/des-moines-ia/,Yellow Pages Des Moines trade listings,2026-10-01
Blue Line Painting,directory,https://www.yellowpages.com/des-moines-ia/,Yellow Pages Des Moines trade listings,2026-10-01
"Radiant Wall Designs, Inc",directory,https://www.yellowpages.com/des-moines-ia/,Yellow Pages Des Moines trade listings,2026-10-01
MidWest Paint LLC,directory,https://www.yellowpages.com/des-moines-ia/,Yellow Pages Des Moines trade listings,2026-10-01
Area Professional Painting & Sandblasting Inc,directory,https://www.yellowpages.com/des-moines-ia/,Yellow Pages Des Moines trade listings,2026-10-01
IG Painting LLC,directory,https://www.yellowpages.com/des-moines-ia/,Yellow Pages Des Moines trade listings,2026-10-01
Allure Painting,directory,https://www.yellowpages.com/des-moines-ia/,Yellow Pages Des Moines trade listings,2026-10-01
AYALA BROTHERS PAINTING & DRYWALL LLC,directory,https://www.yellowpages.com/des-moines-ia/,Yellow Pages Des Moines trade listings,2026-10-01
GLS Painting,directory,https://www.yellowpages.com/des-moines-ia/,Yellow Pages Des Moines trade listings,2026-10-01
Cutting Edge Painting,directory,https://www.yellowpages.com/des-moines-ia/,Yellow Pages Des Moines trade listings,2026-10-01
Central Asphalt Paving Inc,directory,https://www.yellowpages.com/des-moines-ia/,Yellow Pages Des Moines trade listings,2026-10-01
"Central Asphalt Paving, Inc",directory,https://www.yellowpages.com/des-moines-ia/,Yellow Pages Des Moines trade listings,2026-10-01
DSM Pavers,directory,https://www.yellowpages.com/des-moines-ia/,Yellow Pages Des Moines trade listings,2026-10-01
G & H Asphalt Corp,directory,https://www.yellowpages.com/des-moines-ia/,Yellow Pages Des Moines trade listings,2026-10-01
Classic Pavers,directory,https://www.yellowpages.com/des-moines-ia/,Yellow Pages Des Moines trade listings,2026-10-01
Grimes Asphalt & Paving,directory,https://www.yellowpages.com/des-moines-ia/,Yellow Pages Des Moines trade listings,2026-10-01
Professional Contracting Services,directory,https://www.yellowpages.com/des-moines-ia/,Yellow Pages Des Moines trade listings,2026-10-01
Stapes Concrete & Grading,directory,https://www.yellowpages.com/des-moines-ia/,Yellow Pages Des Moines trade listings,2026-10-01
Des Moines Asphalt & Paving Co,directory,https://www.yellowpages.com/des-moines-ia/,Yellow Pages Des Moines trade listings,2026-10-01
Asphalt Maintenance and Construction Co,directory,https://www.yellowpages.com/des-moines-ia/,Yellow Pages Des Moines trade listings,2026-10-01
D & R Asphalt Sealing & Repair,directory,https://www.yellowpages.com/des-moines-ia/,Yellow Pages Des Moines trade listings,2026-10-01
Grimes Asphalt & Paving,directory,https://www.yellowpages.com/des-moines-ia/,Yellow Pages Des Moines trade listings,2026-10-01
Topline Construction,directory,https://www.yellowpages.com/des-moines-ia/,Yellow Pages Des Moines trade listings,2026-10-01
Hawkeye Paving Urbandale,directory,https://www.yellowpages.com/des-moines-ia/,Yellow Pages Des Moines trade listings,2026-10-01
"Des Moines Asphalt and Paving, a CRH Company",directory,https://www.yellowpages.com/des-moines-ia/,Yellow Pages Des Moines trade listings,2026-10-01
Des Moines Asphalt & Paving Company,directory,https://www.yellowpages.com/des-moines-ia/,Yellow Pages Des Moines trade listings,2026-10-01
Blackford Inc,directory,https://www.yellowpages.com/des-moines-ia/,Yellow Pages Des Moines trade listings,2026-10-01
Apac Inc,directory,https://www.yellowpages.com/des-moines-ia/,Yellow Pages Des Moines trade listings,2026-10-01
Alliance Construction Group,directory,https://www.yellowpages.com/des-moines-ia/,Yellow Pages Des Moines trade listings,2026-10-01
Iowa Paving Contractors,directory,https://www.yellowpages.com/des-moines-ia/,Yellow Pages Des Moines trade listings,2026-10-01
Hawkeye Paving,directory,https://www.yellowpages.com/des-moines-ia/,Yellow Pages Des Moines trade listings,2026-10-01
"Central Iowa Striping, LLC",directory,https://www.yellowpages.com/des-moines-ia/,Yellow Pages Des Moines trade listings,2026-10-01
The Driveway Company,directory,https://www.yellowpages.com/des-moines-ia/,Yellow Pages Des Moines trade listings,2026-10-01
"Heartland Outdoor Services, L.L.C.",directory,https://www.yellowpages.com/des-moines-ia/,Yellow Pages Des Moines trade listings,2026-10-01
Capital Parking Lot Maintenance,directory,https://www.yellowpages.com/des-moines-ia/,Yellow Pages Des Moines trade listings,2026-10-01
Alliance Construction Group,directory,https://www.yellowpages.com/des-moines-ia/,Yellow Pages Des Moines trade listings,2026-10-01
Iowa Ready Mixed Concrete Association,directory,https://www.yellowpages.com/des-moines-ia/,Yellow Pages Des Moines trade listings,2026-10-01
Grimes Asphalt & Paving,directory,https://www.yellowpages.com/des-moines-ia/,Yellow Pages Des Moines trade listings,2026-10-01
Detrick Excavating,directory,https://www.yellowpages.com/des-moines-ia/,Yellow Pages Des Moines trade listings,2026-10-01
Central Iowa Striping,directory,https://www.yellowpages.com/des-moines-ia/,Yellow Pages Des Moines trade listings,2026-10-01
Manatts Inc,directory,https://www.yellowpages.com/des-moines-ia/,Yellow Pages Des Moines trade listings,2026-10-01
Eco-Tech Construction,directory,https://www.yellowpages.com/des-moines-ia/,Yellow Pages Des Moines trade listings,2026-10-01
Advanced Asphalt,directory,https://www.yellowpages.com/des-moines-ia/,Yellow Pages Des Moines trade listings,2026-10-01
Speck USA,directory,https://www.yellowpages.com/des-moines-ia/,Yellow Pages Des Moines trade listings,2026-10-01
"Parking Lot Specialties, LC",directory,https://www.yellowpages.com/des-moines-ia/,Yellow Pages Des Moines trade listings,2026-10-01
Advanced Asphalt,directory,https://www.yellowpages.com/des-moines-ia/,Yellow Pages Des Moines trade listings,2026-10-01
Sternquist Construction,directory,https://www.yellowpages.com/des-moines-ia/,Yellow Pages Des Moines trade listings,2026-10-01
Sternquist Construction Inc,directory,https://www.yellowpages.com/des-moines-ia/,Yellow Pages Des Moines trade listings,2026-10-01
Cook Plumbing Corporation,directory,https://www.yellowpages.com/des-moines-ia/,Yellow Pages Des Moines trade listings,2026-10-01
"H and H Plumbing, Inc.",directory,https://www.yellowpages.com/des-moines-ia/,Yellow Pages Des Moines trade listings,2026-10-01
Complete Plumbing Services  LLC,directory,https://www.yellowpages.com/des-moines-ia/,Yellow Pages Des Moines trade listings,2026-10-01
Complete Plumbing Services  LLC,directory,https://www.yellowpages.com/des-moines-ia/,Yellow Pages Des Moines trade listings,2026-10-01
Loren The Plumber,directory,https://www.yellowpages.com/des-moines-ia/,Yellow Pages Des Moines trade listings,2026-10-01
"H and H Plumbing, Inc.",directory,https://www.yellowpages.com/des-moines-ia/,Yellow Pages Des Moines trade listings,2026-10-01
Cook Plumbing Corporation,directory,https://www.yellowpages.com/des-moines-ia/,Yellow Pages Des Moines trade listings,2026-10-01
Roto-Rooter,directory,https://www.yellowpages.com/des-moines-ia/,Yellow Pages Des Moines trade listings,2026-10-01
Roto-Rooter,directory,https://www.yellowpages.com/des-moines-ia/,Yellow Pages Des Moines trade listings,2026-10-01
Schlievert Plumbing Inc,directory,https://www.yellowpages.com/des-moines-ia/,Yellow Pages Des Moines trade listings,2026-10-01
Greenwood's Sewer Services,directory,https://www.yellowpages.com/des-moines-ia/,Yellow Pages Des Moines trade listings,2026-10-01
Express Plumbing,directory,https://www.yellowpages.com/des-moines-ia/,Yellow Pages Des Moines trade listings,2026-10-01
Right Way Plumbing,directory,https://www.yellowpages.com/des-moines-ia/,Yellow Pages Des Moines trade listings,2026-10-01
Plumbing Heating Cooling,directory,https://www.yellowpages.com/des-moines-ia/,Yellow Pages Des Moines trade listings,2026-10-01
AJM Group,directory,https://www.yellowpages.com/des-moines-ia/,Yellow Pages Des Moines trade listings,2026-10-01
AMC Plumbing,directory,https://www.yellowpages.com/des-moines-ia/,Yellow Pages Des Moines trade listings,2026-10-01
Thrasher  Service Corp,directory,https://www.yellowpages.com/des-moines-ia/,Yellow Pages Des Moines trade listings,2026-10-01
Bill's Plumbing Service,directory,https://www.yellowpages.com/des-moines-ia/,Yellow Pages Des Moines trade listings,2026-10-01
Kriens Plumbing,directory,https://www.yellowpages.com/des-moines-ia/,Yellow Pages Des Moines trade listings,2026-10-01
Artistic Plumbing,directory,https://www.yellowpages.com/des-moines-ia/,Yellow Pages Des Moines trade listings,2026-10-01
Joe's Plumbing,directory,https://www.yellowpages.com/des-moines-ia/,Yellow Pages Des Moines trade listings,2026-10-01
Gallon Plumbing,directory,https://www.yellowpages.com/des-moines-ia/,Yellow Pages Des Moines trade listings,2026-10-01
H20 Plumbing,directory,https://www.yellowpages.com/des-moines-ia/,Yellow Pages Des Moines trade listings,2026-10-01
Signature Performance,directory,https://www.yellowpages.com/des-moines-ia/,Yellow Pages Des Moines trade listings,2026-10-01
Park Avenue Plumbing,directory,https://www.yellowpages.com/des-moines-ia/,Yellow Pages Des Moines trade listings,2026-10-01
Yakish Terry,directory,https://www.yellowpages.com/des-moines-ia/,Yellow Pages Des Moines trade listings,2026-10-01
AJ Plumbing,directory,https://www.yellowpages.com/des-moines-ia/,Yellow Pages Des Moines trade listings,2026-10-01
Clog Busters Drain Cleaning & Repair,directory,https://www.yellowpages.com/des-moines-ia/,Yellow Pages Des Moines trade listings,2026-10-01
Advanced Problem Solutions,directory,https://www.yellowpages.com/des-moines-ia/,Yellow Pages Des Moines trade listings,2026-10-01
Jim Bailiff,directory,https://www.yellowpages.com/des-moines-ia/,Yellow Pages Des Moines trade listings,2026-10-01
Diamand Brothers Plumbing,directory,https://www.yellowpages.com/des-moines-ia/,Yellow Pages Des Moines trade listings,2026-10-01
Pike Mechanical,directory,https://www.yellowpages.com/des-moines-ia/,Yellow Pages Des Moines trade listings,2026-10-01
Roto Rooter Plumbing & Drain Services,directory,https://www.yellowpages.com/des-moines-ia/,Yellow Pages Des Moines trade listings,2026-10-01
Complete Plumbing Services  LLC,directory,https://www.yellowpages.com/des-moines-ia/,Yellow Pages Des Moines trade listings,2026-10-01
Cook Plumbing Corporation,directory,https://www.yellowpages.com/des-moines-ia/,Yellow Pages Des Moines trade listings,2026-10-01
"H and H Plumbing, Inc.",directory,https://www.yellowpages.com/des-moines-ia/,Yellow Pages Des Moines trade listings,2026-10-01
Roto-Rooter,directory,https://www.yellowpages.com/des-moines-ia/,Yellow Pages Des Moines trade listings,2026-10-01
Roto-Rooter,directory,https://www.yellowpages.com/des-moines-ia/,Yellow Pages Des Moines trade listings,2026-10-01
Schlievert Plumbing Inc,directory,https://www.yellowpages.com/des-moines-ia/,Yellow Pages Des Moines trade listings,2026-10-01
Loren The Plumber,directory,https://www.yellowpages.com/des-moines-ia/,Yellow Pages Des Moines trade listings,2026-10-01
Hall Plumbing,directory,https://www.yellowpages.com/des-moines-ia/,Yellow Pages Des Moines trade listings,2026-10-01
Schumacher Plumbing,directory,https://www.yellowpages.com/des-moines-ia/,Yellow Pages Des Moines trade listings,2026-10-01
J.F. Ahern Co.,directory,https://www.yellowpages.com/des-moines-ia/,Yellow Pages Des Moines trade listings,2026-10-01
Ace Plumbing,directory,https://www.yellowpages.com/des-moines-ia/,Yellow Pages Des Moines trade listings,2026-10-01
A Plus Redden Custom Plumbing,directory,https://www.yellowpages.com/des-moines-ia/,Yellow Pages Des Moines trade listings,2026-10-01
Contractor Plumbing Inc,directory,https://www.yellowpages.com/des-moines-ia/,Yellow Pages Des Moines trade listings,2026-10-01
K & L Plumbing,directory,https://www.yellowpages.com/des-moines-ia/,Yellow Pages Des Moines trade listings,2026-10-01
Carroll Plumbing,directory,https://www.yellowpages.com/des-moines-ia/,Yellow Pages Des Moines trade listings,2026-10-01
Down the Drain Services,directory,https://www.yellowpages.com/des-moines-ia/,Yellow Pages Des Moines trade listings,2026-10-01
DDS Plumbing,directory,https://www.yellowpages.com/des-moines-ia/,Yellow Pages Des Moines trade listings,2026-10-01
Ajm Group Plumbing,directory,https://www.yellowpages.com/des-moines-ia/,Yellow Pages Des Moines trade listings,2026-10-01
MPT Plumbing,directory,https://www.yellowpages.com/des-moines-ia/,Yellow Pages Des Moines trade listings,2026-10-01
Rooter-Man,directory,https://www.yellowpages.com/des-moines-ia/,Yellow Pages Des Moines trade listings,2026-10-01
Randy the Plumber,directory,https://www.yellowpages.com/des-moines-ia/,Yellow Pages Des Moines trade listings,2026-10-01
Slab Leak Repair Inc,directory,https://www.yellowpages.com/des-moines-ia/,Yellow Pages Des Moines trade listings,2026-10-01
Number One Plumbing,directory,https://www.yellowpages.com/des-moines-ia/,Yellow Pages Des Moines trade listings,2026-10-01
Whipp It Up Services,directory,https://www.yellowpages.com/des-moines-ia/,Yellow Pages Des Moines trade listings,2026-10-01
G & R Plumbing,directory,https://www.yellowpages.com/des-moines-ia/,Yellow Pages Des Moines trade listings,2026-10-01
Noble Plumbing,directory,https://www.yellowpages.com/des-moines-ia/,Yellow Pages Des Moines trade listings,2026-10-01
Read Plumbing,directory,https://www.yellowpages.com/des-moines-ia/,Yellow Pages Des Moines trade listings,2026-10-01
D & L Plumbing,directory,https://www.yellowpages.com/des-moines-ia/,Yellow Pages Des Moines trade listings,2026-10-01
CS Plumbing Service,directory,https://www.yellowpages.com/des-moines-ia/,Yellow Pages Des Moines trade listings,2026-10-01
T R Plumbing Corporation,directory,https://www.yellowpages.com/des-moines-ia/,Yellow Pages Des Moines trade listings,2026-10-01
Park Avenue Plumbing,directory,https://www.yellowpages.com/des-moines-ia/,Yellow Pages Des Moines trade listings,2026-10-01
CL Carlisle Mechanical,directory,https://www.yellowpages.com/des-moines-ia/,Yellow Pages Des Moines trade listings,2026-10-01
Greenwood's Sewer Service,directory,https://www.yellowpages.com/des-moines-ia/,Yellow Pages Des Moines trade listings,2026-10-01
Norris Plumbing,directory,https://www.yellowpages.com/des-moines-ia/,Yellow Pages Des Moines trade listings,2026-10-01
"Lazer Home Services Plumbing, HVAC, & Electrical",directory,https://www.yellowpages.com/des-moines-ia/,Yellow Pages Des Moines trade listings,2026-10-01
Construction Materials Testing,directory,https://www.yellowpages.com/des-moines-ia/,Yellow Pages Des Moines trade listings,2026-10-01
Leonard Tinker Heating & Cooling,directory,https://www.yellowpages.com/des-moines-ia/,Yellow Pages Des Moines trade listings,2026-10-01
A J Allen Mechanical Contractors Inc,directory,https://www.yellowpages.com/des-moines-ia/,Yellow Pages Des Moines trade listings,2026-10-01
"True Comfort Heating, Cooling and Plumbing",directory,https://www.yellowpages.com/des-moines-ia/,Yellow Pages Des Moines trade listings,2026-10-01
Aim Kitchen & Bath,directory,https://www.yellowpages.com/des-moines-ia/,Yellow Pages Des Moines trade listings,2026-10-01
True Comfort Heating Cooling & Plumbing,directory,https://www.yellowpages.com/des-moines-ia/,Yellow Pages Des Moines trade listings,2026-10-01
"Schaal Plumbing, Heating And Cooling",directory,https://www.yellowpages.com/des-moines-ia/,Yellow Pages Des Moines trade listings,2026-10-01
"Holt Plumbing, Heating, Cooling, & Electrical",directory,https://www.yellowpages.com/des-moines-ia/,Yellow Pages Des Moines trade listings,2026-10-01
G A Larson Co,directory,https://www.yellowpages.com/des-moines-ia/,Yellow Pages Des Moines trade listings,2026-10-01
"Dalton Plumbing, Heating, Cooling, Electric and Fireplaces, Inc.",directory,https://www.yellowpages.com/des-moines-ia/,Yellow Pages Des Moines trade listings,2026-10-01
Home Services at The Home Depot,directory,https://www.yellowpages.com/des-moines-ia/,Yellow Pages Des Moines trade listings,2026-10-01
Stroh Corporation,directory,https://www.yellowpages.com/des-moines-ia/,Yellow Pages Des Moines trade listings,2026-10-01
Cerris Systems,directory,https://www.yellowpages.com/des-moines-ia/,Yellow Pages Des Moines trade listings,2026-10-01
Torgerson Excavating,directory,https://www.yellowpages.com/des-moines-ia/,Yellow Pages Des Moines trade listings,2026-10-01
Torgerson Sewer & Drain Cleaning,directory,https://www.yellowpages.com/des-moines-ia/,Yellow Pages Des Moines trade listings,2026-10-01
Thomas Handyman,directory,https://www.yellowpages.com/des-moines-ia/,Yellow Pages Des Moines trade listings,2026-10-01
Team Kline,directory,https://www.yellowpages.com/des-moines-ia/,Yellow Pages Des Moines trade listings,2026-10-01
Greenwood's Sewer Service,directory,https://www.yellowpages.com/des-moines-ia/,Yellow Pages Des Moines trade listings,2026-10-01
A & B Plumbing,directory,https://www.yellowpages.com/des-moines-ia/,Yellow Pages Des Moines trade listings,2026-10-01
Re-Bath,directory,https://www.yellowpages.com/des-moines-ia/,Yellow Pages Des Moines trade listings,2026-10-01
SME Mechanical Inc,directory,https://www.yellowpages.com/des-moines-ia/,Yellow Pages Des Moines trade listings,2026-10-01
Alger Leechman Heating and Cooling,directory,https://www.yellowpages.com/des-moines-ia/,Yellow Pages Des Moines trade listings,2026-10-01
Des Moines Plumbing,directory,https://www.yellowpages.com/des-moines-ia/,Yellow Pages Des Moines trade listings,2026-10-01
Northways,directory,https://www.yellowpages.com/des-moines-ia/,Yellow Pages Des Moines trade listings,2026-10-01
Affordable Plumbing by Wayne Rhiners Sons,directory,https://www.yellowpages.com/des-moines-ia/,Yellow Pages Des Moines trade listings,2026-10-01
Waynes Mobile Home Service,directory,https://www.yellowpages.com/des-moines-ia/,Yellow Pages Des Moines trade listings,2026-10-01
Des Moines Wins Supply,directory,https://www.yellowpages.com/des-moines-ia/,Yellow Pages Des Moines trade listings,2026-10-01
Handyhawk,directory,https://www.yellowpages.com/des-moines-ia/,Yellow Pages Des Moines trade listings,2026-10-01
Lazer Electric and Plumbing,directory,https://www.yellowpages.com/des-moines-ia/,Yellow Pages Des Moines trade listings,2026-10-01
Richardson Bathroom-Kitchen & Plumbing Services,directory,https://www.yellowpages.com/des-moines-ia/,Yellow Pages Des Moines trade listings,2026-10-01
Jz Refrigeration,directory,https://www.yellowpages.com/des-moines-ia/,Yellow Pages Des Moines trade listings,2026-10-01
Syselservices,directory,https://www.yellowpages.com/des-moines-ia/,Yellow Pages Des Moines trade listings,2026-10-01
Lazer Electric and Plumbing,directory,https://www.yellowpages.com/des-moines-ia/,Yellow Pages Des Moines trade listings,2026-10-01
Charleston Inc,directory,https://www.yellowpages.com/des-moines-ia/,Yellow Pages Des Moines trade listings,2026-10-01
Mr Sewer Rooter,directory,https://www.yellowpages.com/des-moines-ia/,Yellow Pages Des Moines trade listings,2026-10-01
Leechman Heating & Cooling,directory,https://www.yellowpages.com/des-moines-ia/,Yellow Pages Des Moines trade listings,2026-10-01
Oxford Tree Service,directory,https://www.yellowpages.com/des-moines-ia/,Yellow Pages Des Moines trade listings,2026-10-01
Wayne's Mobile Home Service,directory,https://www.yellowpages.com/des-moines-ia/,Yellow Pages Des Moines trade listings,2026-10-01
Re-Bath of Central Iowa,directory,https://www.yellowpages.com/des-moines-ia/,Yellow Pages Des Moines trade listings,2026-10-01
Elder Corporation,directory,https://www.yellowpages.com/des-moines-ia/,Yellow Pages Des Moines trade listings,2026-10-01
Punelli Heating & Air Conditioning,directory,https://www.yellowpages.com/des-moines-ia/,Yellow Pages Des Moines trade listings,2026-10-01
Greenwood's Sewer Service,directory,https://www.yellowpages.com/des-moines-ia/,Yellow Pages Des Moines trade listings,2026-10-01
"Leaky Pipes Plumbing, LLC",directory,https://www.yellowpages.com/des-moines-ia/,Yellow Pages Des Moines trade listings,2026-10-01
"Holt Plumbing & Heating, Inc.",directory,https://www.yellowpages.com/des-moines-ia/,Yellow Pages Des Moines trade listings,2026-10-01
Franzen Plumbing,directory,https://www.yellowpages.com/des-moines-ia/,Yellow Pages Des Moines trade listings,2026-10-01
Palmer Bob Plumbing,directory,https://www.yellowpages.com/des-moines-ia/,Yellow Pages Des Moines trade listings,2026-10-01
Micks HVAC & Plumbing,directory,https://www.yellowpages.com/des-moines-ia/,Yellow Pages Des Moines trade listings,2026-10-01
R & D Plumbing,directory,https://www.yellowpages.com/des-moines-ia/,Yellow Pages Des Moines trade listings,2026-10-01
Gooden Quality Drain and Plumbing,directory,https://www.yellowpages.com/des-moines-ia/,Yellow Pages Des Moines trade listings,2026-10-01
Advanced Plumbing,directory,https://www.yellowpages.com/des-moines-ia/,Yellow Pages Des Moines trade listings,2026-10-01
Zippy Drain,directory,https://www.yellowpages.com/des-moines-ia/,Yellow Pages Des Moines trade listings,2026-10-01
Plumbing Service Berwick IA,directory,https://www.yellowpages.com/des-moines-ia/,Yellow Pages Des Moines trade listings,2026-10-01
Comfort Systems USA ACI,directory,https://www.yellowpages.com/des-moines-ia/,Yellow Pages Des Moines trade listings,2026-10-01
Leaky Pipes Plumbing,directory,https://www.yellowpages.com/des-moines-ia/,Yellow Pages Des Moines trade listings,2026-10-01
Priority Plumbing Co.,directory,https://www.yellowpages.com/des-moines-ia/,Yellow Pages Des Moines trade listings,2026-10-01
Pipe Monkey Plumbing,directory,https://www.yellowpages.com/des-moines-ia/,Yellow Pages Des Moines trade listings,2026-10-01
Advanced Plumbing,directory,https://www.yellowpages.com/des-moines-ia/,Yellow Pages Des Moines trade listings,2026-10-01
Leak Geek Plumbing,directory,https://www.yellowpages.com/des-moines-ia/,Yellow Pages Des Moines trade listings,2026-10-01
Action Plus Plumbing Heating & Cooling,directory,https://www.yellowpages.com/des-moines-ia/,Yellow Pages Des Moines trade listings,2026-10-01
Pipe Monkey Plumbing,directory,https://www.yellowpages.com/des-moines-ia/,Yellow Pages Des Moines trade listings,2026-10-01
Jason Young Plumbing,directory,https://www.yellowpages.com/des-moines-ia/,Yellow Pages Des Moines trade listings,2026-10-01
Schaal North Liberty,directory,https://www.yellowpages.com/des-moines-ia/,Yellow Pages Des Moines trade listings,2026-10-01
Rhiners Bros Plumbing,directory,https://www.yellowpages.com/des-moines-ia/,Yellow Pages Des Moines trade listings,2026-10-01
Steve Rhiner Plumbing,directory,https://www.yellowpages.com/des-moines-ia/,Yellow Pages Des Moines trade listings,2026-10-01
Halls Affordable Plumbing,directory,https://www.yellowpages.com/des-moines-ia/,Yellow Pages Des Moines trade listings,2026-10-01
H 2 O Plumbing,directory,https://www.yellowpages.com/des-moines-ia/,Yellow Pages Des Moines trade listings,2026-10-01
G & S Plumbing,directory,https://www.yellowpages.com/des-moines-ia/,Yellow Pages Des Moines trade listings,2026-10-01
Franzen Plumbing,directory,https://www.yellowpages.com/des-moines-ia/,Yellow Pages Des Moines trade listings,2026-10-01
Superior Plumbing & Heating,directory,https://www.yellowpages.com/des-moines-ia/,Yellow Pages Des Moines trade listings,2026-10-01
Broich Plumbing,directory,https://www.yellowpages.com/des-moines-ia/,Yellow Pages Des Moines trade listings,2026-10-01
DB Plumbing,directory,https://www.yellowpages.com/des-moines-ia/,Yellow Pages Des Moines trade listings,2026-10-01
G & S Plumbing,directory,https://www.yellowpages.com/des-moines-ia/,Yellow Pages Des Moines trade listings,2026-10-01
Rooter Ranger,directory,https://www.yellowpages.com/des-moines-ia/,Yellow Pages Des Moines trade listings,2026-10-01
McCarthy Kitchens & Bathrooms Plumbing,directory,https://www.yellowpages.com/des-moines-ia/,Yellow Pages Des Moines trade listings,2026-10-01
Becker Plumbing & Heating,directory,https://www.yellowpages.com/des-moines-ia/,Yellow Pages Des Moines trade listings,2026-10-01
Mack McClain & Associates Corp,directory,https://www.yellowpages.com/des-moines-ia/,Yellow Pages Des Moines trade listings,2026-10-01
Plumbing Heating Coolg Contractors Iowa,directory,https://www.yellowpages.com/des-moines-ia/,Yellow Pages Des Moines trade listings,2026-10-01
Rhiner's Rhino Rooter,directory,https://www.yellowpages.com/des-moines-ia/,Yellow Pages Des Moines trade listings,2026-10-01
Plumber,directory,https://www.yellowpages.com/des-moines-ia/,Yellow Pages Des Moines trade listings,2026-10-01
DC Plumbing,directory,https://www.yellowpages.com/des-moines-ia/,Yellow Pages Des Moines trade listings,2026-10-01
Iowa Plumbing,directory,https://www.yellowpages.com/des-moines-ia/,Yellow Pages Des Moines trade listings,2026-10-01
Foreman and Sons Plumbing,directory,https://www.yellowpages.com/des-moines-ia/,Yellow Pages Des Moines trade listings,2026-10-01
Extreme Home Services LLC,directory,https://www.yellowpages.com/des-moines-ia/,Yellow Pages Des Moines trade listings,2026-10-01
Electric Pump,directory,https://www.yellowpages.com/des-moines-ia/,Yellow Pages Des Moines trade listings,2026-10-01
Seneca Environmental Service Inc,directory,https://www.yellowpages.com/des-moines-ia/,Yellow Pages Des Moines trade listings,2026-10-01
Onsite Paint Pump Repair,directory,https://www.yellowpages.com/des-moines-ia/,Yellow Pages Des Moines trade listings,2026-10-01
Onsite Paint Pump Repair,directory,https://www.yellowpages.com/des-moines-ia/,Yellow Pages Des Moines trade listings,2026-10-01
Central Pump & Motor,directory,https://www.yellowpages.com/des-moines-ia/,Yellow Pages Des Moines trade listings,2026-10-01
Central Pump & Motor,directory,https://www.yellowpages.com/des-moines-ia/,Yellow Pages Des Moines trade listings,2026-10-01
Quality Flow Iowa Inc,directory,https://www.yellowpages.com/des-moines-ia/,Yellow Pages Des Moines trade listings,2026-10-01
Superior Industrial Equipment,directory,https://www.yellowpages.com/des-moines-ia/,Yellow Pages Des Moines trade listings,2026-10-01
Northway Well & Pump Co,directory,https://www.yellowpages.com/des-moines-ia/,Yellow Pages Des Moines trade listings,2026-10-01
Jag Pumps & Application Equipment LC,directory,https://www.yellowpages.com/des-moines-ia/,Yellow Pages Des Moines trade listings,2026-10-01
Huff Well,directory,https://www.yellowpages.com/des-moines-ia/,Yellow Pages Des Moines trade listings,2026-10-01
Rasmussen Group,directory,https://www.yellowpages.com/des-moines-ia/,Yellow Pages Des Moines trade listings,2026-10-01
Liberty Ready Mix,directory,https://www.yellowpages.com/des-moines-ia/,Yellow Pages Des Moines trade listings,2026-10-01
Omg Midwest,directory,https://www.yellowpages.com/des-moines-ia/,Yellow Pages Des Moines trade listings,2026-10-01
Dni Concrete Ready-Mix,directory,https://www.yellowpages.com/des-moines-ia/,Yellow Pages Des Moines trade listings,2026-10-01
Liberty Ready Mix,directory,https://www.yellowpages.com/des-moines-ia/,Yellow Pages Des Moines trade listings,2026-10-01
Ready Service,directory,https://www.yellowpages.com/des-moines-ia/,Yellow Pages Des Moines trade listings,2026-10-01
United Rentals,directory,https://www.yellowpages.com/des-moines-ia/,Yellow Pages Des Moines trade listings,2026-10-01
B & B Concrete Co,directory,https://www.yellowpages.com/des-moines-ia/,Yellow Pages Des Moines trade listings,2026-10-01
Ewing Concrete,directory,https://www.yellowpages.com/des-moines-ia/,Yellow Pages Des Moines trade listings,2026-10-01
CTI Ready Mix,directory,https://www.yellowpages.com/des-moines-ia/,Yellow Pages Des Moines trade listings,2026-10-01
Norwalk Ready Mix Concrete Inc.,directory,https://www.yellowpages.com/des-moines-ia/,Yellow Pages Des Moines trade listings,2026-10-01
Liberty Ready Mix,directory,https://www.yellowpages.com/des-moines-ia/,Yellow Pages Des Moines trade listings,2026-10-01
Liberty Ready Mix Dispatch Urbandale,directory,https://www.yellowpages.com/des-moines-ia/,Yellow Pages Des Moines trade listings,2026-10-01
Architectural Products Inc,directory,https://www.yellowpages.com/des-moines-ia/,Yellow Pages Des Moines trade listings,2026-10-01
Manatts Concrete Altoona Plant,directory,https://www.yellowpages.com/des-moines-ia/,Yellow Pages Des Moines trade listings,2026-10-01
American Concrete Products,directory,https://www.yellowpages.com/des-moines-ia/,Yellow Pages Des Moines trade listings,2026-10-01
Liberty Ready Mix,directory,https://www.yellowpages.com/des-moines-ia/,Yellow Pages Des Moines trade listings,2026-10-01
Norwalk Ready Mix Concrete Inc,directory,https://www.yellowpages.com/des-moines-ia/,Yellow Pages Des Moines trade listings,2026-10-01
CTI  Ready Mix,directory,https://www.yellowpages.com/des-moines-ia/,Yellow Pages Des Moines trade listings,2026-10-01
Central Iowa Ready Mix,directory,https://www.yellowpages.com/des-moines-ia/,Yellow Pages Des Moines trade listings,2026-10-01
Concrete Supply Co,directory,https://www.yellowpages.com/des-moines-ia/,Yellow Pages Des Moines trade listings,2026-10-01
Ready Mixed Concrete Co,directory,https://www.yellowpages.com/des-moines-ia/,Yellow Pages Des Moines trade listings,2026-10-01
Norwalk/Indianola/Dni-East,directory,https://www.yellowpages.com/des-moines-ia/,Yellow Pages Des Moines trade listings,2026-10-01
Premier Concrete Pumping,directory,https://www.yellowpages.com/des-moines-ia/,Yellow Pages Des Moines trade listings,2026-10-01
Norwalk/Indianola/DNI-East & DNI- West Ready Mix Concrete Inc,directory,https://www.yellowpages.com/des-moines-ia/,Yellow Pages Des Moines trade listings,2026-10-01
Indianola Ready Mix,directory,https://www.yellowpages.com/des-moines-ia/,Yellow Pages Des Moines trade listings,2026-10-01
Norwalk Ready Mix,directory,https://www.yellowpages.com/des-moines-ia/,Yellow Pages Des Moines trade listings,2026-10-01
American Concrete Products Inc,directory,https://www.yellowpages.com/des-moines-ia/,Yellow Pages Des Moines trade listings,2026-10-01
Mid-Iowa Environmental Corp,directory,https://www.yellowpages.com/des-moines-ia/,Yellow Pages Des Moines trade listings,2026-10-01
John Voss Concrete & Excavating Inc.,directory,https://www.yellowpages.com/des-moines-ia/,Yellow Pages Des Moines trade listings,2026-10-01
Environmental Property Solutions,directory,https://www.yellowpages.com/des-moines-ia/,Yellow Pages Des Moines trade listings,2026-10-01
Mid-Iowa Environmental Corp,directory,https://www.yellowpages.com/des-moines-ia/,Yellow Pages Des Moines trade listings,2026-10-01
Environmental Property Solutions,directory,https://www.yellowpages.com/des-moines-ia/,Yellow Pages Des Moines trade listings,2026-10-01
John Voss Concrete & Excavating Inc.,directory,https://www.yellowpages.com/des-moines-ia/,Yellow Pages Des Moines trade listings,2026-10-01
Schlievert Plumbing Inc,directory,https://www.yellowpages.com/des-moines-ia/,Yellow Pages Des Moines trade listings,2026-10-01
Long Construction,directory,https://www.yellowpages.com/des-moines-ia/,Yellow Pages Des Moines trade listings,2026-10-01
The Neighborly Handyman,directory,https://www.yellowpages.com/des-moines-ia/,Yellow Pages Des Moines trade listings,2026-10-01
Window World of Des Moines,directory,https://www.yellowpages.com/des-moines-ia/,Yellow Pages Des Moines trade listings,2026-10-01
Scott's Home Renewal,directory,https://www.yellowpages.com/des-moines-ia/,Yellow Pages Des Moines trade listings,2026-10-01
Iowa Home Restoration & Repair,directory,https://www.yellowpages.com/des-moines-ia/,Yellow Pages Des Moines trade listings,2026-10-01
Zintex Remodeling Group,directory,https://www.yellowpages.com/des-moines-ia/,Yellow Pages Des Moines trade listings,2026-10-01
The Finished Edge LLC,directory,https://www.yellowpages.com/des-moines-ia/,Yellow Pages Des Moines trade listings,2026-10-01
Homestretch Construction Inc.,directory,https://www.yellowpages.com/des-moines-ia/,Yellow Pages Des Moines trade listings,2026-10-01
Coronel Design & Remodeling,directory,https://www.yellowpages.com/des-moines-ia/,Yellow Pages Des Moines trade listings,2026-10-01
Five Star Bath Solutions of Des Moines,directory,https://www.yellowpages.com/des-moines-ia/,Yellow Pages Des Moines trade listings,2026-10-01
C Saunders Const. LLC,directory,https://www.yellowpages.com/des-moines-ia/,Yellow Pages Des Moines trade listings,2026-10-01
KBS Remodeling & Restoration,directory,https://www.yellowpages.com/des-moines-ia/,Yellow Pages Des Moines trade listings,2026-10-01
MBG Renovations,directory,https://www.yellowpages.com/des-moines-ia/,Yellow Pages Des Moines trade listings,2026-10-01
Better Home Services,directory,https://www.yellowpages.com/des-moines-ia/,Yellow Pages Des Moines trade listings,2026-10-01
Blaze Remodeling Inc,directory,https://www.yellowpages.com/des-moines-ia/,Yellow Pages Des Moines trade listings,2026-10-01
Zen Windows Des Moines,directory,https://www.yellowpages.com/des-moines-ia/,Yellow Pages Des Moines trade listings,2026-10-01
Window Concepts of Iowa Inc.,directory,https://www.yellowpages.com/des-moines-ia/,Yellow Pages Des Moines trade listings,2026-10-01
Ceiling to the Floor,directory,https://www.yellowpages.com/des-moines-ia/,Yellow Pages Des Moines trade listings,2026-10-01
Brant's Construction,directory,https://www.yellowpages.com/des-moines-ia/,Yellow Pages Des Moines trade listings,2026-10-01
System,directory,https://www.yellowpages.com/des-moines-ia/,Yellow Pages Des Moines trade listings,2026-10-01
American Building Svc,directory,https://www.yellowpages.com/des-moines-ia/,Yellow Pages Des Moines trade listings,2026-10-01
Caponi Renovations,directory,https://www.yellowpages.com/des-moines-ia/,Yellow Pages Des Moines trade listings,2026-10-01
Woodmaster Remodeling,directory,https://www.yellowpages.com/des-moines-ia/,Yellow Pages Des Moines trade listings,2026-10-01
Van Weelden Company,directory,https://www.yellowpages.com/des-moines-ia/,Yellow Pages Des Moines trade listings,2026-10-01
John Voss Concrete & Excavating Inc.,directory,https://www.yellowpages.com/des-moines-ia/,Yellow Pages Des Moines trade listings,2026-10-01
Environmental Property Solutions,directory,https://www.yellowpages.com/des-moines-ia/,Yellow Pages Des Moines trade listings,2026-10-01
Mid-Iowa Environmental Corp,directory,https://www.yellowpages.com/des-moines-ia/,Yellow Pages Des Moines trade listings,2026-10-01
Schlievert Plumbing Inc,directory,https://www.yellowpages.com/des-moines-ia/,Yellow Pages Des Moines trade listings,2026-10-01
Long Construction,directory,https://www.yellowpages.com/des-moines-ia/,Yellow Pages Des Moines trade listings,2026-10-01
The Neighborly Handyman,directory,https://www.yellowpages.com/des-moines-ia/,Yellow Pages Des Moines trade listings,2026-10-01
Nocoast Renovations,directory,https://www.yellowpages.com/des-moines-ia/,Yellow Pages Des Moines trade listings,2026-10-01
Woodsman Construction,directory,https://www.yellowpages.com/des-moines-ia/,Yellow Pages Des Moines trade listings,2026-10-01
Tlc Home Service,directory,https://www.yellowpages.com/des-moines-ia/,Yellow Pages Des Moines trade listings,2026-10-01
Alex Remodeling LLC,directory,https://www.yellowpages.com/des-moines-ia/,Yellow Pages Des Moines trade listings,2026-10-01
Globo Solutions Inc,directory,https://www.yellowpages.com/des-moines-ia/,Yellow Pages Des Moines trade listings,2026-10-01
Benchmark Renovations 1,directory,https://www.yellowpages.com/des-moines-ia/,Yellow Pages Des Moines trade listings,2026-10-01
W & D Remodeling,directory,https://www.yellowpages.com/des-moines-ia/,Yellow Pages Des Moines trade listings,2026-10-01
Dirkx Inc,directory,https://www.yellowpages.com/des-moines-ia/,Yellow Pages Des Moines trade listings,2026-10-01
Opn Renovation,directory,https://www.yellowpages.com/des-moines-ia/,Yellow Pages Des Moines trade listings,2026-10-01
Hammerhead Construction,directory,https://www.yellowpages.com/des-moines-ia/,Yellow Pages Des Moines trade listings,2026-10-01
Silent Rivers Design-Build,directory,https://www.yellowpages.com/des-moines-ia/,Yellow Pages Des Moines trade listings,2026-10-01
Cleghorn Home Exteriors Inc,directory,https://www.yellowpages.com/des-moines-ia/,Yellow Pages Des Moines trade listings,2026-10-01
Advanced Renovators,directory,https://www.yellowpages.com/des-moines-ia/,Yellow Pages Des Moines trade listings,2026-10-01
Alen Remodeling Services,directory,https://www.yellowpages.com/des-moines-ia/,Yellow Pages Des Moines trade listings,2026-10-01
Hartman Remodeling & Construction,directory,https://www.yellowpages.com/des-moines-ia/,Yellow Pages Des Moines trade listings,2026-10-01
Abma Services,directory,https://www.yellowpages.com/des-moines-ia/,Yellow Pages Des Moines trade listings,2026-10-01
Luxury Home Improvement,directory,https://www.yellowpages.com/des-moines-ia/,Yellow Pages Des Moines trade listings,2026-10-01
Bob's Painting & Home Repair,directory,https://www.yellowpages.com/des-moines-ia/,Yellow Pages Des Moines trade listings,2026-10-01
Projects Contemporary Furniture,directory,https://www.yellowpages.com/des-moines-ia/,Yellow Pages Des Moines trade listings,2026-10-01
Kitchen & Bath Ideas Iowa,directory,https://www.yellowpages.com/des-moines-ia/,Yellow Pages Des Moines trade listings,2026-10-01
Re-Bath of Central Iowa,directory,https://www.yellowpages.com/des-moines-ia/,Yellow Pages Des Moines trade listings,2026-10-01
Konstruct Pros Llc,directory,https://www.yellowpages.com/des-moines-ia/,Yellow Pages Des Moines trade listings,2026-10-01
Atlas Masonry & Chimney,directory,https://www.yellowpages.com/des-moines-ia/,Yellow Pages Des Moines trade listings,2026-10-01
ACR Construction Inc.,directory,https://www.yellowpages.com/des-moines-ia/,Yellow Pages Des Moines trade listings,2026-10-01
Built By Bill,directory,https://www.yellowpages.com/des-moines-ia/,Yellow Pages Des Moines trade listings,2026-10-01
Direct Egress & Construction,directory,https://www.yellowpages.com/des-moines-ia/,Yellow Pages Des Moines trade listings,2026-10-01
Strother Built Construction,directory,https://www.yellowpages.com/des-moines-ia/,Yellow Pages Des Moines trade listings,2026-10-01
Roumel N Son,directory,https://www.yellowpages.com/des-moines-ia/,Yellow Pages Des Moines trade listings,2026-10-01
TERRY'S CONTRACTORS,directory,https://www.yellowpages.com/des-moines-ia/,Yellow Pages Des Moines trade listings,2026-10-01
Coleman Moore Company,directory,https://www.yellowpages.com/des-moines-ia/,Yellow Pages Des Moines trade listings,2026-10-01
Elite Woodworks & Home Improvements,directory,https://www.yellowpages.com/des-moines-ia/,Yellow Pages Des Moines trade listings,2026-10-01
Anderson Professional Painting,directory,https://www.yellowpages.com/des-moines-ia/,Yellow Pages Des Moines trade listings,2026-10-01
B & M Contractor's,directory,https://www.yellowpages.com/des-moines-ia/,Yellow Pages Des Moines trade listings,2026-10-01
Kent's Karpentry,directory,https://www.yellowpages.com/des-moines-ia/,Yellow Pages Des Moines trade listings,2026-10-01
Baker Restoration and Remodel,directory,https://www.yellowpages.com/des-moines-ia/,Yellow Pages Des Moines trade listings,2026-10-01
Hartman Construction & Remodeling,directory,https://www.yellowpages.com/des-moines-ia/,Yellow Pages Des Moines trade listings,2026-10-01
Jorgensen Home Improvements,directory,https://www.yellowpages.com/des-moines-ia/,Yellow Pages Des Moines trade listings,2026-10-01
FINAL TOUCH HANDYMAN,directory,https://www.yellowpages.com/des-moines-ia/,Yellow Pages Des Moines trade listings,2026-10-01
Key Performance Construction,directory,https://www.yellowpages.com/des-moines-ia/,Yellow Pages Des Moines trade listings,2026-10-01
Sani Enterprise,directory,https://www.yellowpages.com/des-moines-ia/,Yellow Pages Des Moines trade listings,2026-10-01
Legacy Home Builders,directory,https://www.yellowpages.com/des-moines-ia/,Yellow Pages Des Moines trade listings,2026-10-01
Oakwood Builders Group,directory,https://www.yellowpages.com/des-moines-ia/,Yellow Pages Des Moines trade listings,2026-10-01
Netzel Construction,directory,https://www.yellowpages.com/des-moines-ia/,Yellow Pages Des Moines trade listings,2026-10-01
Folkers Construction Inc,directory,https://www.yellowpages.com/des-moines-ia/,Yellow Pages Des Moines trade listings,2026-10-01
Baker Restoration Services,directory,https://www.yellowpages.com/des-moines-ia/,Yellow Pages Des Moines trade listings,2026-10-01
Oakwood Homes,directory,https://www.yellowpages.com/des-moines-ia/,Yellow Pages Des Moines trade listings,2026-10-01
Oakwood Builders Group,directory,https://www.yellowpages.com/des-moines-ia/,Yellow Pages Des Moines trade listings,2026-10-01
D & R Custom Kitchen Inc,directory,https://www.yellowpages.com/des-moines-ia/,Yellow Pages Des Moines trade listings,2026-10-01
Silent Rivers,directory,https://www.yellowpages.com/des-moines-ia/,Yellow Pages Des Moines trade listings,2026-10-01
Home Pro's Inc,directory,https://www.yellowpages.com/des-moines-ia/,Yellow Pages Des Moines trade listings,2026-10-01
Reliable Roofing,directory,https://www.yellowpages.com/des-moines-ia/,Yellow Pages Des Moines trade listings,2026-10-01
Heartland Builders Of Iowa,directory,https://www.yellowpages.com/des-moines-ia/,Yellow Pages Des Moines trade listings,2026-10-01
Tom Gates Construction,directory,https://www.yellowpages.com/des-moines-ia/,Yellow Pages Des Moines trade listings,2026-10-01
Reynolds General Construction,directory,https://www.yellowpages.com/des-moines-ia/,Yellow Pages Des Moines trade listings,2026-10-01
Mattas Construction Company,directory,https://www.yellowpages.com/des-moines-ia/,Yellow Pages Des Moines trade listings,2026-10-01
Deleon Jack Construction Inc,directory,https://www.yellowpages.com/des-moines-ia/,Yellow Pages Des Moines trade listings,2026-10-01
Richardson Bathroom-Kitchen & Plumbing Services,directory,https://www.yellowpages.com/des-moines-ia/,Yellow Pages Des Moines trade listings,2026-10-01
Lou Lyle Craftsman,directory,https://www.yellowpages.com/des-moines-ia/,Yellow Pages Des Moines trade listings,2026-10-01
Fleming Construction,directory,https://www.yellowpages.com/des-moines-ia/,Yellow Pages Des Moines trade listings,2026-10-01
Advent Carpentry Restoration,directory,https://www.yellowpages.com/des-moines-ia/,Yellow Pages Des Moines trade listings,2026-10-01
Bean Construction,directory,https://www.yellowpages.com/des-moines-ia/,Yellow Pages Des Moines trade listings,2026-10-01
Tj Miller Drywall,directory,https://www.yellowpages.com/des-moines-ia/,Yellow Pages Des Moines trade listings,2026-10-01
Mid Central Home Improvement,directory,https://www.yellowpages.com/des-moines-ia/,Yellow Pages Des Moines trade listings,2026-10-01
RCR Roofing,directory,https://www.yellowpages.com/des-moines-ia/,Yellow Pages Des Moines trade listings,2026-10-01
Iowa Bath Solutions,directory,https://www.yellowpages.com/des-moines-ia/,Yellow Pages Des Moines trade listings,2026-10-01
Reliable Remodeling,directory,https://www.yellowpages.com/des-moines-ia/,Yellow Pages Des Moines trade listings,2026-10-01
First Call Construction,directory,https://www.yellowpages.com/des-moines-ia/,Yellow Pages Des Moines trade listings,2026-10-01
Central Iowa Solutions,directory,https://www.yellowpages.com/des-moines-ia/,Yellow Pages Des Moines trade listings,2026-10-01
Leaf Home Stair Lift,directory,https://www.yellowpages.com/des-moines-ia/,Yellow Pages Des Moines trade listings,2026-10-01
Hot Wire Diverisified Svcs LLC,directory,https://www.yellowpages.com/des-moines-ia/,Yellow Pages Des Moines trade listings,2026-10-01
Inside Out Renovations Iowa,directory,https://www.yellowpages.com/des-moines-ia/,Yellow Pages Des Moines trade listings,2026-10-01
F E Remodeling LLC,directory,https://www.yellowpages.com/des-moines-ia/,Yellow Pages Des Moines trade listings,2026-10-01
New Face Renovations,directory,https://www.yellowpages.com/des-moines-ia/,Yellow Pages Des Moines trade listings,2026-10-01
3 Sons Construction,directory,https://www.yellowpages.com/des-moines-ia/,Yellow Pages Des Moines trade listings,2026-10-01
Zenith Design + Build,directory,https://www.yellowpages.com/des-moines-ia/,Yellow Pages Des Moines trade listings,2026-10-01
F E Remodeling,directory,https://www.yellowpages.com/des-moines-ia/,Yellow Pages Des Moines trade listings,2026-10-01
Dunlap Remodeling,directory,https://www.yellowpages.com/des-moines-ia/,Yellow Pages Des Moines trade listings,2026-10-01
Dewit Construction & Remodeling,directory,https://www.yellowpages.com/des-moines-ia/,Yellow Pages Des Moines trade listings,2026-10-01
Revive Remodel,directory,https://www.yellowpages.com/des-moines-ia/,Yellow Pages Des Moines trade listings,2026-10-01
Get A Grip Resurfacing (Des Moines),directory,https://www.yellowpages.com/des-moines-ia/,Yellow Pages Des Moines trade listings,2026-10-01
Remodeling Contractors,directory,https://www.yellowpages.com/des-moines-ia/,Yellow Pages Des Moines trade listings,2026-10-01
Ace Handyman Services West Des Moines,directory,https://www.yellowpages.com/des-moines-ia/,Yellow Pages Des Moines trade listings,2026-10-01
Red House Remodeling,directory,https://www.yellowpages.com/des-moines-ia/,Yellow Pages Des Moines trade listings,2026-10-01
United Services of Des Moines,directory,https://www.yellowpages.com/des-moines-ia/,Yellow Pages Des Moines trade listings,2026-10-01
Red House & Remodeling,directory,https://www.yellowpages.com/des-moines-ia/,Yellow Pages Des Moines trade listings,2026-10-01
Red House Remodeling,directory,https://www.yellowpages.com/des-moines-ia/,Yellow Pages Des Moines trade listings,2026-10-01
Anderson Building & Repair,directory,https://www.yellowpages.com/des-moines-ia/,Yellow Pages Des Moines trade listings,2026-10-01
Hardin Renovations,directory,https://www.yellowpages.com/des-moines-ia/,Yellow Pages Des Moines trade listings,2026-10-01
Remodel Works,directory,https://www.yellowpages.com/des-moines-ia/,Yellow Pages Des Moines trade listings,2026-10-01
Renewal By Anderson,directory,https://www.yellowpages.com/des-moines-ia/,Yellow Pages Des Moines trade listings,2026-10-01
M D Patterson Construction Co Inc,directory,https://www.yellowpages.com/des-moines-ia/,Yellow Pages Des Moines trade listings,2026-10-01
Under Construction A Remodeling Co,directory,https://www.yellowpages.com/des-moines-ia/,Yellow Pages Des Moines trade listings,2026-10-01
Custom Remodeling & Construction,directory,https://www.yellowpages.com/des-moines-ia/,Yellow Pages Des Moines trade listings,2026-10-01
Crdn Central & Western Iowa,directory,https://www.yellowpages.com/des-moines-ia/,Yellow Pages Des Moines trade listings,2026-10-01
Sandvig Remodeling LC,directory,https://www.yellowpages.com/des-moines-ia/,Yellow Pages Des Moines trade listings,2026-10-01
Mjm Property Inc,directory,https://www.yellowpages.com/des-moines-ia/,Yellow Pages Des Moines trade listings,2026-10-01
Wells Commercial Flooring,directory,https://www.yellowpages.com/des-moines-ia/,Yellow Pages Des Moines trade listings,2026-10-01
Davis Custom Remodeling,directory,https://www.yellowpages.com/des-moines-ia/,Yellow Pages Des Moines trade listings,2026-10-01
Designers Custom Building,directory,https://www.yellowpages.com/des-moines-ia/,Yellow Pages Des Moines trade listings,2026-10-01
Duer & Sons Remodeling,directory,https://www.yellowpages.com/des-moines-ia/,Yellow Pages Des Moines trade listings,2026-10-01
Krehlik Spiller,directory,https://www.yellowpages.com/des-moines-ia/,Yellow Pages Des Moines trade listings,2026-10-01
Kercheval Konstruction,directory,https://www.yellowpages.com/des-moines-ia/,Yellow Pages Des Moines trade listings,2026-10-01
Harmony Building,directory,https://www.yellowpages.com/des-moines-ia/,Yellow Pages Des Moines trade listings,2026-10-01
Kitchen & Bath Company,directory,https://www.yellowpages.com/des-moines-ia/,Yellow Pages Des Moines trade listings,2026-10-01
Elite Framing & Remodeling Services,directory,https://www.yellowpages.com/des-moines-ia/,Yellow Pages Des Moines trade listings,2026-10-01
Burke Home Improvements,directory,https://www.yellowpages.com/des-moines-ia/,Yellow Pages Des Moines trade listings,2026-10-01
Mcconkey Enterprises Inc,directory,https://www.yellowpages.com/des-moines-ia/,Yellow Pages Des Moines trade listings,2026-10-01
First Property,directory,https://www.yellowpages.com/des-moines-ia/,Yellow Pages Des Moines trade listings,2026-10-01
Certified Remodelers,directory,https://www.yellowpages.com/des-moines-ia/,Yellow Pages Des Moines trade listings,2026-10-01
Iowa Surface Restore,directory,https://www.yellowpages.com/des-moines-ia/,Yellow Pages Des Moines trade listings,2026-10-01
Preferred Interior Construction Inc,directory,https://www.yellowpages.com/des-moines-ia/,Yellow Pages Des Moines trade listings,2026-10-01
Renov8 IA,directory,https://www.yellowpages.com/des-moines-ia/,Yellow Pages Des Moines trade listings,2026-10-01
W & D Remodelers,directory,https://www.yellowpages.com/des-moines-ia/,Yellow Pages Des Moines trade listings,2026-10-01
New Era Properties,directory,https://www.yellowpages.com/des-moines-ia/,Yellow Pages Des Moines trade listings,2026-10-01
Vasey Properties,directory,https://www.yellowpages.com/des-moines-ia/,Yellow Pages Des Moines trade listings,2026-10-01
Todd Arnold Construction,directory,https://www.yellowpages.com/des-moines-ia/,Yellow Pages Des Moines trade listings,2026-10-01
SJC Builders,directory,https://www.yellowpages.com/des-moines-ia/,Yellow Pages Des Moines trade listings,2026-10-01
Mckinstry Properties,directory,https://www.yellowpages.com/des-moines-ia/,Yellow Pages Des Moines trade listings,2026-10-01
Home Reimagined Remodeling,directory,https://www.yellowpages.com/des-moines-ia/,Yellow Pages Des Moines trade listings,2026-10-01
Grizzly Services LLC,directory,https://www.yellowpages.com/des-moines-ia/,Yellow Pages Des Moines trade listings,2026-10-01
Top Gun Contractors of Grimes,directory,https://www.yellowpages.com/des-moines-ia/,Yellow Pages Des Moines trade listings,2026-10-01
Top Gun Contractors of Grimes,directory,https://www.yellowpages.com/des-moines-ia/,Yellow Pages Des Moines trade listings,2026-10-01
Roto-Rooter,directory,https://www.yellowpages.com/des-moines-ia/,Yellow Pages Des Moines trade listings,2026-10-01
Roto-Rooter,directory,https://www.yellowpages.com/des-moines-ia/,Yellow Pages Des Moines trade listings,2026-10-01
MacPro Restore Cleaning & Restoration,directory,https://www.yellowpages.com/des-moines-ia/,Yellow Pages Des Moines trade listings,2026-10-01
ServiceMaster BioClean,directory,https://www.yellowpages.com/des-moines-ia/,Yellow Pages Des Moines trade listings,2026-10-01
Des Moines Mold Remediation Services,directory,https://www.yellowpages.com/des-moines-ia/,Yellow Pages Des Moines trade listings,2026-10-01
First General Services,directory,https://www.yellowpages.com/des-moines-ia/,Yellow Pages Des Moines trade listings,2026-10-01
On Call Restoration in Des Moines,directory,https://www.yellowpages.com/des-moines-ia/,Yellow Pages Des Moines trade listings,2026-10-01
SERVPRO of Des Moines SW,directory,https://www.yellowpages.com/des-moines-ia/,Yellow Pages Des Moines trade listings,2026-10-01
Advantaclean of Des Moines Central,directory,https://www.yellowpages.com/des-moines-ia/,Yellow Pages Des Moines trade listings,2026-10-01
Macpro restore,directory,https://www.yellowpages.com/des-moines-ia/,Yellow Pages Des Moines trade listings,2026-10-01
SERVPRO of Des Moines SW,directory,https://www.yellowpages.com/des-moines-ia/,Yellow Pages Des Moines trade listings,2026-10-01
Plaza Carpet Cleaning of Des Moines,directory,https://www.yellowpages.com/des-moines-ia/,Yellow Pages Des Moines trade listings,2026-10-01
1-800-Packouts of Greater Iowa,directory,https://www.yellowpages.com/des-moines-ia/,Yellow Pages Des Moines trade listings,2026-10-01
Dream Steam Cleaning and Restoration,directory,https://www.yellowpages.com/des-moines-ia/,Yellow Pages Des Moines trade listings,2026-10-01
FIRST ONSITE Property Restoration,directory,https://www.yellowpages.com/des-moines-ia/,Yellow Pages Des Moines trade listings,2026-10-01
Cleaning Connection,directory,https://www.yellowpages.com/des-moines-ia/,Yellow Pages Des Moines trade listings,2026-10-01
AJ's Cleaning & Restoration,directory,https://www.yellowpages.com/des-moines-ia/,Yellow Pages Des Moines trade listings,2026-10-01
Cross Carpet Cleaning,directory,https://www.yellowpages.com/des-moines-ia/,Yellow Pages Des Moines trade listings,2026-10-01
ProRestore DKI,directory,https://www.yellowpages.com/des-moines-ia/,Yellow Pages Des Moines trade listings,2026-10-01
Mold Removal West Des Moines,directory,https://www.yellowpages.com/des-moines-ia/,Yellow Pages Des Moines trade listings,2026-10-01
Restore Magic Construction,directory,https://www.yellowpages.com/des-moines-ia/,Yellow Pages Des Moines trade listings,2026-10-01
J Thompson Builders LLC,directory,https://www.yellowpages.com/des-moines-ia/,Yellow Pages Des Moines trade listings,2026-10-01
Mold Removal Ankeny,directory,https://www.yellowpages.com/des-moines-ia/,Yellow Pages Des Moines trade listings,2026-10-01
ServiceMaster Restore of Des Moines,directory,https://www.yellowpages.com/des-moines-ia/,Yellow Pages Des Moines trade listings,2026-10-01
Ajs of Des Moines Inc,directory,https://www.yellowpages.com/des-moines-ia/,Yellow Pages Des Moines trade listings,2026-10-01
Euro Chem,directory,https://www.yellowpages.com/des-moines-ia/,Yellow Pages Des Moines trade listings,2026-10-01
Restore4U,directory,https://www.yellowpages.com/des-moines-ia/,Yellow Pages Des Moines trade listings,2026-10-01
First Call Construction,directory,https://www.yellowpages.com/des-moines-ia/,Yellow Pages Des Moines trade listings,2026-10-01
Top Gun Contractors of Grimes,directory,https://www.yellowpages.com/des-moines-ia/,Yellow Pages Des Moines trade listings,2026-10-01
Roto-Rooter,directory,https://www.yellowpages.com/des-moines-ia/,Yellow Pages Des Moines trade listings,2026-10-01
Roto-Rooter,directory,https://www.yellowpages.com/des-moines-ia/,Yellow Pages Des Moines trade listings,2026-10-01
Wilson Carpet & Air Duct Cleaning,directory,https://www.yellowpages.com/des-moines-ia/,Yellow Pages Des Moines trade listings,2026-10-01
Foundation Recovery Systems Des Moines,directory,https://www.yellowpages.com/des-moines-ia/,Yellow Pages Des Moines trade listings,2026-10-01
All Dry Services of Des Moines,directory,https://www.yellowpages.com/des-moines-ia/,Yellow Pages Des Moines trade listings,2026-10-01
1-800-Board-Up of Grimes,directory,https://www.yellowpages.com/des-moines-ia/,Yellow Pages Des Moines trade listings,2026-10-01
United Services of Des Moines,directory,https://www.yellowpages.com/des-moines-ia/,Yellow Pages Des Moines trade listings,2026-10-01
United Services Restoration & Remodeling,directory,https://www.yellowpages.com/des-moines-ia/,Yellow Pages Des Moines trade listings,2026-10-01
Stanley Steemer,directory,https://www.yellowpages.com/des-moines-ia/,Yellow Pages Des Moines trade listings,2026-10-01
First Class Restoration,directory,https://www.yellowpages.com/des-moines-ia/,Yellow Pages Des Moines trade listings,2026-10-01
Aj's Cleaning & Handyman,directory,https://www.yellowpages.com/des-moines-ia/,Yellow Pages Des Moines trade listings,2026-10-01
Restore Master Construction,directory,https://www.yellowpages.com/des-moines-ia/,Yellow Pages Des Moines trade listings,2026-10-01
Crdn Central & Western Iowa,directory,https://www.yellowpages.com/des-moines-ia/,Yellow Pages Des Moines trade listings,2026-10-01
Disaster Restoration Services,directory,https://www.yellowpages.com/des-moines-ia/,Yellow Pages Des Moines trade listings,2026-10-01
Pro Dry-Emergency Water,directory,https://www.yellowpages.com/des-moines-ia/,Yellow Pages Des Moines trade listings,2026-10-01
Puro Clean,directory,https://www.yellowpages.com/des-moines-ia/,Yellow Pages Des Moines trade listings,2026-10-01
Aller Free Cleaning Systems,directory,https://www.yellowpages.com/des-moines-ia/,Yellow Pages Des Moines trade listings,2026-10-01
Top Gun Contractors Of Grimes,directory,https://www.yellowpages.com/des-moines-ia/,Yellow Pages Des Moines trade listings,2026-10-01
ServiceMaster by Rice,directory,https://www.yellowpages.com/des-moines-ia/,Yellow Pages Des Moines trade listings,2026-10-01
Plumbing Service In Alleman IA,directory,https://www.yellowpages.com/des-moines-ia/,Yellow Pages Des Moines trade listings,2026-10-01
SERVPRO of Altoona,directory,https://www.yellowpages.com/des-moines-ia/,Yellow Pages Des Moines trade listings,2026-10-01
Mold Remediation Waukee,directory,https://www.yellowpages.com/des-moines-ia/,Yellow Pages Des Moines trade listings,2026-10-01
911 Restoration of Des Moines,directory,https://www.yellowpages.com/des-moines-ia/,Yellow Pages Des Moines trade listings,2026-10-01
911 Restoration of Des Moines,directory,https://www.yellowpages.com/des-moines-ia/,Yellow Pages Des Moines trade listings,2026-10-01
Rainbow International Restoration,directory,https://www.yellowpages.com/des-moines-ia/,Yellow Pages Des Moines trade listings,2026-10-01
Top Gun Contractors of Grimes,directory,https://www.yellowpages.com/des-moines-ia/,Yellow Pages Des Moines trade listings,2026-10-01
Exterior Sheet Metal Inc,directory,https://www.yellowpages.com/des-moines-ia/,Yellow Pages Des Moines trade listings,2026-10-01
Arc Roofing and Exteriors,directory,https://www.yellowpages.com/des-moines-ia/,Yellow Pages Des Moines trade listings,2026-10-01
Fisher Construction LLC,directory,https://www.yellowpages.com/des-moines-ia/,Yellow Pages Des Moines trade listings,2026-10-01
Academy Roofing & Sheet Metal Co.,directory,https://www.yellowpages.com/des-moines-ia/,Yellow Pages Des Moines trade listings,2026-10-01
Ludwig Roofing,directory,https://www.yellowpages.com/des-moines-ia/,Yellow Pages Des Moines trade listings,2026-10-01
Ludwig Roofing,directory,https://www.yellowpages.com/des-moines-ia/,Yellow Pages Des Moines trade listings,2026-10-01
Academy Roofing & Sheet Metal Co.,directory,https://www.yellowpages.com/des-moines-ia/,Yellow Pages Des Moines trade listings,2026-10-01
Top Gun Contractors of Grimes,directory,https://www.yellowpages.com/des-moines-ia/,Yellow Pages Des Moines trade listings,2026-10-01
Lastime Exteriors,directory,https://www.yellowpages.com/des-moines-ia/,Yellow Pages Des Moines trade listings,2026-10-01
Exterior Sheet Metal Inc,directory,https://www.yellowpages.com/des-moines-ia/,Yellow Pages Des Moines trade listings,2026-10-01
Arc Roofing and Exteriors,directory,https://www.yellowpages.com/des-moines-ia/,Yellow Pages Des Moines trade listings,2026-10-01
Gutters Plus Exteriors,directory,https://www.yellowpages.com/des-moines-ia/,Yellow Pages Des Moines trade listings,2026-10-01
Deever Roofing Inc,directory,https://www.yellowpages.com/des-moines-ia/,Yellow Pages Des Moines trade listings,2026-10-01
Andrew's Roofing Company,directory,https://www.yellowpages.com/des-moines-ia/,Yellow Pages Des Moines trade listings,2026-10-01
Iowa Roofing Co,directory,https://www.yellowpages.com/des-moines-ia/,Yellow Pages Des Moines trade listings,2026-10-01
Gannon Roofing Supply,directory,https://www.yellowpages.com/des-moines-ia/,Yellow Pages Des Moines trade listings,2026-10-01
Aaron's West Side Roofing Inc,directory,https://www.yellowpages.com/des-moines-ia/,Yellow Pages Des Moines trade listings,2026-10-01
Delgado's Roofing,directory,https://www.yellowpages.com/des-moines-ia/,Yellow Pages Des Moines trade listings,2026-10-01
Leakproof Roofing Systems,directory,https://www.yellowpages.com/des-moines-ia/,Yellow Pages Des Moines trade listings,2026-10-01
Four Seasons Roofing,directory,https://www.yellowpages.com/des-moines-ia/,Yellow Pages Des Moines trade listings,2026-10-01
Smart Roofing LLC,directory,https://www.yellowpages.com/des-moines-ia/,Yellow Pages Des Moines trade listings,2026-10-01
Curtis W Wood Roofing Inc,directory,https://www.yellowpages.com/des-moines-ia/,Yellow Pages Des Moines trade listings,2026-10-01
Right Way Roofing,directory,https://www.yellowpages.com/des-moines-ia/,Yellow Pages Des Moines trade listings,2026-10-01
Saul Gonzalez Roofing,directory,https://www.yellowpages.com/des-moines-ia/,Yellow Pages Des Moines trade listings,2026-10-01
"Aspen Contracting, Inc.",directory,https://www.yellowpages.com/des-moines-ia/,Yellow Pages Des Moines trade listings,2026-10-01
Recon Roofing & Construction,directory,https://www.yellowpages.com/des-moines-ia/,Yellow Pages Des Moines trade listings,2026-10-01
One & Done Roofing,directory,https://www.yellowpages.com/des-moines-ia/,Yellow Pages Des Moines trade listings,2026-10-01
Recon Roofing & Construction,directory,https://www.yellowpages.com/des-moines-ia/,Yellow Pages Des Moines trade listings,2026-10-01
AFFORDABLE ROOFING AND EXTERIORS INC,directory,https://www.yellowpages.com/des-moines-ia/,Yellow Pages Des Moines trade listings,2026-10-01
Olmstead Roofing LLC,directory,https://www.yellowpages.com/des-moines-ia/,Yellow Pages Des Moines trade listings,2026-10-01
Last Roof,directory,https://www.yellowpages.com/des-moines-ia/,Yellow Pages Des Moines trade listings,2026-10-01
J & A Roofing,directory,https://www.yellowpages.com/des-moines-ia/,Yellow Pages Des Moines trade listings,2026-10-01
Ludwig Roofing,directory,https://www.yellowpages.com/des-moines-ia/,Yellow Pages Des Moines trade listings,2026-10-01
Exterior Sheet Metal Inc,directory,https://www.yellowpages.com/des-moines-ia/,Yellow Pages Des Moines trade listings,2026-10-01
Academy Roofing & Sheet Metal Co.,directory,https://www.yellowpages.com/des-moines-ia/,Yellow Pages Des Moines trade listings,2026-10-01
Top Gun Contractors of Grimes,directory,https://www.yellowpages.com/des-moines-ia/,Yellow Pages Des Moines trade listings,2026-10-01
Arc Roofing and Exteriors,directory,https://www.yellowpages.com/des-moines-ia/,Yellow Pages Des Moines trade listings,2026-10-01
Fisher Construction LLC,directory,https://www.yellowpages.com/des-moines-ia/,Yellow Pages Des Moines trade listings,2026-10-01
Lastime Exteriors,directory,https://www.yellowpages.com/des-moines-ia/,Yellow Pages Des Moines trade listings,2026-10-01
Lastime Exteriors,directory,https://www.yellowpages.com/des-moines-ia/,Yellow Pages Des Moines trade listings,2026-10-01
Ultimate Exteriors,directory,https://www.yellowpages.com/des-moines-ia/,Yellow Pages Des Moines trade listings,2026-10-01
Ultimate Exteriors,directory,https://www.yellowpages.com/des-moines-ia/,Yellow Pages Des Moines trade listings,2026-10-01
Bradens Roofing and Construction,directory,https://www.yellowpages.com/des-moines-ia/,Yellow Pages Des Moines trade listings,2026-10-01
Flat Roofs Repair,directory,https://www.yellowpages.com/des-moines-ia/,Yellow Pages Des Moines trade listings,2026-10-01
Fix My Roofs,directory,https://www.yellowpages.com/des-moines-ia/,Yellow Pages Des Moines trade listings,2026-10-01
Cmr Construction & Roofing,directory,https://www.yellowpages.com/des-moines-ia/,Yellow Pages Des Moines trade listings,2026-10-01
All Iowa Roofing,directory,https://www.yellowpages.com/des-moines-ia/,Yellow Pages Des Moines trade listings,2026-10-01
Rick Millard Roofing,directory,https://www.yellowpages.com/des-moines-ia/,Yellow Pages Des Moines trade listings,2026-10-01
All or Nothing Roofing & Construction,directory,https://www.yellowpages.com/des-moines-ia/,Yellow Pages Des Moines trade listings,2026-10-01
Golden Roofers,directory,https://www.yellowpages.com/des-moines-ia/,Yellow Pages Des Moines trade listings,2026-10-01
Affordable Roofing & Exteriors Inc,directory,https://www.yellowpages.com/des-moines-ia/,Yellow Pages Des Moines trade listings,2026-10-01
Iowa Roofing Co,directory,https://www.yellowpages.com/des-moines-ia/,Yellow Pages Des Moines trade listings,2026-10-01
Beehler Roofing & Repair,directory,https://www.yellowpages.com/des-moines-ia/,Yellow Pages Des Moines trade listings,2026-10-01
Emergency Roofing Repair,directory,https://www.yellowpages.com/des-moines-ia/,Yellow Pages Des Moines trade listings,2026-10-01
AAA Roofing,directory,https://www.yellowpages.com/des-moines-ia/,Yellow Pages Des Moines trade listings,2026-10-01
Seamless Gutters and More,directory,https://www.yellowpages.com/des-moines-ia/,Yellow Pages Des Moines trade listings,2026-10-01
American Dream Exteriors,directory,https://www.yellowpages.com/des-moines-ia/,Yellow Pages Des Moines trade listings,2026-10-01
Siders Roofing,directory,https://www.yellowpages.com/des-moines-ia/,Yellow Pages Des Moines trade listings,2026-10-01
Trusted Roofing & Exteriors,directory,https://www.yellowpages.com/des-moines-ia/,Yellow Pages Des Moines trade listings,2026-10-01
Crown Cable Services,directory,https://www.yellowpages.com/des-moines-ia/,Yellow Pages Des Moines trade listings,2026-10-01
Apple Roofing,directory,https://www.yellowpages.com/des-moines-ia/,Yellow Pages Des Moines trade listings,2026-10-01
Interstate Roofing,directory,https://www.yellowpages.com/des-moines-ia/,Yellow Pages Des Moines trade listings,2026-10-01
Bolio Roofing & Construction,directory,https://www.yellowpages.com/des-moines-ia/,Yellow Pages Des Moines trade listings,2026-10-01
Accurate Roofing,directory,https://www.yellowpages.com/des-moines-ia/,Yellow Pages Des Moines trade listings,2026-10-01
Mark Alan,directory,https://www.yellowpages.com/des-moines-ia/,Yellow Pages Des Moines trade listings,2026-10-01
H and R Construction,directory,https://www.yellowpages.com/des-moines-ia/,Yellow Pages Des Moines trade listings,2026-10-01
Four Walls & A Roof,directory,https://www.yellowpages.com/des-moines-ia/,Yellow Pages Des Moines trade listings,2026-10-01
Iowa Roofing Co,directory,https://www.yellowpages.com/des-moines-ia/,Yellow Pages Des Moines trade listings,2026-10-01
"Reyes Siding, Inc",directory,https://www.yellowpages.com/des-moines-ia/,Yellow Pages Des Moines trade listings,2026-10-01
Big Roofing,directory,https://www.yellowpages.com/des-moines-ia/,Yellow Pages Des Moines trade listings,2026-10-01
Duncan Company Painting & Roofing,directory,https://www.yellowpages.com/des-moines-ia/,Yellow Pages Des Moines trade listings,2026-10-01
RCR Roofing,directory,https://www.yellowpages.com/des-moines-ia/,Yellow Pages Des Moines trade listings,2026-10-01
Reasonable Roofing,directory,https://www.yellowpages.com/des-moines-ia/,Yellow Pages Des Moines trade listings,2026-10-01
Quick Roofing,directory,https://www.yellowpages.com/des-moines-ia/,Yellow Pages Des Moines trade listings,2026-10-01
For Sure Roofing,directory,https://www.yellowpages.com/des-moines-ia/,Yellow Pages Des Moines trade listings,2026-10-01
Roofing Siding & Windows of Iowa,directory,https://www.yellowpages.com/des-moines-ia/,Yellow Pages Des Moines trade listings,2026-10-01
RoofTopper,directory,https://www.yellowpages.com/des-moines-ia/,Yellow Pages Des Moines trade listings,2026-10-01
Big Dogs Roofing,directory,https://www.yellowpages.com/des-moines-ia/,Yellow Pages Des Moines trade listings,2026-10-01
Roofing Specialists,directory,https://www.yellowpages.com/des-moines-ia/,Yellow Pages Des Moines trade listings,2026-10-01
Paplow Roofing and Seamless Gutters,directory,https://www.yellowpages.com/des-moines-ia/,Yellow Pages Des Moines trade listings,2026-10-01
Calvillo & Tellez Construction Roof and Gutters,directory,https://www.yellowpages.com/des-moines-ia/,Yellow Pages Des Moines trade listings,2026-10-01
Above Roofing of Des Moines,directory,https://www.yellowpages.com/des-moines-ia/,Yellow Pages Des Moines trade listings,2026-10-01
5 Star Roofing,directory,https://www.yellowpages.com/des-moines-ia/,Yellow Pages Des Moines trade listings,2026-10-01
Quick Roofing,directory,https://www.yellowpages.com/des-moines-ia/,Yellow Pages Des Moines trade listings,2026-10-01
DSM Exteriors LLC,directory,https://www.yellowpages.com/des-moines-ia/,Yellow Pages Des Moines trade listings,2026-10-01
CK Permanent Roofing Solutions,directory,https://www.yellowpages.com/des-moines-ia/,Yellow Pages Des Moines trade listings,2026-10-01
Drake Roofing Inc,directory,https://www.yellowpages.com/des-moines-ia/,Yellow Pages Des Moines trade listings,2026-10-01
All Seasons Outdoor Care,directory,https://www.yellowpages.com/des-moines-ia/,Yellow Pages Des Moines trade listings,2026-10-01
AAA Roofing Company,directory,https://www.yellowpages.com/des-moines-ia/,Yellow Pages Des Moines trade listings,2026-10-01
Roof Tech,directory,https://www.yellowpages.com/des-moines-ia/,Yellow Pages Des Moines trade listings,2026-10-01
Pyramid Roofing Co,directory,https://www.yellowpages.com/des-moines-ia/,Yellow Pages Des Moines trade listings,2026-10-01
Done Construction,directory,https://www.yellowpages.com/des-moines-ia/,Yellow Pages Des Moines trade listings,2026-10-01
Tru Interiors,directory,https://www.yellowpages.com/des-moines-ia/,Yellow Pages Des Moines trade listings,2026-10-01
Reasonable Roofing,directory,https://www.yellowpages.com/des-moines-ia/,Yellow Pages Des Moines trade listings,2026-10-01
Reliable Roofing,directory,https://www.yellowpages.com/des-moines-ia/,Yellow Pages Des Moines trade listings,2026-10-01
European Roofing,directory,https://www.yellowpages.com/des-moines-ia/,Yellow Pages Des Moines trade listings,2026-10-01
100 Leak Repair,directory,https://www.yellowpages.com/des-moines-ia/,Yellow Pages Des Moines trade listings,2026-10-01
Brockway Mechanical & Roofing Co,directory,https://www.yellowpages.com/des-moines-ia/,Yellow Pages Des Moines trade listings,2026-10-01
Architectural Roofing,directory,https://www.yellowpages.com/des-moines-ia/,Yellow Pages Des Moines trade listings,2026-10-01
Expert Roofing,directory,https://www.yellowpages.com/des-moines-ia/,Yellow Pages Des Moines trade listings,2026-10-01
Hard Day Roofing,directory,https://www.yellowpages.com/des-moines-ia/,Yellow Pages Des Moines trade listings,2026-10-01
Reeves Roofing,directory,https://www.yellowpages.com/des-moines-ia/,Yellow Pages Des Moines trade listings,2026-10-01
Hedberg & Son Roofing,directory,https://www.yellowpages.com/des-moines-ia/,Yellow Pages Des Moines trade listings,2026-10-01
"Action Roofing & Construction, Inc.",directory,https://www.yellowpages.com/des-moines-ia/,Yellow Pages Des Moines trade listings,2026-10-01
Killians Custom Metal Roofing & Panel,directory,https://www.yellowpages.com/des-moines-ia/,Yellow Pages Des Moines trade listings,2026-10-01
Total Exteriors,directory,https://www.yellowpages.com/des-moines-ia/,Yellow Pages Des Moines trade listings,2026-10-01
Badillo,directory,https://www.yellowpages.com/des-moines-ia/,Yellow Pages Des Moines trade listings,2026-10-01
Lumbermans Drywall & Roofing Supply,directory,https://www.yellowpages.com/des-moines-ia/,Yellow Pages Des Moines trade listings,2026-10-01
SRS Building Products,directory,https://www.yellowpages.com/des-moines-ia/,Yellow Pages Des Moines trade listings,2026-10-01
Done Right Roofing & Exteriors,directory,https://www.yellowpages.com/des-moines-ia/,Yellow Pages Des Moines trade listings,2026-10-01
Hartman Construction & Remodeling,directory,https://www.yellowpages.com/des-moines-ia/,Yellow Pages Des Moines trade listings,2026-10-01
Superior Siding and Window Systems,directory,https://www.yellowpages.com/des-moines-ia/,Yellow Pages Des Moines trade listings,2026-10-01
Trusted Roofing and Exteriors,directory,https://www.yellowpages.com/des-moines-ia/,Yellow Pages Des Moines trade listings,2026-10-01
Alan's Seamless Gutters,directory,https://www.yellowpages.com/des-moines-ia/,Yellow Pages Des Moines trade listings,2026-10-01
SRS Building Products,directory,https://www.yellowpages.com/des-moines-ia/,Yellow Pages Des Moines trade listings,2026-10-01
KBS Remodeling & Restoration,directory,https://www.yellowpages.com/des-moines-ia/,Yellow Pages Des Moines trade listings,2026-10-01
Badillo,directory,https://www.yellowpages.com/des-moines-ia/,Yellow Pages Des Moines trade listings,2026-10-01
Insulation Plus,directory,https://www.yellowpages.com/des-moines-ia/,Yellow Pages Des Moines trade listings,2026-10-01
Gutters Plus Exteriors & Roofing,directory,https://www.yellowpages.com/des-moines-ia/,Yellow Pages Des Moines trade listings,2026-10-01
Crown Services Inc,directory,https://www.yellowpages.com/des-moines-ia/,Yellow Pages Des Moines trade listings,2026-10-01
Newstart Construction,directory,https://www.yellowpages.com/des-moines-ia/,Yellow Pages Des Moines trade listings,2026-10-01
Waynes Mobile Home Service,directory,https://www.yellowpages.com/des-moines-ia/,Yellow Pages Des Moines trade listings,2026-10-01
Mid States Exteriors,directory,https://www.yellowpages.com/des-moines-ia/,Yellow Pages Des Moines trade listings,2026-10-01
Dream Makers Restoration,directory,https://www.yellowpages.com/des-moines-ia/,Yellow Pages Des Moines trade listings,2026-10-01
Jose Construction,directory,https://www.yellowpages.com/des-moines-ia/,Yellow Pages Des Moines trade listings,2026-10-01
Loyal Construction Services Inc,directory,https://www.yellowpages.com/des-moines-ia/,Yellow Pages Des Moines trade listings,2026-10-01
Affordable Contracting,directory,https://www.yellowpages.com/des-moines-ia/,Yellow Pages Des Moines trade listings,2026-10-01
Paplow Roofing Seamless Gutters and Siding and Windows,directory,https://www.yellowpages.com/des-moines-ia/,Yellow Pages Des Moines trade listings,2026-10-01
Eagle Construction Co,directory,https://www.yellowpages.com/des-moines-ia/,Yellow Pages Des Moines trade listings,2026-10-01
Affordable Exteriors LLC,directory,https://www.yellowpages.com/des-moines-ia/,Yellow Pages Des Moines trade listings,2026-10-01
JEM Home Improvements,directory,https://www.yellowpages.com/des-moines-ia/,Yellow Pages Des Moines trade listings,2026-10-01
Central States Roofing,directory,https://www.yellowpages.com/des-moines-ia/,Yellow Pages Des Moines trade listings,2026-10-01
Wildcat Roofing & Construction,directory,https://www.yellowpages.com/des-moines-ia/,Yellow Pages Des Moines trade listings,2026-10-01
Miller Construction,directory,https://www.yellowpages.com/des-moines-ia/,Yellow Pages Des Moines trade listings,2026-10-01
Wood Roofing Company Inc and Sheet Metal,directory,https://www.yellowpages.com/des-moines-ia/,Yellow Pages Des Moines trade listings,2026-10-01
Van Weelden Company,directory,https://www.yellowpages.com/des-moines-ia/,Yellow Pages Des Moines trade listings,2026-10-01
Tip Top Construction,directory,https://www.yellowpages.com/des-moines-ia/,Yellow Pages Des Moines trade listings,2026-10-01
Hedrick Construction Inc,directory,https://www.yellowpages.com/des-moines-ia/,Yellow Pages Des Moines trade listings,2026-10-01
Bakeris Roofing & Construction,directory,https://www.yellowpages.com/des-moines-ia/,Yellow Pages Des Moines trade listings,2026-10-01
"Team Roofing & Restoration, LLC",directory,https://www.yellowpages.com/des-moines-ia/,Yellow Pages Des Moines trade listings,2026-10-01
Apple Roofing,directory,https://www.yellowpages.com/des-moines-ia/,Yellow Pages Des Moines trade listings,2026-10-01
Mucu's Exteriors,directory,https://www.yellowpages.com/des-moines-ia/,Yellow Pages Des Moines trade listings,2026-10-01
Mighty Dog Roofing of Greater Des Moines,directory,https://www.yellowpages.com/des-moines-ia/,Yellow Pages Des Moines trade listings,2026-10-01
Premier Roofing,directory,https://www.yellowpages.com/des-moines-ia/,Yellow Pages Des Moines trade listings,2026-10-01
Waddle Exteriors & Roofing,directory,https://www.yellowpages.com/des-moines-ia/,Yellow Pages Des Moines trade listings,2026-10-01
Iowa - Shamrock Roofing and Construction,directory,https://www.yellowpages.com/des-moines-ia/,Yellow Pages Des Moines trade listings,2026-10-01
"LoveOurRoof - Des Moines, IA",directory,https://www.yellowpages.com/des-moines-ia/,Yellow Pages Des Moines trade listings,2026-10-01
Aspen Contracting Inc,directory,https://www.yellowpages.com/des-moines-ia/,Yellow Pages Des Moines trade listings,2026-10-01
Walter Roofing Co,directory,https://www.yellowpages.com/des-moines-ia/,Yellow Pages Des Moines trade listings,2026-10-01
"Heartland Roofing, Siding and Windows",directory,https://www.yellowpages.com/des-moines-ia/,Yellow Pages Des Moines trade listings,2026-10-01
Allure Roofing & Construction,directory,https://www.yellowpages.com/des-moines-ia/,Yellow Pages Des Moines trade listings,2026-10-01
Timeproofusa,directory,https://www.yellowpages.com/des-moines-ia/,Yellow Pages Des Moines trade listings,2026-10-01
Smart Home Exteriors - Roofing,directory,https://www.yellowpages.com/des-moines-ia/,Yellow Pages Des Moines trade listings,2026-10-01
Xtreme Roofing & Siding,directory,https://www.yellowpages.com/des-moines-ia/,Yellow Pages Des Moines trade listings,2026-10-01
Roofing Experts,directory,https://www.yellowpages.com/des-moines-ia/,Yellow Pages Des Moines trade listings,2026-10-01
Wagoner Roofing,directory,https://www.yellowpages.com/des-moines-ia/,Yellow Pages Des Moines trade listings,2026-10-01
Ridge Top Exteriors,directory,https://www.yellowpages.com/des-moines-ia/,Yellow Pages Des Moines trade listings,2026-10-01
Iowa Legends Roofing & Remodeling,directory,https://www.yellowpages.com/des-moines-ia/,Yellow Pages Des Moines trade listings,2026-10-01
Erie Home Roofing,directory,https://www.yellowpages.com/des-moines-ia/,Yellow Pages Des Moines trade listings,2026-10-01
Genesis Roofing,directory,https://www.yellowpages.com/des-moines-ia/,Yellow Pages Des Moines trade listings,2026-10-01
Gallon Plumbing,directory,https://www.yellowpages.com/des-moines-ia/,Yellow Pages Des Moines trade listings,2026-10-01
Bob's Septic Tanks & Portable Restroom Service,directory,https://www.yellowpages.com/des-moines-ia/,Yellow Pages Des Moines trade listings,2026-10-01
Rogers Septic Maintenance & Repair,directory,https://www.yellowpages.com/des-moines-ia/,Yellow Pages Des Moines trade listings,2026-10-01
AJ Plumbing,directory,https://www.yellowpages.com/des-moines-ia/,Yellow Pages Des Moines trade listings,2026-10-01
Greenwood's Sewer Service,directory,https://www.yellowpages.com/des-moines-ia/,Yellow Pages Des Moines trade listings,2026-10-01
Thomas Bros Septic Tank Service,directory,https://www.yellowpages.com/des-moines-ia/,Yellow Pages Des Moines trade listings,2026-10-01
Bobs Septic,directory,https://www.yellowpages.com/des-moines-ia/,Yellow Pages Des Moines trade listings,2026-10-01
Bob's Septic Tank & Mobile Toilet,directory,https://www.yellowpages.com/des-moines-ia/,Yellow Pages Des Moines trade listings,2026-10-01
Lockwood Lynesy,directory,https://www.yellowpages.com/des-moines-ia/,Yellow Pages Des Moines trade listings,2026-10-01
Johnson Excavating,directory,https://www.yellowpages.com/des-moines-ia/,Yellow Pages Des Moines trade listings,2026-10-01
Lister Industries,directory,https://www.yellowpages.com/des-moines-ia/,Yellow Pages Des Moines trade listings,2026-10-01
Varied Construction Services,directory,https://www.yellowpages.com/des-moines-ia/,Yellow Pages Des Moines trade listings,2026-10-01
Onsite Waste Water Tech,directory,https://www.yellowpages.com/des-moines-ia/,Yellow Pages Des Moines trade listings,2026-10-01
Best Environmental Pumping Svc,directory,https://www.yellowpages.com/des-moines-ia/,Yellow Pages Des Moines trade listings,2026-10-01
Forest Septic Environmental Services LLC,directory,https://www.yellowpages.com/des-moines-ia/,Yellow Pages Des Moines trade listings,2026-10-01
River to River Onsight Septic Solutions,directory,https://www.yellowpages.com/des-moines-ia/,Yellow Pages Des Moines trade listings,2026-10-01
Rd McKinney Plumbing Excavating,directory,https://www.yellowpages.com/des-moines-ia/,Yellow Pages Des Moines trade listings,2026-10-01
Forest Septic Tank Service,directory,https://www.yellowpages.com/des-moines-ia/,Yellow Pages Des Moines trade listings,2026-10-01
Vanderpool Quality Septic Tanks,directory,https://www.yellowpages.com/des-moines-ia/,Yellow Pages Des Moines trade listings,2026-10-01
Bedwell Mechanical & Excavation,directory,https://www.yellowpages.com/des-moines-ia/,Yellow Pages Des Moines trade listings,2026-10-01
Davis Septic Tank Service,directory,https://www.yellowpages.com/des-moines-ia/,Yellow Pages Des Moines trade listings,2026-10-01
Robinson Septic Tank Service,directory,https://www.yellowpages.com/des-moines-ia/,Yellow Pages Des Moines trade listings,2026-10-01
Forest Septic Tank Service,directory,https://www.yellowpages.com/des-moines-ia/,Yellow Pages Des Moines trade listings,2026-10-01
Rogers Septic Maintenance & Repair,directory,https://www.yellowpages.com/des-moines-ia/,Yellow Pages Des Moines trade listings,2026-10-01
Air Management Supply Inc,directory,https://www.yellowpages.com/des-moines-ia/,Yellow Pages Des Moines trade listings,2026-10-01
Des Moines Restorations,directory,https://www.yellowpages.com/des-moines-ia/,Yellow Pages Des Moines trade listings,2026-10-01
Sheet Metal Workers International Association,directory,https://www.yellowpages.com/des-moines-ia/,Yellow Pages Des Moines trade listings,2026-10-01
Marick Inc.,directory,https://www.yellowpages.com/des-moines-ia/,Yellow Pages Des Moines trade listings,2026-10-01
Willis Sheet Metal Co,directory,https://www.yellowpages.com/des-moines-ia/,Yellow Pages Des Moines trade listings,2026-10-01
Sheet Metal Engineering,directory,https://www.yellowpages.com/des-moines-ia/,Yellow Pages Des Moines trade listings,2026-10-01
The Iron Works LTD.,directory,https://www.yellowpages.com/des-moines-ia/,Yellow Pages Des Moines trade listings,2026-10-01
Des Moines Portable Welding,directory,https://www.yellowpages.com/des-moines-ia/,Yellow Pages Des Moines trade listings,2026-10-01
Comfort Systems Inc,directory,https://www.yellowpages.com/des-moines-ia/,Yellow Pages Des Moines trade listings,2026-10-01
Wood Roofing Company Inc and Sheet Metal,directory,https://www.yellowpages.com/des-moines-ia/,Yellow Pages Des Moines trade listings,2026-10-01
"Corn States Metal Fabricators, Inc.",directory,https://www.yellowpages.com/des-moines-ia/,Yellow Pages Des Moines trade listings,2026-10-01
Sheet Metal Contractors of Iowa,directory,https://www.yellowpages.com/des-moines-ia/,Yellow Pages Des Moines trade listings,2026-10-01
Premier Plus,directory,https://www.yellowpages.com/des-moines-ia/,Yellow Pages Des Moines trade listings,2026-10-01
Ackelson Sheet Metal Inc,directory,https://www.yellowpages.com/des-moines-ia/,Yellow Pages Des Moines trade listings,2026-10-01
Summit Products Inc,directory,https://www.yellowpages.com/des-moines-ia/,Yellow Pages Des Moines trade listings,2026-10-01
Berglund Sheet Metal,directory,https://www.yellowpages.com/des-moines-ia/,Yellow Pages Des Moines trade listings,2026-10-01
Proctor Mechanical Corp,directory,https://www.yellowpages.com/des-moines-ia/,Yellow Pages Des Moines trade listings,2026-10-01
Wsm Industries,directory,https://www.yellowpages.com/des-moines-ia/,Yellow Pages Des Moines trade listings,2026-10-01
Trustedone Home Solutions,directory,https://www.yellowpages.com/des-moines-ia/,Yellow Pages Des Moines trade listings,2026-10-01
Indianola Sheet Metal & Fabrication,directory,https://www.yellowpages.com/des-moines-ia/,Yellow Pages Des Moines trade listings,2026-10-01
Allstate Gutter & Siding,directory,https://www.yellowpages.com/des-moines-ia/,Yellow Pages Des Moines trade listings,2026-10-01
Allstate Gutter & Siding,directory,https://www.yellowpages.com/des-moines-ia/,Yellow Pages Des Moines trade listings,2026-10-01
Lastime Exteriors,directory,https://www.yellowpages.com/des-moines-ia/,Yellow Pages Des Moines trade listings,2026-10-01
Allstate Gutter & Siding,directory,https://www.yellowpages.com/des-moines-ia/,Yellow Pages Des Moines trade listings,2026-10-01
Ken Siding,directory,https://www.yellowpages.com/des-moines-ia/,Yellow Pages Des Moines trade listings,2026-10-01
Mark's Siding,directory,https://www.yellowpages.com/des-moines-ia/,Yellow Pages Des Moines trade listings,2026-10-01
Exteriors Plus,directory,https://www.yellowpages.com/des-moines-ia/,Yellow Pages Des Moines trade listings,2026-10-01
Capital City Siding & Windows,directory,https://www.yellowpages.com/des-moines-ia/,Yellow Pages Des Moines trade listings,2026-10-01
Midwest Builders Iowa,directory,https://www.yellowpages.com/des-moines-ia/,Yellow Pages Des Moines trade listings,2026-10-01
Superior Siding and Window Systems,directory,https://www.yellowpages.com/des-moines-ia/,Yellow Pages Des Moines trade listings,2026-10-01
Newstart Construction,directory,https://www.yellowpages.com/des-moines-ia/,Yellow Pages Des Moines trade listings,2026-10-01
GAITAN SIDING LLC,directory,https://www.yellowpages.com/des-moines-ia/,Yellow Pages Des Moines trade listings,2026-10-01
Siding Guy,directory,https://www.yellowpages.com/des-moines-ia/,Yellow Pages Des Moines trade listings,2026-10-01
Affordable Contracting,directory,https://www.yellowpages.com/des-moines-ia/,Yellow Pages Des Moines trade listings,2026-10-01
DW Siding and Construction,directory,https://www.yellowpages.com/des-moines-ia/,Yellow Pages Des Moines trade listings,2026-10-01
"CPE Siding, Inc.",directory,https://www.yellowpages.com/des-moines-ia/,Yellow Pages Des Moines trade listings,2026-10-01
RR Siding and Construction,directory,https://www.yellowpages.com/des-moines-ia/,Yellow Pages Des Moines trade listings,2026-10-01
Midwest Seamless Vinyl Siding Inc,directory,https://www.yellowpages.com/des-moines-ia/,Yellow Pages Des Moines trade listings,2026-10-01
Hedberg & Son Roofing,directory,https://www.yellowpages.com/des-moines-ia/,Yellow Pages Des Moines trade listings,2026-10-01
Killians Custom Metal Roofing & Panel,directory,https://www.yellowpages.com/des-moines-ia/,Yellow Pages Des Moines trade listings,2026-10-01
Bob's Painting & Home Repair,directory,https://www.yellowpages.com/des-moines-ia/,Yellow Pages Des Moines trade listings,2026-10-01
Window World of Des Moines,directory,https://www.yellowpages.com/des-moines-ia/,Yellow Pages Des Moines trade listings,2026-10-01
Miller Construction,directory,https://www.yellowpages.com/des-moines-ia/,Yellow Pages Des Moines trade listings,2026-10-01
Heuermann L L Siding & Insulation,directory,https://www.yellowpages.com/des-moines-ia/,Yellow Pages Des Moines trade listings,2026-10-01
Smart Roofing LLC,directory,https://www.yellowpages.com/des-moines-ia/,Yellow Pages Des Moines trade listings,2026-10-01
"Action Roofing & Construction, Inc.",directory,https://www.yellowpages.com/des-moines-ia/,Yellow Pages Des Moines trade listings,2026-10-01
Andrew's Roofing Company,directory,https://www.yellowpages.com/des-moines-ia/,Yellow Pages Des Moines trade listings,2026-10-01
"Aspen Contracting, Inc.",directory,https://www.yellowpages.com/des-moines-ia/,Yellow Pages Des Moines trade listings,2026-10-01
Mos Custom Construction,directory,https://www.yellowpages.com/des-moines-ia/,Yellow Pages Des Moines trade listings,2026-10-01
Recon Roofing & Construction,directory,https://www.yellowpages.com/des-moines-ia/,Yellow Pages Des Moines trade listings,2026-10-01
Allstate Gutter & Siding,directory,https://www.yellowpages.com/des-moines-ia/,Yellow Pages Des Moines trade listings,2026-10-01
Lastime Exteriors,directory,https://www.yellowpages.com/des-moines-ia/,Yellow Pages Des Moines trade listings,2026-10-01
Lastime Exteriors,directory,https://www.yellowpages.com/des-moines-ia/,Yellow Pages Des Moines trade listings,2026-10-01
AFFORDABLE ROOFING AND EXTERIORS INC,directory,https://www.yellowpages.com/des-moines-ia/,Yellow Pages Des Moines trade listings,2026-10-01
Hartman Construction & Remodeling,directory,https://www.yellowpages.com/des-moines-ia/,Yellow Pages Des Moines trade listings,2026-10-01
Trusted Roofing and Exteriors,directory,https://www.yellowpages.com/des-moines-ia/,Yellow Pages Des Moines trade listings,2026-10-01
Ultimate Exteriors,directory,https://www.yellowpages.com/des-moines-ia/,Yellow Pages Des Moines trade listings,2026-10-01
KBS Remodeling & Restoration,directory,https://www.yellowpages.com/des-moines-ia/,Yellow Pages Des Moines trade listings,2026-10-01
Insulation Plus,directory,https://www.yellowpages.com/des-moines-ia/,Yellow Pages Des Moines trade listings,2026-10-01
Affordable Roofing & Exteriors Inc,directory,https://www.yellowpages.com/des-moines-ia/,Yellow Pages Des Moines trade listings,2026-10-01
AAA Roofing,directory,https://www.yellowpages.com/des-moines-ia/,Yellow Pages Des Moines trade listings,2026-10-01
Roof Depot,directory,https://www.yellowpages.com/des-moines-ia/,Yellow Pages Des Moines trade listings,2026-10-01
Mid States Exteriors,directory,https://www.yellowpages.com/des-moines-ia/,Yellow Pages Des Moines trade listings,2026-10-01
Miller Siding and Window Installers,directory,https://www.yellowpages.com/des-moines-ia/,Yellow Pages Des Moines trade listings,2026-10-01
Van Weelden Company,directory,https://www.yellowpages.com/des-moines-ia/,Yellow Pages Des Moines trade listings,2026-10-01
JAX Carpentry & Cleaning Services,directory,https://www.yellowpages.com/des-moines-ia/,Yellow Pages Des Moines trade listings,2026-10-01
Professional Home Improvement,directory,https://www.yellowpages.com/des-moines-ia/,Yellow Pages Des Moines trade listings,2026-10-01
Jose Construction,directory,https://www.yellowpages.com/des-moines-ia/,Yellow Pages Des Moines trade listings,2026-10-01
Bean Construction,directory,https://www.yellowpages.com/des-moines-ia/,Yellow Pages Des Moines trade listings,2026-10-01
Hammerhead Construction,directory,https://www.yellowpages.com/des-moines-ia/,Yellow Pages Des Moines trade listings,2026-10-01
Cleghorn Home Exteriors Inc,directory,https://www.yellowpages.com/des-moines-ia/,Yellow Pages Des Moines trade listings,2026-10-01
Windows By Midwest,directory,https://www.yellowpages.com/des-moines-ia/,Yellow Pages Des Moines trade listings,2026-10-01
Eagle Construction Co,directory,https://www.yellowpages.com/des-moines-ia/,Yellow Pages Des Moines trade listings,2026-10-01
JEM Home Improvements,directory,https://www.yellowpages.com/des-moines-ia/,Yellow Pages Des Moines trade listings,2026-10-01
Advanced Renovators,directory,https://www.yellowpages.com/des-moines-ia/,Yellow Pages Des Moines trade listings,2026-10-01
Wildcat Roofing & Construction,directory,https://www.yellowpages.com/des-moines-ia/,Yellow Pages Des Moines trade listings,2026-10-01
DSM Exteriors LLC,directory,https://www.yellowpages.com/des-moines-ia/,Yellow Pages Des Moines trade listings,2026-10-01
Farm & Home Builders Inc,directory,https://www.yellowpages.com/des-moines-ia/,Yellow Pages Des Moines trade listings,2026-10-01
Midwest Construction & Supply,directory,https://www.yellowpages.com/des-moines-ia/,Yellow Pages Des Moines trade listings,2026-10-01
Right Roofing & Siding,directory,https://www.yellowpages.com/des-moines-ia/,Yellow Pages Des Moines trade listings,2026-10-01
Burch Better Homes,directory,https://www.yellowpages.com/des-moines-ia/,Yellow Pages Des Moines trade listings,2026-10-01
Noe Construction,directory,https://www.yellowpages.com/des-moines-ia/,Yellow Pages Des Moines trade listings,2026-10-01
Options Exteriors,directory,https://www.yellowpages.com/des-moines-ia/,Yellow Pages Des Moines trade listings,2026-10-01
Superior Siding & Window Systems,directory,https://www.yellowpages.com/des-moines-ia/,Yellow Pages Des Moines trade listings,2026-10-01
Seamless Exterior,directory,https://www.yellowpages.com/des-moines-ia/,Yellow Pages Des Moines trade listings,2026-10-01
Haggerty Windows & Siding,directory,https://www.yellowpages.com/des-moines-ia/,Yellow Pages Des Moines trade listings,2026-10-01
Omni Exteriors,directory,https://www.yellowpages.com/des-moines-ia/,Yellow Pages Des Moines trade listings,2026-10-01
Homeview Exteriors,directory,https://www.yellowpages.com/des-moines-ia/,Yellow Pages Des Moines trade listings,2026-10-01
Right Roofing & Siding,directory,https://www.yellowpages.com/des-moines-ia/,Yellow Pages Des Moines trade listings,2026-10-01
American Building Centers,directory,https://www.yellowpages.com/des-moines-ia/,Yellow Pages Des Moines trade listings,2026-10-01
Bond Enterprises,directory,https://www.yellowpages.com/des-moines-ia/,Yellow Pages Des Moines trade listings,2026-10-01
General Siding Supply,directory,https://www.yellowpages.com/des-moines-ia/,Yellow Pages Des Moines trade listings,2026-10-01
A-Plus Siding,directory,https://www.yellowpages.com/des-moines-ia/,Yellow Pages Des Moines trade listings,2026-10-01
DW Siding and Construction,directory,https://www.yellowpages.com/des-moines-ia/,Yellow Pages Des Moines trade listings,2026-10-01
Midwest Builders of Iowa,directory,https://www.yellowpages.com/des-moines-ia/,Yellow Pages Des Moines trade listings,2026-10-01
Contractor Services of Iowa,directory,https://www.yellowpages.com/des-moines-ia/,Yellow Pages Des Moines trade listings,2026-10-01
Iowa Lumber & Construction Showroom,directory,https://www.yellowpages.com/des-moines-ia/,Yellow Pages Des Moines trade listings,2026-10-01
Mucu's Exteriors,directory,https://www.yellowpages.com/des-moines-ia/,Yellow Pages Des Moines trade listings,2026-10-01
"LoveOurRoof, an Xcel Company",directory,https://www.yellowpages.com/des-moines-ia/,Yellow Pages Des Moines trade listings,2026-10-01
Buresh Home Solutions,directory,https://www.yellowpages.com/des-moines-ia/,Yellow Pages Des Moines trade listings,2026-10-01
Haggerty Windows And Siding,directory,https://www.yellowpages.com/des-moines-ia/,Yellow Pages Des Moines trade listings,2026-10-01
Busy Builders,directory,https://www.yellowpages.com/des-moines-ia/,Yellow Pages Des Moines trade listings,2026-10-01
Hedrick Construction Inc,directory,https://www.yellowpages.com/des-moines-ia/,Yellow Pages Des Moines trade listings,2026-10-01
Rooftopper Exteriors,directory,https://www.yellowpages.com/des-moines-ia/,Yellow Pages Des Moines trade listings,2026-10-01
AFFORDABLE EXTERIORS LLC,directory,https://www.yellowpages.com/des-moines-ia/,Yellow Pages Des Moines trade listings,2026-10-01
Citywide Insulation Inc,directory,https://www.yellowpages.com/des-moines-ia/,Yellow Pages Des Moines trade listings,2026-10-01
Americas Best Choice Windows & More,directory,https://www.yellowpages.com/des-moines-ia/,Yellow Pages Des Moines trade listings,2026-10-01
Walter Roofing Co,directory,https://www.yellowpages.com/des-moines-ia/,Yellow Pages Des Moines trade listings,2026-10-01
"Heartland Roofing, Siding and Windows",directory,https://www.yellowpages.com/des-moines-ia/,Yellow Pages Des Moines trade listings,2026-10-01
Allure Roofing & Construction,directory,https://www.yellowpages.com/des-moines-ia/,Yellow Pages Des Moines trade listings,2026-10-01
Iowa Home Exteriors,directory,https://www.yellowpages.com/des-moines-ia/,Yellow Pages Des Moines trade listings,2026-10-01
A New Look Exteriors,directory,https://www.yellowpages.com/des-moines-ia/,Yellow Pages Des Moines trade listings,2026-10-01
Xtreme Roofing & Siding,directory,https://www.yellowpages.com/des-moines-ia/,Yellow Pages Des Moines trade listings,2026-10-01
Wagoner Roofing,directory,https://www.yellowpages.com/des-moines-ia/,Yellow Pages Des Moines trade listings,2026-10-01
Sunroom Escapes,directory,https://www.yellowpages.com/des-moines-ia/,Yellow Pages Des Moines trade listings,2026-10-01
Waddle Exteriors & Roofing,directory,https://www.yellowpages.com/des-moines-ia/,Yellow Pages Des Moines trade listings,2026-10-01
Iowa Legends Roofing & Remodeling,directory,https://www.yellowpages.com/des-moines-ia/,Yellow Pages Des Moines trade listings,2026-10-01
Dewit Construction & Remodeling,directory,https://www.yellowpages.com/des-moines-ia/,Yellow Pages Des Moines trade listings,2026-10-01
Premier Exteriors & Repair,directory,https://www.yellowpages.com/des-moines-ia/,Yellow Pages Des Moines trade listings,2026-10-01
Roofsmart,directory,https://www.yellowpages.com/des-moines-ia/,Yellow Pages Des Moines trade listings,2026-10-01
Lastime Roofing-Siding-Gutters,directory,https://www.yellowpages.com/des-moines-ia/,Yellow Pages Des Moines trade listings,2026-10-01
Lastime Roofing and A Lot More,directory,https://www.yellowpages.com/des-moines-ia/,Yellow Pages Des Moines trade listings,2026-10-01
Contractors Group Inc,directory,https://www.yellowpages.com/des-moines-ia/,Yellow Pages Des Moines trade listings,2026-10-01
Titan Roofing and Exteriors,directory,https://www.yellowpages.com/des-moines-ia/,Yellow Pages Des Moines trade listings,2026-10-01
Happy Roof,directory,https://www.yellowpages.com/des-moines-ia/,Yellow Pages Des Moines trade listings,2026-10-01
Diamond Ridge Construction,directory,https://www.yellowpages.com/des-moines-ia/,Yellow Pages Des Moines trade listings,2026-10-01
Midwest Seamless Siding & Windows,directory,https://www.yellowpages.com/des-moines-ia/,Yellow Pages Des Moines trade listings,2026-10-01
Revived Interiors,directory,https://www.yellowpages.com/des-moines-ia/,Yellow Pages Des Moines trade listings,2026-10-01
Weather Ready Exteriors,directory,https://www.yellowpages.com/des-moines-ia/,Yellow Pages Des Moines trade listings,2026-10-01
Hutch Unlimited,directory,https://www.yellowpages.com/des-moines-ia/,Yellow Pages Des Moines trade listings,2026-10-01
K Squared Services,directory,https://www.yellowpages.com/des-moines-ia/,Yellow Pages Des Moines trade listings,2026-10-01
Nu-Vu Windows and Siding,directory,https://www.yellowpages.com/des-moines-ia/,Yellow Pages Des Moines trade listings,2026-10-01
Blackstone Exteriors,directory,https://www.yellowpages.com/des-moines-ia/,Yellow Pages Des Moines trade listings,2026-10-01
Brincks Exteriors,directory,https://www.yellowpages.com/des-moines-ia/,Yellow Pages Des Moines trade listings,2026-10-01
C O Installations & Repair,directory,https://www.yellowpages.com/des-moines-ia/,Yellow Pages Des Moines trade listings,2026-10-01
A-1 Beck Construction,directory,https://www.yellowpages.com/des-moines-ia/,Yellow Pages Des Moines trade listings,2026-10-01
Superstorm Restoration,directory,https://www.yellowpages.com/des-moines-ia/,Yellow Pages Des Moines trade listings,2026-10-01
Choice 1 Construction,directory,https://www.yellowpages.com/des-moines-ia/,Yellow Pages Des Moines trade listings,2026-10-01
Bolt Construction Inc,directory,https://www.yellowpages.com/des-moines-ia/,Yellow Pages Des Moines trade listings,2026-10-01
Windows Doors & More Inc,directory,https://www.yellowpages.com/des-moines-ia/,Yellow Pages Des Moines trade listings,2026-10-01
Celebration Worship Center,directory,https://www.yellowpages.com/des-moines-ia/,Yellow Pages Des Moines trade listings,2026-10-01
Americas Best Choice Windows and More,directory,https://www.yellowpages.com/des-moines-ia/,Yellow Pages Des Moines trade listings,2026-10-01
Clear Choice Exteriors,directory,https://www.yellowpages.com/des-moines-ia/,Yellow Pages Des Moines trade listings,2026-10-01
Clear Choice USA,directory,https://www.yellowpages.com/des-moines-ia/,Yellow Pages Des Moines trade listings,2026-10-01
Mid State Exteriors,directory,https://www.yellowpages.com/des-moines-ia/,Yellow Pages Des Moines trade listings,2026-10-01
Comfort and Shelter Construction,directory,https://www.yellowpages.com/des-moines-ia/,Yellow Pages Des Moines trade listings,2026-10-01
TMJ Construction Grimes,directory,https://www.yellowpages.com/des-moines-ia/,Yellow Pages Des Moines trade listings,2026-10-01
American Exteriors,directory,https://www.yellowpages.com/des-moines-ia/,Yellow Pages Des Moines trade listings,2026-10-01
T D Roofing,directory,https://www.yellowpages.com/des-moines-ia/,Yellow Pages Des Moines trade listings,2026-10-01
Schmidt Brothers Roofing LLC,directory,https://www.yellowpages.com/des-moines-ia/,Yellow Pages Des Moines trade listings,2026-10-01
Home By Home Exteriors & More,directory,https://www.yellowpages.com/des-moines-ia/,Yellow Pages Des Moines trade listings,2026-10-01
D V Construction,directory,https://www.yellowpages.com/des-moines-ia/,Yellow Pages Des Moines trade listings,2026-10-01
Spruce Exteriors,directory,https://www.yellowpages.com/des-moines-ia/,Yellow Pages Des Moines trade listings,2026-10-01
Nu Vu Builders Inc,directory,https://www.yellowpages.com/des-moines-ia/,Yellow Pages Des Moines trade listings,2026-10-01
Castle Pointe Homes,directory,https://www.yellowpages.com/des-moines-ia/,Yellow Pages Des Moines trade listings,2026-10-01
Genesis Roofing,directory,https://www.yellowpages.com/des-moines-ia/,Yellow Pages Des Moines trade listings,2026-10-01
Midwest Damage Assessments Inc,directory,https://www.yellowpages.com/des-moines-ia/,Yellow Pages Des Moines trade listings,2026-10-01
Alliance Roofing & Restoration,directory,https://www.yellowpages.com/des-moines-ia/,Yellow Pages Des Moines trade listings,2026-10-01
Davis Siding & Window,directory,https://www.yellowpages.com/des-moines-ia/,Yellow Pages Des Moines trade listings,2026-10-01
DeWild Construction LLC,directory,https://www.yellowpages.com/des-moines-ia/,Yellow Pages Des Moines trade listings,2026-10-01
Alliance Exteriors,directory,https://www.yellowpages.com/des-moines-ia/,Yellow Pages Des Moines trade listings,2026-10-01
Gutters & More,directory,https://www.yellowpages.com/des-moines-ia/,Yellow Pages Des Moines trade listings,2026-10-01
Cox Design & Metal Fabrication,directory,https://www.yellowpages.com/des-moines-ia/,Yellow Pages Des Moines trade listings,2026-10-01
Exterior Sheet Metal Inc,directory,https://www.yellowpages.com/des-moines-ia/,Yellow Pages Des Moines trade listings,2026-10-01
PDM Steel Service Center,directory,https://www.yellowpages.com/des-moines-ia/,Yellow Pages Des Moines trade listings,2026-10-01
National Steel Service Center Subsidiary of Nation,directory,https://www.yellowpages.com/des-moines-ia/,Yellow Pages Des Moines trade listings,2026-10-01
Aurora Industries Inc,directory,https://www.yellowpages.com/des-moines-ia/,Yellow Pages Des Moines trade listings,2026-10-01
Marick Inc.,directory,https://www.yellowpages.com/des-moines-ia/,Yellow Pages Des Moines trade listings,2026-10-01
The Iron Works LTD.,directory,https://www.yellowpages.com/des-moines-ia/,Yellow Pages Des Moines trade listings,2026-10-01
3e,directory,https://www.yellowpages.com/des-moines-ia/,Yellow Pages Des Moines trade listings,2026-10-01
Koenig Engineering & Machine,directory,https://www.yellowpages.com/des-moines-ia/,Yellow Pages Des Moines trade listings,2026-10-01
Des Moines Portable Welding,directory,https://www.yellowpages.com/des-moines-ia/,Yellow Pages Des Moines trade listings,2026-10-01
Central Wire & Iron Works,directory,https://www.yellowpages.com/des-moines-ia/,Yellow Pages Des Moines trade listings,2026-10-01
Des Moines Metal Fabricating,directory,https://www.yellowpages.com/des-moines-ia/,Yellow Pages Des Moines trade listings,2026-10-01
Cox Design & Metal Fabrication,directory,https://www.yellowpages.com/des-moines-ia/,Yellow Pages Des Moines trade listings,2026-10-01
Ackelson Sheet Metal Inc,directory,https://www.yellowpages.com/des-moines-ia/,Yellow Pages Des Moines trade listings,2026-10-01
Kluesner's Portable Welding,directory,https://www.yellowpages.com/des-moines-ia/,Yellow Pages Des Moines trade listings,2026-10-01
Hawk Metal Products,directory,https://www.yellowpages.com/des-moines-ia/,Yellow Pages Des Moines trade listings,2026-10-01
Chicago Bridge & Iron Co,directory,https://www.yellowpages.com/des-moines-ia/,Yellow Pages Des Moines trade listings,2026-10-01
McDermott International,directory,https://www.yellowpages.com/des-moines-ia/,Yellow Pages Des Moines trade listings,2026-10-01
Iowa Elevator Systems & Service Inc,directory,https://www.yellowpages.com/des-moines-ia/,Yellow Pages Des Moines trade listings,2026-10-01
Exterior Sheet Metal Inc,directory,https://www.yellowpages.com/des-moines-ia/,Yellow Pages Des Moines trade listings,2026-10-01
Forge Manufacturing Solutions,directory,https://www.yellowpages.com/des-moines-ia/,Yellow Pages Des Moines trade listings,2026-10-01
Custom Steel Builders Inc,directory,https://www.yellowpages.com/des-moines-ia/,Yellow Pages Des Moines trade listings,2026-10-01
Lyall Labor,directory,https://www.yellowpages.com/des-moines-ia/,Yellow Pages Des Moines trade listings,2026-10-01
David Bear Inc,directory,https://www.yellowpages.com/des-moines-ia/,Yellow Pages Des Moines trade listings,2026-10-01
Powdered Metal Products,directory,https://www.yellowpages.com/des-moines-ia/,Yellow Pages Des Moines trade listings,2026-10-01
McA Metal Fabrication,directory,https://www.yellowpages.com/des-moines-ia/,Yellow Pages Des Moines trade listings,2026-10-01
Middle River Steel,directory,https://www.yellowpages.com/des-moines-ia/,Yellow Pages Des Moines trade listings,2026-10-01
Ambassador Steel Corp,directory,https://www.yellowpages.com/des-moines-ia/,Yellow Pages Des Moines trade listings,2026-10-01
Merican Metal,directory,https://www.yellowpages.com/des-moines-ia/,Yellow Pages Des Moines trade listings,2026-10-01
Controlled Chaos Arms,directory,https://www.yellowpages.com/des-moines-ia/,Yellow Pages Des Moines trade listings,2026-10-01
Parker Welding & Fabrication,directory,https://www.yellowpages.com/des-moines-ia/,Yellow Pages Des Moines trade listings,2026-10-01
Exterior Sheet Metal Inc,directory,https://www.yellowpages.com/des-moines-ia/,Yellow Pages Des Moines trade listings,2026-10-01
Cox Design & Metal Fabrication,directory,https://www.yellowpages.com/des-moines-ia/,Yellow Pages Des Moines trade listings,2026-10-01
Advanced Machine & Fabrication,directory,https://www.yellowpages.com/des-moines-ia/,Yellow Pages Des Moines trade listings,2026-10-01
Technochem International Inc,directory,https://www.yellowpages.com/des-moines-ia/,Yellow Pages Des Moines trade listings,2026-10-01
Nucor Rebar Fabrication,directory,https://www.yellowpages.com/des-moines-ia/,Yellow Pages Des Moines trade listings,2026-10-01
"Custom Steel Service, Inc.",directory,https://www.yellowpages.com/des-moines-ia/,Yellow Pages Des Moines trade listings,2026-10-01
Pitts Lawn & Tree Service,directory,https://www.yellowpages.com/des-moines-ia/,Yellow Pages Des Moines trade listings,2026-10-01
Pitts Lawn & Tree Service,directory,https://www.yellowpages.com/des-moines-ia/,Yellow Pages Des Moines trade listings,2026-10-01
A Touch Above,directory,https://www.yellowpages.com/des-moines-ia/,Yellow Pages Des Moines trade listings,2026-10-01
The Tree Guy,directory,https://www.yellowpages.com/des-moines-ia/,Yellow Pages Des Moines trade listings,2026-10-01
John's Tree Service,directory,https://www.yellowpages.com/des-moines-ia/,Yellow Pages Des Moines trade listings,2026-10-01
The Tree Network,directory,https://www.yellowpages.com/des-moines-ia/,Yellow Pages Des Moines trade listings,2026-10-01
Central Tree Pros,directory,https://www.yellowpages.com/des-moines-ia/,Yellow Pages Des Moines trade listings,2026-10-01
Lawn & Tree Service,directory,https://www.yellowpages.com/des-moines-ia/,Yellow Pages Des Moines trade listings,2026-10-01
Premium Tree Service,directory,https://www.yellowpages.com/des-moines-ia/,Yellow Pages Des Moines trade listings,2026-10-01
Treehugger Completetree Service,directory,https://www.yellowpages.com/des-moines-ia/,Yellow Pages Des Moines trade listings,2026-10-01
Good Guys Tree Service,directory,https://www.yellowpages.com/des-moines-ia/,Yellow Pages Des Moines trade listings,2026-10-01
Tequila Tree,directory,https://www.yellowpages.com/des-moines-ia/,Yellow Pages Des Moines trade listings,2026-10-01
The Tree Doctor,directory,https://www.yellowpages.com/des-moines-ia/,Yellow Pages Des Moines trade listings,2026-10-01
Oxford Tree Service,directory,https://www.yellowpages.com/des-moines-ia/,Yellow Pages Des Moines trade listings,2026-10-01
Removal Service,directory,https://www.yellowpages.com/des-moines-ia/,Yellow Pages Des Moines trade listings,2026-10-01
J & K Tree Service,directory,https://www.yellowpages.com/des-moines-ia/,Yellow Pages Des Moines trade listings,2026-10-01
Tree Needs,directory,https://www.yellowpages.com/des-moines-ia/,Yellow Pages Des Moines trade listings,2026-10-01
Top Notch Tree Care,directory,https://www.yellowpages.com/des-moines-ia/,Yellow Pages Des Moines trade listings,2026-10-01
Fenimore Bros Tree Service,directory,https://www.yellowpages.com/des-moines-ia/,Yellow Pages Des Moines trade listings,2026-10-01
Ken's Tree Service,directory,https://www.yellowpages.com/des-moines-ia/,Yellow Pages Des Moines trade listings,2026-10-01
Turnbull's Tree Service,directory,https://www.yellowpages.com/des-moines-ia/,Yellow Pages Des Moines trade listings,2026-10-01
Billys Tree Service,directory,https://www.yellowpages.com/des-moines-ia/,Yellow Pages Des Moines trade listings,2026-10-01
Tree Service,directory,https://www.yellowpages.com/des-moines-ia/,Yellow Pages Des Moines trade listings,2026-10-01
Burgett's Tree Service,directory,https://www.yellowpages.com/des-moines-ia/,Yellow Pages Des Moines trade listings,2026-10-01
1st Choice Tree Topping & Trimming Service,directory,https://www.yellowpages.com/des-moines-ia/,Yellow Pages Des Moines trade listings,2026-10-01
The Tree Service,directory,https://www.yellowpages.com/des-moines-ia/,Yellow Pages Des Moines trade listings,2026-10-01
Wright Tree Service,directory,https://www.yellowpages.com/des-moines-ia/,Yellow Pages Des Moines trade listings,2026-10-01
Rons Tree Service,directory,https://www.yellowpages.com/des-moines-ia/,Yellow Pages Des Moines trade listings,2026-10-01
Young's Tree Service,directory,https://www.yellowpages.com/des-moines-ia/,Yellow Pages Des Moines trade listings,2026-10-01
Bennett Tree Service Inc,directory,https://www.yellowpages.com/des-moines-ia/,Yellow Pages Des Moines trade listings,2026-10-01
Pitts Lawn & Tree Service,directory,https://www.yellowpages.com/des-moines-ia/,Yellow Pages Des Moines trade listings,2026-10-01
A Services,directory,https://www.yellowpages.com/des-moines-ia/,Yellow Pages Des Moines trade listings,2026-10-01
Benshoof's Tree Service,directory,https://www.yellowpages.com/des-moines-ia/,Yellow Pages Des Moines trade listings,2026-10-01
Des Moines Tree Service,directory,https://www.yellowpages.com/des-moines-ia/,Yellow Pages Des Moines trade listings,2026-10-01
Fred's Tree Service,directory,https://www.yellowpages.com/des-moines-ia/,Yellow Pages Des Moines trade listings,2026-10-01
Turnbull's Tree Service,directory,https://www.yellowpages.com/des-moines-ia/,Yellow Pages Des Moines trade listings,2026-10-01
Utsler Tree Service LLC,directory,https://www.yellowpages.com/des-moines-ia/,Yellow Pages Des Moines trade listings,2026-10-01
Maier Tree Care,directory,https://www.yellowpages.com/des-moines-ia/,Yellow Pages Des Moines trade listings,2026-10-01
Tree Service,directory,https://www.yellowpages.com/des-moines-ia/,Yellow Pages Des Moines trade listings,2026-10-01
Brian's Tree Service,directory,https://www.yellowpages.com/des-moines-ia/,Yellow Pages Des Moines trade listings,2026-10-01
Tree Needs,directory,https://www.yellowpages.com/des-moines-ia/,Yellow Pages Des Moines trade listings,2026-10-01
Oxford Tree Service,directory,https://www.yellowpages.com/des-moines-ia/,Yellow Pages Des Moines trade listings,2026-10-01
A1 Tree Service,directory,https://www.yellowpages.com/des-moines-ia/,Yellow Pages Des Moines trade listings,2026-10-01
The Stump Doctor,directory,https://www.yellowpages.com/des-moines-ia/,Yellow Pages Des Moines trade listings,2026-10-01
Perficut,directory,https://www.yellowpages.com/des-moines-ia/,Yellow Pages Des Moines trade listings,2026-10-01
Matt's Lawn Care,directory,https://www.yellowpages.com/des-moines-ia/,Yellow Pages Des Moines trade listings,2026-10-01
A Cut Above Tree Service,directory,https://www.yellowpages.com/des-moines-ia/,Yellow Pages Des Moines trade listings,2026-10-01
Timberline Tree Service,directory,https://www.yellowpages.com/des-moines-ia/,Yellow Pages Des Moines trade listings,2026-10-01
Lawn Sculptors,directory,https://www.yellowpages.com/des-moines-ia/,Yellow Pages Des Moines trade listings,2026-10-01
Thomas Handyman,directory,https://www.yellowpages.com/des-moines-ia/,Yellow Pages Des Moines trade listings,2026-10-01
Nodaway Valley Tree Farm,directory,https://www.yellowpages.com/des-moines-ia/,Yellow Pages Des Moines trade listings,2026-10-01
Stumpless Tree Care,directory,https://www.yellowpages.com/des-moines-ia/,Yellow Pages Des Moines trade listings,2026-10-01
Stanfield Tree Svc Of Ankeny,directory,https://www.yellowpages.com/des-moines-ia/,Yellow Pages Des Moines trade listings,2026-10-01
D & S Service,directory,https://www.yellowpages.com/des-moines-ia/,Yellow Pages Des Moines trade listings,2026-10-01
Proscape Inc,directory,https://www.yellowpages.com/des-moines-ia/,Yellow Pages Des Moines trade listings,2026-10-01
A1 Tree Service,directory,https://www.yellowpages.com/des-moines-ia/,Yellow Pages Des Moines trade listings,2026-10-01
Haag Tree Service,directory,https://www.yellowpages.com/des-moines-ia/,Yellow Pages Des Moines trade listings,2026-10-01
The Tree Doctor,directory,https://www.yellowpages.com/des-moines-ia/,Yellow Pages Des Moines trade listings,2026-10-01
Benshoof's Tree Service,directory,https://www.yellowpages.com/des-moines-ia/,Yellow Pages Des Moines trade listings,2026-10-01
Tree Removal Service Des Moines,directory,https://www.yellowpages.com/des-moines-ia/,Yellow Pages Des Moines trade listings,2026-10-01
Dawson Land Improvements,directory,https://www.yellowpages.com/des-moines-ia/,Yellow Pages Des Moines trade listings,2026-10-01
The Family Tree,directory,https://www.yellowpages.com/des-moines-ia/,Yellow Pages Des Moines trade listings,2026-10-01
West Central Tree Service,directory,https://www.yellowpages.com/des-moines-ia/,Yellow Pages Des Moines trade listings,2026-10-01
D&J's Complete Tree Service - Ankeny,directory,https://www.yellowpages.com/des-moines-ia/,Yellow Pages Des Moines trade listings,2026-10-01
Wright Tree Care Co,directory,https://www.yellowpages.com/des-moines-ia/,Yellow Pages Des Moines trade listings,2026-10-01
ArborCare by Kluver,directory,https://www.yellowpages.com/des-moines-ia/,Yellow Pages Des Moines trade listings,2026-10-01
Green Tree Care & Habitat Restoration,directory,https://www.yellowpages.com/des-moines-ia/,Yellow Pages Des Moines trade listings,2026-10-01
Top Notch Tree Service,directory,https://www.yellowpages.com/des-moines-ia/,Yellow Pages Des Moines trade listings,2026-10-01
Spruce Hill Tree Service,directory,https://www.yellowpages.com/des-moines-ia/,Yellow Pages Des Moines trade listings,2026-10-01
Jason's Tree Service,directory,https://www.yellowpages.com/des-moines-ia/,Yellow Pages Des Moines trade listings,2026-10-01
Arborvantage Inc,directory,https://www.yellowpages.com/des-moines-ia/,Yellow Pages Des Moines trade listings,2026-10-01
Trinity Tree Care,directory,https://www.yellowpages.com/des-moines-ia/,Yellow Pages Des Moines trade listings,2026-10-01
Ron's Tree Service,directory,https://www.yellowpages.com/des-moines-ia/,Yellow Pages Des Moines trade listings,2026-10-01
Gary's Tree Service,directory,https://www.yellowpages.com/des-moines-ia/,Yellow Pages Des Moines trade listings,2026-10-01
Everystep Giving Tree,directory,https://www.yellowpages.com/des-moines-ia/,Yellow Pages Des Moines trade listings,2026-10-01
Arborscape Tree Care,directory,https://www.yellowpages.com/des-moines-ia/,Yellow Pages Des Moines trade listings,2026-10-01
Linden Tree Center Inc,directory,https://www.yellowpages.com/des-moines-ia/,Yellow Pages Des Moines trade listings,2026-10-01
ABC Tree,directory,https://www.yellowpages.com/des-moines-ia/,Yellow Pages Des Moines trade listings,2026-10-01
Shade Tree Auto,directory,https://www.yellowpages.com/des-moines-ia/,Yellow Pages Des Moines trade listings,2026-10-01
Reindeer Pass Railroad,directory,https://www.yellowpages.com/des-moines-ia/,Yellow Pages Des Moines trade listings,2026-10-01
Tree House,directory,https://www.yellowpages.com/des-moines-ia/,Yellow Pages Des Moines trade listings,2026-10-01
Rj's Tree Service,directory,https://www.yellowpages.com/des-moines-ia/,Yellow Pages Des Moines trade listings,2026-10-01
Native Legacy Tree-Perennial,directory,https://www.yellowpages.com/des-moines-ia/,Yellow Pages Des Moines trade listings,2026-10-01
Haag Stump Removal,directory,https://www.yellowpages.com/des-moines-ia/,Yellow Pages Des Moines trade listings,2026-10-01
Wright Tree Service Inc,directory,https://www.yellowpages.com/des-moines-ia/,Yellow Pages Des Moines trade listings,2026-10-01
Arborvantage Tree Care,directory,https://www.yellowpages.com/des-moines-ia/,Yellow Pages Des Moines trade listings,2026-10-01
RJ Outdoor Services,directory,https://www.yellowpages.com/des-moines-ia/,Yellow Pages Des Moines trade listings,2026-10-01
Spruce Hill Tree Service,directory,https://www.yellowpages.com/des-moines-ia/,Yellow Pages Des Moines trade listings,2026-10-01
Rj's Tree Service,directory,https://www.yellowpages.com/des-moines-ia/,Yellow Pages Des Moines trade listings,2026-10-01
Perficut Companies Inc.,directory,https://www.yellowpages.com/des-moines-ia/,Yellow Pages Des Moines trade listings,2026-10-01
Stanfield Tree Svc Of Ankeny,directory,https://www.yellowpages.com/des-moines-ia/,Yellow Pages Des Moines trade listings,2026-10-01
D & S Service,directory,https://www.yellowpages.com/des-moines-ia/,Yellow Pages Des Moines trade listings,2026-10-01
Proscape Inc,directory,https://www.yellowpages.com/des-moines-ia/,Yellow Pages Des Moines trade listings,2026-10-01
Top Notch Tree Service,directory,https://www.yellowpages.com/des-moines-ia/,Yellow Pages Des Moines trade listings,2026-10-01
Jason's Tree Service,directory,https://www.yellowpages.com/des-moines-ia/,Yellow Pages Des Moines trade listings,2026-10-01
Arborvantage Inc,directory,https://www.yellowpages.com/des-moines-ia/,Yellow Pages Des Moines trade listings,2026-10-01
Trinity Tree Care,directory,https://www.yellowpages.com/des-moines-ia/,Yellow Pages Des Moines trade listings,2026-10-01
Ron's Tree Service,directory,https://www.yellowpages.com/des-moines-ia/,Yellow Pages Des Moines trade listings,2026-10-01
Gary's Tree Service,directory,https://www.yellowpages.com/des-moines-ia/,Yellow Pages Des Moines trade listings,2026-10-01
Everystep Giving Tree,directory,https://www.yellowpages.com/des-moines-ia/,Yellow Pages Des Moines trade listings,2026-10-01
Arborscape Tree Care,directory,https://www.yellowpages.com/des-moines-ia/,Yellow Pages Des Moines trade listings,2026-10-01
Linden Tree Center Inc,directory,https://www.yellowpages.com/des-moines-ia/,Yellow Pages Des Moines trade listings,2026-10-01
ABC Tree,directory,https://www.yellowpages.com/des-moines-ia/,Yellow Pages Des Moines trade listings,2026-10-01
Shade Tree Auto,directory,https://www.yellowpages.com/des-moines-ia/,Yellow Pages Des Moines trade listings,2026-10-01
Reindeer Pass Railroad,directory,https://www.yellowpages.com/des-moines-ia/,Yellow Pages Des Moines trade listings,2026-10-01
Tree House,directory,https://www.yellowpages.com/des-moines-ia/,Yellow Pages Des Moines trade listings,2026-10-01
Native Legacy Tree-Perennial,directory,https://www.yellowpages.com/des-moines-ia/,Yellow Pages Des Moines trade listings,2026-10-01
Iowa Orchard,directory,https://www.yellowpages.com/des-moines-ia/,Yellow Pages Des Moines trade listings,2026-10-01
Beaver Tree Removal,directory,https://www.yellowpages.com/des-moines-ia/,Yellow Pages Des Moines trade listings,2026-10-01
Lawn Perfection,directory,https://www.yellowpages.com/des-moines-ia/,Yellow Pages Des Moines trade listings,2026-10-01
TruGreen,directory,https://www.yellowpages.com/des-moines-ia/,Yellow Pages Des Moines trade listings,2026-10-01
Daniels Tree Service,directory,https://www.yellowpages.com/des-moines-ia/,Yellow Pages Des Moines trade listings,2026-10-01
Turnbull's Tree Service,directory,https://www.yellowpages.com/des-moines-ia/,Yellow Pages Des Moines trade listings,2026-10-01
Woodchuck Stumps,directory,https://www.yellowpages.com/des-moines-ia/,Yellow Pages Des Moines trade listings,2026-10-01
Turnbull Tree Service,directory,https://www.yellowpages.com/des-moines-ia/,Yellow Pages Des Moines trade listings,2026-10-01
J C's Tree Service,directory,https://www.yellowpages.com/des-moines-ia/,Yellow Pages Des Moines trade listings,2026-10-01
Griffs Stump Grinding and Tree Service,directory,https://www.yellowpages.com/des-moines-ia/,Yellow Pages Des Moines trade listings,2026-10-01
Oxford Lawn & Tree Service1,directory,https://www.yellowpages.com/des-moines-ia/,Yellow Pages Des Moines trade listings,2026-10-01
Jesse's Lawn & Snow,directory,https://www.yellowpages.com/des-moines-ia/,Yellow Pages Des Moines trade listings,2026-10-01
Howell Tree Farm,directory,https://www.yellowpages.com/des-moines-ia/,Yellow Pages Des Moines trade listings,2026-10-01
ABC Rolloff Dumpsters,directory,https://www.yellowpages.com/des-moines-ia/,Yellow Pages Des Moines trade listings,2026-10-01
Quality Services Corporation,directory,https://www.yellowpages.com/des-moines-ia/,Yellow Pages Des Moines trade listings,2026-10-01
United Rentals,directory,https://www.yellowpages.com/des-moines-ia/,Yellow Pages Des Moines trade listings,2026-10-01
ABC Rolloff Dumpsters,directory,https://www.yellowpages.com/des-moines-ia/,Yellow Pages Des Moines trade listings,2026-10-01
Estes Express Lines,directory,https://www.yellowpages.com/des-moines-ia/,Yellow Pages Des Moines trade listings,2026-10-01
A & A Truck and Trailer Repair,directory,https://www.yellowpages.com/des-moines-ia/,Yellow Pages Des Moines trade listings,2026-10-01
Ruan Inc,directory,https://www.yellowpages.com/des-moines-ia/,Yellow Pages Des Moines trade listings,2026-10-01
D B Trucking,directory,https://www.yellowpages.com/des-moines-ia/,Yellow Pages Des Moines trade listings,2026-10-01
Poe Enterprises Inc,directory,https://www.yellowpages.com/des-moines-ia/,Yellow Pages Des Moines trade listings,2026-10-01
Maxim Trucking & Materials Inc.,directory,https://www.yellowpages.com/des-moines-ia/,Yellow Pages Des Moines trade listings,2026-10-01
Rusty Parkins Enterprises Inc,directory,https://www.yellowpages.com/des-moines-ia/,Yellow Pages Des Moines trade listings,2026-10-01
Johnsrud Transport Inc,directory,https://www.yellowpages.com/des-moines-ia/,Yellow Pages Des Moines trade listings,2026-10-01
TForce Freight,directory,https://www.yellowpages.com/des-moines-ia/,Yellow Pages Des Moines trade listings,2026-10-01
ABF Freight System,directory,https://www.yellowpages.com/des-moines-ia/,Yellow Pages Des Moines trade listings,2026-10-01
Sanco Thermo King,directory,https://www.yellowpages.com/des-moines-ia/,Yellow Pages Des Moines trade listings,2026-10-01
Tucker Trucking,directory,https://www.yellowpages.com/des-moines-ia/,Yellow Pages Des Moines trade listings,2026-10-01
"GNA Trucking, L.L.C.",directory,https://www.yellowpages.com/des-moines-ia/,Yellow Pages Des Moines trade listings,2026-10-01
Copeland Trucking,directory,https://www.yellowpages.com/des-moines-ia/,Yellow Pages Des Moines trade listings,2026-10-01
Top Floor Transport,directory,https://www.yellowpages.com/des-moines-ia/,Yellow Pages Des Moines trade listings,2026-10-01
Honest Dispatching,directory,https://www.yellowpages.com/des-moines-ia/,Yellow Pages Des Moines trade listings,2026-10-01
MCS Trucking,directory,https://www.yellowpages.com/des-moines-ia/,Yellow Pages Des Moines trade listings,2026-10-01
Iowa Tanklines Inc,directory,https://www.yellowpages.com/des-moines-ia/,Yellow Pages Des Moines trade listings,2026-10-01
ADM Trucking,directory,https://www.yellowpages.com/des-moines-ia/,Yellow Pages Des Moines trade listings,2026-10-01
"RH Hummer Jr, Inc",directory,https://www.yellowpages.com/des-moines-ia/,Yellow Pages Des Moines trade listings,2026-10-01
Warya Express,directory,https://www.yellowpages.com/des-moines-ia/,Yellow Pages Des Moines trade listings,2026-10-01
Two Bills,directory,https://www.yellowpages.com/des-moines-ia/,Yellow Pages Des Moines trade listings,2026-10-01
Elk Mountain Trucking,directory,https://www.yellowpages.com/des-moines-ia/,Yellow Pages Des Moines trade listings,2026-10-01
Larry Fleck & Son Trucking,directory,https://www.yellowpages.com/des-moines-ia/,Yellow Pages Des Moines trade listings,2026-10-01
Iowa Trucking & Oversize Permits,directory,https://www.yellowpages.com/des-moines-ia/,Yellow Pages Des Moines trade listings,2026-10-01
Freeman Concrete & Hauling Service,directory,https://www.yellowpages.com/des-moines-ia/,Yellow Pages Des Moines trade listings,2026-10-01
Ruan Transportation Management Systems,directory,https://www.yellowpages.com/des-moines-ia/,Yellow Pages Des Moines trade listings,2026-10-01
ABC Rolloff Dumpsters,directory,https://www.yellowpages.com/des-moines-ia/,Yellow Pages Des Moines trade listings,2026-10-01
Poe Enterprises Inc,directory,https://www.yellowpages.com/des-moines-ia/,Yellow Pages Des Moines trade listings,2026-10-01
Maxim Trucking & Materials Inc.,directory,https://www.yellowpages.com/des-moines-ia/,Yellow Pages Des Moines trade listings,2026-10-01
Rusty Parkins Enterprises Inc,directory,https://www.yellowpages.com/des-moines-ia/,Yellow Pages Des Moines trade listings,2026-10-01
Johnsrud Transport Inc,directory,https://www.yellowpages.com/des-moines-ia/,Yellow Pages Des Moines trade listings,2026-10-01
Quality Services Corporation,directory,https://www.yellowpages.com/des-moines-ia/,Yellow Pages Des Moines trade listings,2026-10-01
TForce Freight,directory,https://www.yellowpages.com/des-moines-ia/,Yellow Pages Des Moines trade listings,2026-10-01
United Rentals,directory,https://www.yellowpages.com/des-moines-ia/,Yellow Pages Des Moines trade listings,2026-10-01
ABF Freight System,directory,https://www.yellowpages.com/des-moines-ia/,Yellow Pages Des Moines trade listings,2026-10-01
Sanco Thermo King,directory,https://www.yellowpages.com/des-moines-ia/,Yellow Pages Des Moines trade listings,2026-10-01
Ruan Transportation Management Systems,directory,https://www.yellowpages.com/des-moines-ia/,Yellow Pages Des Moines trade listings,2026-10-01
Bison Transport USA,directory,https://www.yellowpages.com/des-moines-ia/,Yellow Pages Des Moines trade listings,2026-10-01
ADM Trucking,directory,https://www.yellowpages.com/des-moines-ia/,Yellow Pages Des Moines trade listings,2026-10-01
Tucker Trucking,directory,https://www.yellowpages.com/des-moines-ia/,Yellow Pages Des Moines trade listings,2026-10-01
Britton Transport,directory,https://www.yellowpages.com/des-moines-ia/,Yellow Pages Des Moines trade listings,2026-10-01
Thunder Trucking,directory,https://www.yellowpages.com/des-moines-ia/,Yellow Pages Des Moines trade listings,2026-10-01
IMT Transport,directory,https://www.yellowpages.com/des-moines-ia/,Yellow Pages Des Moines trade listings,2026-10-01
Midwest Motor Express Inc,directory,https://www.yellowpages.com/des-moines-ia/,Yellow Pages Des Moines trade listings,2026-10-01
Ruan Transportation Management Systems,directory,https://www.yellowpages.com/des-moines-ia/,Yellow Pages Des Moines trade listings,2026-10-01
TMC Transportation | TMC Training Centers,directory,https://www.yellowpages.com/des-moines-ia/,Yellow Pages Des Moines trade listings,2026-10-01
Goga Trucking,directory,https://www.yellowpages.com/des-moines-ia/,Yellow Pages Des Moines trade listings,2026-10-01
"Twin River Logistics, Inc.",directory,https://www.yellowpages.com/des-moines-ia/,Yellow Pages Des Moines trade listings,2026-10-01
Niece Trucking Inc,directory,https://www.yellowpages.com/des-moines-ia/,Yellow Pages Des Moines trade listings,2026-10-01
Saia LTL Freight,directory,https://www.yellowpages.com/des-moines-ia/,Yellow Pages Des Moines trade listings,2026-10-01
Con-Way Freight,directory,https://www.yellowpages.com/des-moines-ia/,Yellow Pages Des Moines trade listings,2026-10-01
Yellowstone Trucking,directory,https://www.yellowpages.com/des-moines-ia/,Yellow Pages Des Moines trade listings,2026-10-01
Jwk Enterprises,directory,https://www.yellowpages.com/des-moines-ia/,Yellow Pages Des Moines trade listings,2026-10-01
Gti,directory,https://www.yellowpages.com/des-moines-ia/,Yellow Pages Des Moines trade listings,2026-10-01
Sana Trans Inc,directory,https://www.yellowpages.com/des-moines-ia/,Yellow Pages Des Moines trade listings,2026-10-01
Sam Corp,directory,https://www.yellowpages.com/des-moines-ia/,Yellow Pages Des Moines trade listings,2026-10-01
Iowa Tanklines Inc,directory,https://www.yellowpages.com/des-moines-ia/,Yellow Pages Des Moines trade listings,2026-10-01
Hogrefe Trucking,directory,https://www.yellowpages.com/des-moines-ia/,Yellow Pages Des Moines trade listings,2026-10-01
Gti Usa,directory,https://www.yellowpages.com/des-moines-ia/,Yellow Pages Des Moines trade listings,2026-10-01
Fountain Transport Services,directory,https://www.yellowpages.com/des-moines-ia/,Yellow Pages Des Moines trade listings,2026-10-01
Crst Dedicated Services,directory,https://www.yellowpages.com/des-moines-ia/,Yellow Pages Des Moines trade listings,2026-10-01
Yrc,directory,https://www.yellowpages.com/des-moines-ia/,Yellow Pages Des Moines trade listings,2026-10-01
Ada Tracking,directory,https://www.yellowpages.com/des-moines-ia/,Yellow Pages Des Moines trade listings,2026-10-01
C & A Transportation & Logistics Inc,directory,https://www.yellowpages.com/des-moines-ia/,Yellow Pages Des Moines trade listings,2026-10-01
"Worldwide Integrated Supply Chain Solutions, Inc",directory,https://www.yellowpages.com/des-moines-ia/,Yellow Pages Des Moines trade listings,2026-10-01
C.H. Robinson,directory,https://www.yellowpages.com/des-moines-ia/,Yellow Pages Des Moines trade listings,2026-10-01
M&C Choco Trucking,directory,https://www.yellowpages.com/des-moines-ia/,Yellow Pages Des Moines trade listings,2026-10-01
Fleck Larry & Son Trucking,directory,https://www.yellowpages.com/des-moines-ia/,Yellow Pages Des Moines trade listings,2026-10-01
D Transportation LLC,directory,https://www.yellowpages.com/des-moines-ia/,Yellow Pages Des Moines trade listings,2026-10-01
Transport D & M Couriers,directory,https://www.yellowpages.com/des-moines-ia/,Yellow Pages Des Moines trade listings,2026-10-01
Nationwide Electronics Carrier,directory,https://www.yellowpages.com/des-moines-ia/,Yellow Pages Des Moines trade listings,2026-10-01
ABF Freight System,directory,https://www.yellowpages.com/des-moines-ia/,Yellow Pages Des Moines trade listings,2026-10-01
Miller Trucking,directory,https://www.yellowpages.com/des-moines-ia/,Yellow Pages Des Moines trade listings,2026-10-01
J Pettiecord Inc,directory,https://www.yellowpages.com/des-moines-ia/,Yellow Pages Des Moines trade listings,2026-10-01
Alan Ritchey Inc,directory,https://www.yellowpages.com/des-moines-ia/,Yellow Pages Des Moines trade listings,2026-10-01
Orr Trucking Inc,directory,https://www.yellowpages.com/des-moines-ia/,Yellow Pages Des Moines trade listings,2026-10-01
Harris Trucking,directory,https://www.yellowpages.com/des-moines-ia/,Yellow Pages Des Moines trade listings,2026-10-01
Transport Permits-Des Moines,directory,https://www.yellowpages.com/des-moines-ia/,Yellow Pages Des Moines trade listings,2026-10-01
S & S Transport,directory,https://www.yellowpages.com/des-moines-ia/,Yellow Pages Des Moines trade listings,2026-10-01
Des Moines Truck Brokers Inc,directory,https://www.yellowpages.com/des-moines-ia/,Yellow Pages Des Moines trade listings,2026-10-01
Roto-Rooter,directory,https://www.yellowpages.com/des-moines-ia/,Yellow Pages Des Moines trade listings,2026-10-01
Roto-Rooter,directory,https://www.yellowpages.com/des-moines-ia/,Yellow Pages Des Moines trade listings,2026-10-01
MacPro Restore Cleaning & Restoration,directory,https://www.yellowpages.com/des-moines-ia/,Yellow Pages Des Moines trade listings,2026-10-01
Zerorez,directory,https://www.yellowpages.com/des-moines-ia/,Yellow Pages Des Moines trade listings,2026-10-01
H2O Purify,directory,https://www.yellowpages.com/des-moines-ia/,Yellow Pages Des Moines trade listings,2026-10-01
Renaissance Restoration,directory,https://www.yellowpages.com/des-moines-ia/,Yellow Pages Des Moines trade listings,2026-10-01
Double D Construction/Handyman,directory,https://www.yellowpages.com/des-moines-ia/,Yellow Pages Des Moines trade listings,2026-10-01
SERVPRO of Des Moines SW,directory,https://www.yellowpages.com/des-moines-ia/,Yellow Pages Des Moines trade listings,2026-10-01
Kendra's Remediation,directory,https://www.yellowpages.com/des-moines-ia/,Yellow Pages Des Moines trade listings,2026-10-01
1-800-Packouts of Greater Iowa,directory,https://www.yellowpages.com/des-moines-ia/,Yellow Pages Des Moines trade listings,2026-10-01
ServiceMaster BioClean,directory,https://www.yellowpages.com/des-moines-ia/,Yellow Pages Des Moines trade listings,2026-10-01
FIRST ONSITE Property Restoration,directory,https://www.yellowpages.com/des-moines-ia/,Yellow Pages Des Moines trade listings,2026-10-01
Cleaning Connection,directory,https://www.yellowpages.com/des-moines-ia/,Yellow Pages Des Moines trade listings,2026-10-01
Cross Carpet Cleaning,directory,https://www.yellowpages.com/des-moines-ia/,Yellow Pages Des Moines trade listings,2026-10-01
On the Spot Cleaning,directory,https://www.yellowpages.com/des-moines-ia/,Yellow Pages Des Moines trade listings,2026-10-01
Macpro restore,directory,https://www.yellowpages.com/des-moines-ia/,Yellow Pages Des Moines trade listings,2026-10-01
Maxx Restoration,directory,https://www.yellowpages.com/des-moines-ia/,Yellow Pages Des Moines trade listings,2026-10-01
Foundation Recovery Systems Des Moines,directory,https://www.yellowpages.com/des-moines-ia/,Yellow Pages Des Moines trade listings,2026-10-01
All Dry Services of Des Moines,directory,https://www.yellowpages.com/des-moines-ia/,Yellow Pages Des Moines trade listings,2026-10-01
1-800-Board-Up of Grimes,directory,https://www.yellowpages.com/des-moines-ia/,Yellow Pages Des Moines trade listings,2026-10-01
Pro Dry-Emergency Water,directory,https://www.yellowpages.com/des-moines-ia/,Yellow Pages Des Moines trade listings,2026-10-01
Puro Clean,directory,https://www.yellowpages.com/des-moines-ia/,Yellow Pages Des Moines trade listings,2026-10-01
Aller Free Cleaning Systems,directory,https://www.yellowpages.com/des-moines-ia/,Yellow Pages Des Moines trade listings,2026-10-01
Restore 24/7,directory,https://www.yellowpages.com/des-moines-ia/,Yellow Pages Des Moines trade listings,2026-10-01
Radiance Restoration,directory,https://www.yellowpages.com/des-moines-ia/,Yellow Pages Des Moines trade listings,2026-10-01
Five One Five Restoration,directory,https://www.yellowpages.com/des-moines-ia/,Yellow Pages Des Moines trade listings,2026-10-01
Roto-Rooter,directory,https://www.yellowpages.com/des-moines-ia/,Yellow Pages Des Moines trade listings,2026-10-01
Roto-Rooter,directory,https://www.yellowpages.com/des-moines-ia/,Yellow Pages Des Moines trade listings,2026-10-01
O'Leary Enterprises L.L.C.,directory,https://www.yellowpages.com/des-moines-ia/,Yellow Pages Des Moines trade listings,2026-10-01
First Call Construction,directory,https://www.yellowpages.com/des-moines-ia/,Yellow Pages Des Moines trade listings,2026-10-01
ProRestore DKI,directory,https://www.yellowpages.com/des-moines-ia/,Yellow Pages Des Moines trade listings,2026-10-01
Wilson Carpet & Air Duct Cleaning,directory,https://www.yellowpages.com/des-moines-ia/,Yellow Pages Des Moines trade listings,2026-10-01
Helitech Waterproofing & Foundation Repair,directory,https://www.yellowpages.com/des-moines-ia/,Yellow Pages Des Moines trade listings,2026-10-01
United Services Restoration & Remodeling,directory,https://www.yellowpages.com/des-moines-ia/,Yellow Pages Des Moines trade listings,2026-10-01
Stanley Steemer,directory,https://www.yellowpages.com/des-moines-ia/,Yellow Pages Des Moines trade listings,2026-10-01
First Class Restoration,directory,https://www.yellowpages.com/des-moines-ia/,Yellow Pages Des Moines trade listings,2026-10-01
Carpet PRO Cleaning and Restoration,directory,https://www.yellowpages.com/des-moines-ia/,Yellow Pages Des Moines trade listings,2026-10-01
Pro Cleaning Services,directory,https://www.yellowpages.com/des-moines-ia/,Yellow Pages Des Moines trade listings,2026-10-01
ServiceMaster by Rice,directory,https://www.yellowpages.com/des-moines-ia/,Yellow Pages Des Moines trade listings,2026-10-01
Plumbing Service In Alleman IA,directory,https://www.yellowpages.com/des-moines-ia/,Yellow Pages Des Moines trade listings,2026-10-01
SERVPRO of Altoona,directory,https://www.yellowpages.com/des-moines-ia/,Yellow Pages Des Moines trade listings,2026-10-01
911 Restoration of Des Moines,directory,https://www.yellowpages.com/des-moines-ia/,Yellow Pages Des Moines trade listings,2026-10-01
911 Restoration of Des Moines,directory,https://www.yellowpages.com/des-moines-ia/,Yellow Pages Des Moines trade listings,2026-10-01
Service Restoration,directory,https://www.yellowpages.com/des-moines-ia/,Yellow Pages Des Moines trade listings,2026-10-01
Rainbow International Restoration,directory,https://www.yellowpages.com/des-moines-ia/,Yellow Pages Des Moines trade listings,2026-10-01
Basement Systems Inc,directory,https://www.yellowpages.com/des-moines-ia/,Yellow Pages Des Moines trade listings,2026-10-01
JLB Basement Waterproofing & Foundation Repair,directory,https://www.yellowpages.com/des-moines-ia/,Yellow Pages Des Moines trade listings,2026-10-01
Dry Duck Basement Waterproofing,directory,https://www.yellowpages.com/des-moines-ia/,Yellow Pages Des Moines trade listings,2026-10-01
Alamos Basement,directory,https://www.yellowpages.com/des-moines-ia/,Yellow Pages Des Moines trade listings,2026-10-01
B.a.m ! Basements and Masons,directory,https://www.yellowpages.com/des-moines-ia/,Yellow Pages Des Moines trade listings,2026-10-01
Basement Walls,directory,https://www.yellowpages.com/des-moines-ia/,Yellow Pages Des Moines trade listings,2026-10-01
Basement Authority,directory,https://www.yellowpages.com/des-moines-ia/,Yellow Pages Des Moines trade listings,2026-10-01
Iowa Home Restoration & Repair,directory,https://www.yellowpages.com/des-moines-ia/,Yellow Pages Des Moines trade listings,2026-10-01
American Perfection Basement Waterproofing,directory,https://www.yellowpages.com/des-moines-ia/,Yellow Pages Des Moines trade listings,2026-10-01
Jon's Dry Basement Foundation Repair,directory,https://www.yellowpages.com/des-moines-ia/,Yellow Pages Des Moines trade listings,2026-10-01
A & H Home Improvement,directory,https://www.yellowpages.com/des-moines-ia/,Yellow Pages Des Moines trade listings,2026-10-01
Western Waterproofing Co Inc,directory,https://www.yellowpages.com/des-moines-ia/,Yellow Pages Des Moines trade listings,2026-10-01
HELITECH Des Moines,directory,https://www.yellowpages.com/des-moines-ia/,Yellow Pages Des Moines trade listings,2026-10-01
Iowa Basement Professionals,directory,https://www.yellowpages.com/des-moines-ia/,Yellow Pages Des Moines trade listings,2026-10-01
Standard Water Control Systems of Iowa Inc,directory,https://www.yellowpages.com/des-moines-ia/,Yellow Pages Des Moines trade listings,2026-10-01
All Basements & More,directory,https://www.yellowpages.com/des-moines-ia/,Yellow Pages Des Moines trade listings,2026-10-01
All Dry of Iowa Inc,directory,https://www.yellowpages.com/des-moines-ia/,Yellow Pages Des Moines trade listings,2026-10-01
Standard Water Control Systems of Iowa Inc,directory,https://www.yellowpages.com/des-moines-ia/,Yellow Pages Des Moines trade listings,2026-10-01
Acculevel,directory,https://www.yellowpages.com/des-moines-ia/,Yellow Pages Des Moines trade listings,2026-10-01
Barrier Waterproofing Systems,directory,https://www.yellowpages.com/des-moines-ia/,Yellow Pages Des Moines trade listings,2026-10-01
MidWest Basement Systems Inc,directory,https://www.yellowpages.com/des-moines-ia/,Yellow Pages Des Moines trade listings,2026-10-01
"Peerless Compaction Grouting, Inc. dba Uretek ICR Heartland",directory,https://www.yellowpages.com/des-moines-ia/,Yellow Pages Des Moines trade listings,2026-10-01
Thrasher Foundation Repair,directory,https://www.yellowpages.com/des-moines-ia/,Yellow Pages Des Moines trade listings,2026-10-01
Helitech Waterproofing & Foundation Repair,directory,https://www.yellowpages.com/des-moines-ia/,Yellow Pages Des Moines trade listings,2026-10-01
Foundation Recovery Systems Des Moines,directory,https://www.yellowpages.com/des-moines-ia/,Yellow Pages Des Moines trade listings,2026-10-01
Foundation Recovery Systems,directory,https://www.yellowpages.com/des-moines-ia/,Yellow Pages Des Moines trade listings,2026-10-01
Western Specialty Contractors,directory,https://www.yellowpages.com/des-moines-ia/,Yellow Pages Des Moines trade listings,2026-10-01
Ryse Contracting,directory,https://www.yellowpages.com/des-moines-ia/,Yellow Pages Des Moines trade listings,2026-10-01
Perfect T Construction,directory,https://www.yellowpages.com/des-moines-ia/,Yellow Pages Des Moines trade listings,2026-10-01
Wood's Waterproofing & Restoration,directory,https://www.yellowpages.com/des-moines-ia/,Yellow Pages Des Moines trade listings,2026-10-01
Basement Replacement Experts,directory,https://www.yellowpages.com/des-moines-ia/,Yellow Pages Des Moines trade listings,2026-10-01
DBI Foundation Repair,directory,https://www.yellowpages.com/des-moines-ia/,Yellow Pages Des Moines trade listings,2026-10-01
Duke Millwright & Portable WLD,directory,https://www.yellowpages.com/des-moines-ia/,Yellow Pages Des Moines trade listings,2026-10-01
Des Moines Portable Welding,directory,https://www.yellowpages.com/des-moines-ia/,Yellow Pages Des Moines trade listings,2026-10-01
Des Moines Portable Welding,directory,https://www.yellowpages.com/des-moines-ia/,Yellow Pages Des Moines trade listings,2026-10-01
Atomic Roll-Off,directory,https://www.yellowpages.com/des-moines-ia/,Yellow Pages Des Moines trade listings,2026-10-01
Werts Welding & Tank Service Inc,directory,https://www.yellowpages.com/des-moines-ia/,Yellow Pages Des Moines trade listings,2026-10-01
Quality Welding,directory,https://www.yellowpages.com/des-moines-ia/,Yellow Pages Des Moines trade listings,2026-10-01
Arcsource Midwest Inc,directory,https://www.yellowpages.com/des-moines-ia/,Yellow Pages Des Moines trade listings,2026-10-01
Lacina's Portable Welding,directory,https://www.yellowpages.com/des-moines-ia/,Yellow Pages Des Moines trade listings,2026-10-01
Eldridge Welding & Machine Co,directory,https://www.yellowpages.com/des-moines-ia/,Yellow Pages Des Moines trade listings,2026-10-01
The Iron Works LTD.,directory,https://www.yellowpages.com/des-moines-ia/,Yellow Pages Des Moines trade listings,2026-10-01
Tink's Hitch Service,directory,https://www.yellowpages.com/des-moines-ia/,Yellow Pages Des Moines trade listings,2026-10-01
"Engine Rebuilders, Inc",directory,https://www.yellowpages.com/des-moines-ia/,Yellow Pages Des Moines trade listings,2026-10-01
Eagle Iron Works,directory,https://www.yellowpages.com/des-moines-ia/,Yellow Pages Des Moines trade listings,2026-10-01
Lister Industries,directory,https://www.yellowpages.com/des-moines-ia/,Yellow Pages Des Moines trade listings,2026-10-01
JP Welding,directory,https://www.yellowpages.com/des-moines-ia/,Yellow Pages Des Moines trade listings,2026-10-01
Duke Millwright & Portable Welding Service,directory,https://www.yellowpages.com/des-moines-ia/,Yellow Pages Des Moines trade listings,2026-10-01
A & A Truck & Trailer Repair,directory,https://www.yellowpages.com/des-moines-ia/,Yellow Pages Des Moines trade listings,2026-10-01
Frontier Fabrication Mobile Welding,directory,https://www.yellowpages.com/des-moines-ia/,Yellow Pages Des Moines trade listings,2026-10-01
Village Blacksmith,directory,https://www.yellowpages.com/des-moines-ia/,Yellow Pages Des Moines trade listings,2026-10-01
Iowa Elevator Systems & Service Inc,directory,https://www.yellowpages.com/des-moines-ia/,Yellow Pages Des Moines trade listings,2026-10-01
J D Welding & Machine,directory,https://www.yellowpages.com/des-moines-ia/,Yellow Pages Des Moines trade listings,2026-10-01
Stephens Mobile Welding Services,directory,https://www.yellowpages.com/des-moines-ia/,Yellow Pages Des Moines trade listings,2026-10-01
Metal Tech,directory,https://www.yellowpages.com/des-moines-ia/,Yellow Pages Des Moines trade listings,2026-10-01
Pierce Brothers Repair,directory,https://www.yellowpages.com/des-moines-ia/,Yellow Pages Des Moines trade listings,2026-10-01
McMahan Industrial Services,directory,https://www.yellowpages.com/des-moines-ia/,Yellow Pages Des Moines trade listings,2026-10-01
Jp Welding,directory,https://www.yellowpages.com/des-moines-ia/,Yellow Pages Des Moines trade listings,2026-10-01
Metal Masters,directory,https://www.yellowpages.com/des-moines-ia/,Yellow Pages Des Moines trade listings,2026-10-01
J D Welding & Machine,directory,https://www.yellowpages.com/des-moines-ia/,Yellow Pages Des Moines trade listings,2026-10-01
Kluesner's Portable Welding,directory,https://www.yellowpages.com/des-moines-ia/,Yellow Pages Des Moines trade listings,2026-10-01
Ackelson Sheet Metal Inc,directory,https://www.yellowpages.com/des-moines-ia/,Yellow Pages Des Moines trade listings,2026-10-01
Linde Gas & Equipment,directory,https://www.yellowpages.com/des-moines-ia/,Yellow Pages Des Moines trade listings,2026-10-01
Auto Industrial Machine Service Inc,directory,https://www.yellowpages.com/des-moines-ia/,Yellow Pages Des Moines trade listings,2026-10-01
Ericson Auto,directory,https://www.yellowpages.com/des-moines-ia/,Yellow Pages Des Moines trade listings,2026-10-01
Isiserettes Drill and Drone Corp,directory,https://www.yellowpages.com/des-moines-ia/,Yellow Pages Des Moines trade listings,2026-10-01
Thorpe Water Development Co,directory,https://www.yellowpages.com/des-moines-ia/,Yellow Pages Des Moines trade listings,2026-10-01
The Wellness Way-West Des Moines,directory,https://www.yellowpages.com/des-moines-ia/,Yellow Pages Des Moines trade listings,2026-10-01
Iowa Water Well Association,directory,https://www.yellowpages.com/des-moines-ia/,Yellow Pages Des Moines trade listings,2026-10-01
Drilling R F and DOT,directory,https://www.yellowpages.com/des-moines-ia/,Yellow Pages Des Moines trade listings,2026-10-01
Sherman Company Clive,directory,https://www.yellowpages.com/des-moines-ia/,Yellow Pages Des Moines trade listings,2026-10-01
Iowa Geothermal Svc,directory,https://www.yellowpages.com/des-moines-ia/,Yellow Pages Des Moines trade listings,2026-10-01
McNair Geothermal Well Drilling,directory,https://www.yellowpages.com/des-moines-ia/,Yellow Pages Des Moines trade listings,2026-10-01
Haverkamp Group,directory,https://www.businessrecord.com/haverkamp-group-breaks-ground-on-387-unit-residential-community-in-ankeny/,Haverkamp Group breaks ground on 387-unit residential community in Ankeny,2026-10-01
SJC Construction,directory,https://www.businessrecord.com/warm-fuzzy-childhood-memories-inspire-builders-waukee-village-district-development/,"Warm, fuzzy childhood memories inspire builder's Waukee Village District development",2026-10-01
Story Construction,directory,https://www.businessrecord.com/story-construction-acquires-sioux-city-based-ll-builders/,Story Construction acquires Sioux City-based L&L Builders,2026-10-01
Swan Creek Cabinetry,directory,https://www.businessrecord.com/merit-management-group-acquires-two-central-iowa-companies/,Merit Management Group acquires two Central Iowa companies,2026-10-01
Strahan Construction,directory,https://www.businessrecord.com/notable-transactions-july-22-2026/,"NOTABLE TRANSACTIONS: July 22, 2026",2026-10-01
Romare Homes II LLC,directory,https://www.businessrecord.com/notable-transactions-areas-top-commercial-residential-property-deals-041526/,"NOTABLE TRANSACTIONS: Area's top commercial, residential property deals",2026-10-01
Genesis Homes Inc.,directory,https://www.businessrecord.com/notable-transactions-july-22-2026/,"NOTABLE TRANSACTIONS: July 22, 2026",2026-10-01
Prairieland Homes,directory,https://www.businessrecord.com/notable-transactions-areas-top-commercial-residential-property-sales-for-april-22-2026/,"NOTABLE TRANSACTIONS: Area's top commercial, residential property sales for April 22, 2026",2026-10-01
Bella Homes of Iowa,directory,https://www.businessrecord.com/construction-to-begin-on-120-acre-mixed-use-huxley-development-this-spring/,Construction to begin on 120-acre mixed-use Huxley development this spring,2026-10-01
Next Phase Development LLC,directory,https://www.businessrecord.com/notable-transactions-next-phase-development-acquires-land-in-southwest-des-moines-plans-to-build-multi-tenant-high-bay-warehouse-project/,"NOTABLE TRANSACTIONS: Next Phase Development acquires land in southwest Des Moines, plans to build multi-tenant, high-bay warehouse project",2026-10-01
Walk Your Plans,directory,https://www.businessrecord.com/grimes-companys-technology-helps-find-design-changes-before-construction-begins/,Grimes company's technology helps find design changes before construction begins,2026-10-01
Diligent Development,directory,https://www.businessrecord.com/central-iowa-builders-involved-in-35-9m-rural-workforce-housing-tax-credits-program/,Central Iowa builders involved in $35.9M rural workforce housing tax credits program,2026-10-01
Origin Homes,directory,https://www.businessrecord.com/origin-homes-expanding-its-rural-housing-program/,Origin Homes expanding its rural housing program,2026-10-01
